Rule ID,File,Line,Severity,Message
misra-c2023-21.1,/Users/stefan/.openclaw/workspace/yuleDKCS/tests/qemu_m33/include/string.h,5,style,misra violation (use --rule-texts=<file> to get proper output) [misra-c2012-21.1]
misra-c2023-21.2,/Users/stefan/.openclaw/workspace/yuleDKCS/tests/qemu_m33/include/string.h,9,style,misra violation (use --rule-texts=<file> to get proper output) [misra-c2012-21.2]
misra-c2023-21.2,/Users/stefan/.openclaw/workspace/yuleDKCS/tests/qemu_m33/include/string.h,10,style,misra violation (use --rule-texts=<file> to get proper output) [misra-c2012-21.2]
misra-c2023-21.2,/Users/stefan/.openclaw/workspace/yuleDKCS/tests/qemu_m33/include/string.h,11,style,misra violation (use --rule-texts=<file> to get proper output) [misra-c2012-21.2]
misra-c2023-21.2,/Users/stefan/.openclaw/workspace/yuleDKCS/tests/qemu_m33/include/string.h,12,style,misra violation (use --rule-texts=<file> to get proper output) [misra-c2012-21.2]
misra-c2023-21.2,/Users/stefan/.openclaw/workspace/yuleDKCS/tests/qemu_m33/include/string.h,13,style,misra violation (use --rule-texts=<file> to get proper output) [misra-c2012-21.2]
misra-c2023-21.2,/Users/stefan/.openclaw/workspace/yuleDKCS/tests/qemu_m33/include/string.h,14,style,misra violation (use --rule-texts=<file> to get proper output) [misra-c2012-21.2]
misra-c2023-21.1,/Users/stefan/.openclaw/workspace/yuleDKCS/tests/qemu_m33/include/stdlib.h,5,style,misra violation (use --rule-texts=<file> to get proper output) [misra-c2012-21.1]
misra-c2023-21.2,/Users/stefan/.openclaw/workspace/yuleDKCS/tests/qemu_m33/include/stdlib.h,13,style,misra violation (use --rule-texts=<file> to get proper output) [misra-c2012-21.2]
misra-c2023-21.2,/Users/stefan/.openclaw/workspace/yuleDKCS/tests/qemu_m33/include/stdlib.h,14,style,misra violation (use --rule-texts=<file> to get proper output) [misra-c2012-21.2]
misra-c2023-21.2,/Users/stefan/.openclaw/workspace/yuleDKCS/tests/qemu_m33/include/stdlib.h,15,style,misra violation (use --rule-texts=<file> to get proper output) [misra-c2012-21.2]
misra-c2023-20.7,/Users/stefan/.openclaw/workspace/yuleDKCS/embedded/bsw_integration/include/Compiler.h,25,style,misra violation (use --rule-texts=<file> to get proper output) [misra-c2012-20.7]
misra-c2023-20.7,/Users/stefan/.openclaw/workspace/yuleDKCS/embedded/bsw_integration/include/Compiler.h,28,style,misra violation (use --rule-texts=<file> to get proper output) [misra-c2012-20.7]
misra-c2023-20.7,/Users/stefan/.openclaw/workspace/yuleDKCS/embedded/bsw_integration/include/Compiler.h,31,style,misra violation (use --rule-texts=<file> to get proper output) [misra-c2012-20.7]
misra-c2023-21.1,/Users/stefan/.openclaw/workspace/yuleDKCS/embedded/mcal_stubs/include/Adc.h,6,style,misra violation (use --rule-texts=<file> to get proper output) [misra-c2012-21.1]
misra-c2023-21.1,/Users/stefan/.openclaw/workspace/yuleDKCS/embedded/mcal_stubs/include/Dio.h,6,style,misra violation (use --rule-texts=<file> to get proper output) [misra-c2012-21.1]
misra-c2023-21.1,/Users/stefan/.openclaw/workspace/yuleDKCS/embedded/mcal_stubs/include/Gpt.h,6,style,misra violation (use --rule-texts=<file> to get proper output) [misra-c2012-21.1]
misra-c2023-21.1,/Users/stefan/.openclaw/workspace/yuleDKCS/embedded/mcal_stubs/include/Mcu.h,6,style,misra violation (use --rule-texts=<file> to get proper output) [misra-c2012-21.1]
misra-c2023-21.1,/Users/stefan/.openclaw/workspace/yuleDKCS/embedded/mcal_stubs/include/Mcu_Cfg.h,6,style,misra violation (use --rule-texts=<file> to get proper output) [misra-c2012-21.1]
misra-c2023-21.1,/Users/stefan/.openclaw/workspace/yuleDKCS/embedded/mcal_stubs/include/Port.h,6,style,misra violation (use --rule-texts=<file> to get proper output) [misra-c2012-21.1]
misra-c2023-21.1,/Users/stefan/.openclaw/workspace/yuleDKCS/embedded/mcal_stubs/include/Pwm.h,6,style,misra violation (use --rule-texts=<file> to get proper output) [misra-c2012-21.1]
misra-c2023-21.1,/Users/stefan/.openclaw/workspace/yuleDKCS/embedded/mcal_stubs/include/Wdg.h,6,style,misra violation (use --rule-texts=<file> to get proper output) [misra-c2012-21.1]
misra-c2023-5.5,/Users/stefan/.openclaw/workspace/yuleDKCS/tests/qemu_m33/third_party/FreeRTOS-Kernel/include/list.h,151,style,misra violation (use --rule-texts=<file> to get proper output) [misra-c2012-5.5]
misra-c2023-8.2,/Users/stefan/.openclaw/workspace/yuleDKCS/embedded/freertos_port/include/portmacro.h,54,style,misra violation (use --rule-texts=<file> to get proper output) [misra-c2012-8.2]
misra-c2023-19.2,/Users/stefan/.openclaw/workspace/yuleDKCS/tests/qemu_m33/third_party/FreeRTOS-Kernel/include/FreeRTOS.h,3246,style,misra violation (use --rule-texts=<file> to get proper output) [misra-c2012-19.2]
misra-c2023-19.2,/Users/stefan/.openclaw/workspace/yuleDKCS/tests/qemu_m33/third_party/FreeRTOS-Kernel/include/FreeRTOS.h,3250,style,misra violation (use --rule-texts=<file> to get proper output) [misra-c2012-19.2]
misra-c2023-20.1,/Users/stefan/.openclaw/workspace/yuleDKCS/embedded/freertos_port/include/portmacro.h,113,style,misra violation (use --rule-texts=<file> to get proper output) [misra-c2012-20.1]
misra-c2023-20.2,/Users/stefan/.openclaw/workspace/yuleDKCS/tests/qemu_m33/third_party/FreeRTOS-Kernel/include/deprecated_definitions.h,43,style,misra violation (use --rule-texts=<file> to get proper output) [misra-c2012-20.2]
misra-c2023-20.2,/Users/stefan/.openclaw/workspace/yuleDKCS/tests/qemu_m33/third_party/FreeRTOS-Kernel/include/deprecated_definitions.h,48,style,misra violation (use --rule-texts=<file> to get proper output) [misra-c2012-20.2]
misra-c2023-20.2,/Users/stefan/.openclaw/workspace/yuleDKCS/tests/qemu_m33/third_party/FreeRTOS-Kernel/include/deprecated_definitions.h,97,style,misra violation (use --rule-texts=<file> to get proper output) [misra-c2012-20.2]
misra-c2023-20.2,/Users/stefan/.openclaw/workspace/yuleDKCS/tests/qemu_m33/third_party/FreeRTOS-Kernel/include/deprecated_definitions.h,109,style,misra violation (use --rule-texts=<file> to get proper output) [misra-c2012-20.2]
misra-c2023-20.2,/Users/stefan/.openclaw/workspace/yuleDKCS/tests/qemu_m33/third_party/FreeRTOS-Kernel/include/deprecated_definitions.h,117,style,misra violation (use --rule-texts=<file> to get proper output) [misra-c2012-20.2]
misra-c2023-20.2,/Users/stefan/.openclaw/workspace/yuleDKCS/tests/qemu_m33/third_party/FreeRTOS-Kernel/include/deprecated_definitions.h,121,style,misra violation (use --rule-texts=<file> to get proper output) [misra-c2012-20.2]
misra-c2023-20.2,/Users/stefan/.openclaw/workspace/yuleDKCS/tests/qemu_m33/third_party/FreeRTOS-Kernel/include/deprecated_definitions.h,125,style,misra violation (use --rule-texts=<file> to get proper output) [misra-c2012-20.2]
misra-c2023-20.2,/Users/stefan/.openclaw/workspace/yuleDKCS/tests/qemu_m33/third_party/FreeRTOS-Kernel/include/deprecated_definitions.h,129,style,misra violation (use --rule-texts=<file> to get proper output) [misra-c2012-20.2]
misra-c2023-20.2,/Users/stefan/.openclaw/workspace/yuleDKCS/tests/qemu_m33/third_party/FreeRTOS-Kernel/include/deprecated_definitions.h,133,style,misra violation (use --rule-texts=<file> to get proper output) [misra-c2012-20.2]
misra-c2023-20.2,/Users/stefan/.openclaw/workspace/yuleDKCS/tests/qemu_m33/third_party/FreeRTOS-Kernel/include/deprecated_definitions.h,137,style,misra violation (use --rule-texts=<file> to get proper output) [misra-c2012-20.2]
misra-c2023-20.2,/Users/stefan/.openclaw/workspace/yuleDKCS/tests/qemu_m33/third_party/FreeRTOS-Kernel/include/deprecated_definitions.h,141,style,misra violation (use --rule-texts=<file> to get proper output) [misra-c2012-20.2]
misra-c2023-20.2,/Users/stefan/.openclaw/workspace/yuleDKCS/tests/qemu_m33/third_party/FreeRTOS-Kernel/include/deprecated_definitions.h,181,style,misra violation (use --rule-texts=<file> to get proper output) [misra-c2012-20.2]
misra-c2023-20.2,/Users/stefan/.openclaw/workspace/yuleDKCS/tests/qemu_m33/third_party/FreeRTOS-Kernel/include/deprecated_definitions.h,209,style,misra violation (use --rule-texts=<file> to get proper output) [misra-c2012-20.2]
misra-c2023-20.2,/Users/stefan/.openclaw/workspace/yuleDKCS/tests/qemu_m33/third_party/FreeRTOS-Kernel/include/deprecated_definitions.h,217,style,misra violation (use --rule-texts=<file> to get proper output) [misra-c2012-20.2]
misra-c2023-20.2,/Users/stefan/.openclaw/workspace/yuleDKCS/tests/qemu_m33/third_party/FreeRTOS-Kernel/include/deprecated_definitions.h,226,style,misra violation (use --rule-texts=<file> to get proper output) [misra-c2012-20.2]
misra-c2023-20.7,/Users/stefan/.openclaw/workspace/yuleDKCS/embedded/freertos_port/include/portmacro.h,96,style,misra violation (use --rule-texts=<file> to get proper output) [misra-c2012-20.7]
misra-c2023-20.7,/Users/stefan/.openclaw/workspace/yuleDKCS/embedded/freertos_port/include/portmacro.h,107,style,misra violation (use --rule-texts=<file> to get proper output) [misra-c2012-20.7]
misra-c2023-20.7,/Users/stefan/.openclaw/workspace/yuleDKCS/embedded/freertos_port/include/portmacro.h,108,style,misra violation (use --rule-texts=<file> to get proper output) [misra-c2012-20.7]
misra-c2023-20.7,/Users/stefan/.openclaw/workspace/yuleDKCS/tests/qemu_m33/third_party/FreeRTOS-Kernel/include/picolibc-freertos.h,66,style,misra violation (use --rule-texts=<file> to get proper output) [misra-c2012-20.7]
misra-c2023-20.7,/Users/stefan/.openclaw/workspace/yuleDKCS/tests/qemu_m33/third_party/FreeRTOS-Kernel/include/picolibc-freertos.h,76,style,misra violation (use --rule-texts=<file> to get proper output) [misra-c2012-20.7]
misra-c2023-20.5,/Users/stefan/.openclaw/workspace/yuleDKCS/embedded/bsw_integration/include/MemMap.h,34,style,misra violation (use --rule-texts=<file> to get proper output) [misra-c2012-20.5]
misra-c2023-20.5,/Users/stefan/.openclaw/workspace/yuleDKCS/embedded/bsw_integration/include/MemMap.h,39,style,misra violation (use --rule-texts=<file> to get proper output) [misra-c2012-20.5]
misra-c2023-20.5,/Users/stefan/.openclaw/workspace/yuleDKCS/embedded/bsw_integration/include/MemMap.h,40,style,misra violation (use --rule-texts=<file> to get proper output) [misra-c2012-20.5]
misra-c2023-20.5,/Users/stefan/.openclaw/workspace/yuleDKCS/embedded/bsw_integration/include/MemMap.h,41,style,misra violation (use --rule-texts=<file> to get proper output) [misra-c2012-20.5]
misra-c2023-20.5,/Users/stefan/.openclaw/workspace/yuleDKCS/embedded/bsw_integration/include/MemMap.h,44,style,misra violation (use --rule-texts=<file> to get proper output) [misra-c2012-20.5]
misra-c2023-20.5,/Users/stefan/.openclaw/workspace/yuleDKCS/embedded/bsw_integration/include/MemMap.h,49,style,misra violation (use --rule-texts=<file> to get proper output) [misra-c2012-20.5]
misra-c2023-20.5,/Users/stefan/.openclaw/workspace/yuleDKCS/embedded/bsw_integration/include/MemMap.h,50,style,misra violation (use --rule-texts=<file> to get proper output) [misra-c2012-20.5]
misra-c2023-20.5,/Users/stefan/.openclaw/workspace/yuleDKCS/embedded/bsw_integration/include/MemMap.h,51,style,misra violation (use --rule-texts=<file> to get proper output) [misra-c2012-20.5]
misra-c2023-20.5,/Users/stefan/.openclaw/workspace/yuleDKCS/embedded/bsw_integration/include/MemMap.h,54,style,misra violation (use --rule-texts=<file> to get proper output) [misra-c2012-20.5]
misra-c2023-20.5,/Users/stefan/.openclaw/workspace/yuleDKCS/embedded/bsw_integration/include/MemMap.h,59,style,misra violation (use --rule-texts=<file> to get proper output) [misra-c2012-20.5]
misra-c2023-20.5,/Users/stefan/.openclaw/workspace/yuleDKCS/embedded/bsw_integration/include/MemMap.h,60,style,misra violation (use --rule-texts=<file> to get proper output) [misra-c2012-20.5]
misra-c2023-20.5,/Users/stefan/.openclaw/workspace/yuleDKCS/embedded/bsw_integration/include/MemMap.h,61,style,misra violation (use --rule-texts=<file> to get proper output) [misra-c2012-20.5]
misra-c2023-20.5,/Users/stefan/.openclaw/workspace/yuleDKCS/embedded/bsw_integration/include/MemMap.h,64,style,misra violation (use --rule-texts=<file> to get proper output) [misra-c2012-20.5]
misra-c2023-20.5,/Users/stefan/.openclaw/workspace/yuleDKCS/embedded/bsw_integration/include/MemMap.h,69,style,misra violation (use --rule-texts=<file> to get proper output) [misra-c2012-20.5]
misra-c2023-20.5,/Users/stefan/.openclaw/workspace/yuleDKCS/embedded/bsw_integration/include/MemMap.h,70,style,misra violation (use --rule-texts=<file> to get proper output) [misra-c2012-20.5]
misra-c2023-20.5,/Users/stefan/.openclaw/workspace/yuleDKCS/embedded/bsw_integration/include/MemMap.h,71,style,misra violation (use --rule-texts=<file> to get proper output) [misra-c2012-20.5]
misra-c2023-20.5,/Users/stefan/.openclaw/workspace/yuleDKCS/embedded/bsw_integration/include/MemMap.h,74,style,misra violation (use --rule-texts=<file> to get proper output) [misra-c2012-20.5]
misra-c2023-20.5,/Users/stefan/.openclaw/workspace/yuleDKCS/embedded/bsw_integration/include/MemMap.h,79,style,misra violation (use --rule-texts=<file> to get proper output) [misra-c2012-20.5]
misra-c2023-20.5,/Users/stefan/.openclaw/workspace/yuleDKCS/embedded/bsw_integration/include/MemMap.h,80,style,misra violation (use --rule-texts=<file> to get proper output) [misra-c2012-20.5]
misra-c2023-20.5,/Users/stefan/.openclaw/workspace/yuleDKCS/embedded/bsw_integration/include/MemMap.h,81,style,misra violation (use --rule-texts=<file> to get proper output) [misra-c2012-20.5]
misra-c2023-20.5,/Users/stefan/.openclaw/workspace/yuleDKCS/embedded/bsw_integration/include/MemMap.h,85,style,misra violation (use --rule-texts=<file> to get proper output) [misra-c2012-20.5]
misra-c2023-20.5,/Users/stefan/.openclaw/workspace/yuleDKCS/embedded/bsw_integration/include/MemMap.h,90,style,misra violation (use --rule-texts=<file> to get proper output) [misra-c2012-20.5]
misra-c2023-20.5,/Users/stefan/.openclaw/workspace/yuleDKCS/embedded/bsw_integration/include/MemMap.h,91,style,misra violation (use --rule-texts=<file> to get proper output) [misra-c2012-20.5]
misra-c2023-20.5,/Users/stefan/.openclaw/workspace/yuleDKCS/embedded/bsw_integration/include/MemMap.h,92,style,misra violation (use --rule-texts=<file> to get proper output) [misra-c2012-20.5]
misra-c2023-20.5,/Users/stefan/.openclaw/workspace/yuleDKCS/embedded/bsw_integration/include/MemMap.h,95,style,misra violation (use --rule-texts=<file> to get proper output) [misra-c2012-20.5]
misra-c2023-20.5,/Users/stefan/.openclaw/workspace/yuleDKCS/embedded/bsw_integration/include/MemMap.h,100,style,misra violation (use --rule-texts=<file> to get proper output) [misra-c2012-20.5]
misra-c2023-20.5,/Users/stefan/.openclaw/workspace/yuleDKCS/embedded/bsw_integration/include/MemMap.h,101,style,misra violation (use --rule-texts=<file> to get proper output) [misra-c2012-20.5]
misra-c2023-20.5,/Users/stefan/.openclaw/workspace/yuleDKCS/embedded/bsw_integration/include/MemMap.h,102,style,misra violation (use --rule-texts=<file> to get proper output) [misra-c2012-20.5]
misra-c2023-20.5,/Users/stefan/.openclaw/workspace/yuleDKCS/embedded/bsw_integration/include/MemMap.h,105,style,misra violation (use --rule-texts=<file> to get proper output) [misra-c2012-20.5]
misra-c2023-20.5,/Users/stefan/.openclaw/workspace/yuleDKCS/embedded/bsw_integration/include/MemMap.h,110,style,misra violation (use --rule-texts=<file> to get proper output) [misra-c2012-20.5]
misra-c2023-20.5,/Users/stefan/.openclaw/workspace/yuleDKCS/embedded/bsw_integration/include/MemMap.h,111,style,misra violation (use --rule-texts=<file> to get proper output) [misra-c2012-20.5]
misra-c2023-20.5,/Users/stefan/.openclaw/workspace/yuleDKCS/embedded/bsw_integration/include/MemMap.h,112,style,misra violation (use --rule-texts=<file> to get proper output) [misra-c2012-20.5]
misra-c2023-20.5,/Users/stefan/.openclaw/workspace/yuleDKCS/embedded/bsw_integration/include/MemMap.h,116,style,misra violation (use --rule-texts=<file> to get proper output) [misra-c2012-20.5]
misra-c2023-20.5,/Users/stefan/.openclaw/workspace/yuleDKCS/embedded/bsw_integration/include/MemMap.h,121,style,misra violation (use --rule-texts=<file> to get proper output) [misra-c2012-20.5]
misra-c2023-20.5,/Users/stefan/.openclaw/workspace/yuleDKCS/embedded/bsw_integration/include/MemMap.h,122,style,misra violation (use --rule-texts=<file> to get proper output) [misra-c2012-20.5]
misra-c2023-20.5,/Users/stefan/.openclaw/workspace/yuleDKCS/embedded/bsw_integration/include/MemMap.h,123,style,misra violation (use --rule-texts=<file> to get proper output) [misra-c2012-20.5]
misra-c2023-20.5,/Users/stefan/.openclaw/workspace/yuleDKCS/embedded/bsw_integration/include/MemMap.h,126,style,misra violation (use --rule-texts=<file> to get proper output) [misra-c2012-20.5]
misra-c2023-20.5,/Users/stefan/.openclaw/workspace/yuleDKCS/embedded/bsw_integration/include/MemMap.h,131,style,misra violation (use --rule-texts=<file> to get proper output) [misra-c2012-20.5]
misra-c2023-20.5,/Users/stefan/.openclaw/workspace/yuleDKCS/embedded/bsw_integration/include/MemMap.h,132,style,misra violation (use --rule-texts=<file> to get proper output) [misra-c2012-20.5]
misra-c2023-20.5,/Users/stefan/.openclaw/workspace/yuleDKCS/embedded/bsw_integration/include/MemMap.h,133,style,misra violation (use --rule-texts=<file> to get proper output) [misra-c2012-20.5]
misra-c2023-20.5,/Users/stefan/.openclaw/workspace/yuleDKCS/embedded/bsw_integration/include/MemMap.h,137,style,misra violation (use --rule-texts=<file> to get proper output) [misra-c2012-20.5]
misra-c2023-20.5,/Users/stefan/.openclaw/workspace/yuleDKCS/embedded/bsw_integration/include/MemMap.h,142,style,misra violation (use --rule-texts=<file> to get proper output) [misra-c2012-20.5]
misra-c2023-20.5,/Users/stefan/.openclaw/workspace/yuleDKCS/embedded/bsw_integration/include/MemMap.h,143,style,misra violation (use --rule-texts=<file> to get proper output) [misra-c2012-20.5]
misra-c2023-20.5,/Users/stefan/.openclaw/workspace/yuleDKCS/embedded/bsw_integration/include/MemMap.h,144,style,misra violation (use --rule-texts=<file> to get proper output) [misra-c2012-20.5]
misra-c2023-20.5,/Users/stefan/.openclaw/workspace/yuleDKCS/embedded/bsw_integration/include/MemMap.h,147,style,misra violation (use --rule-texts=<file> to get proper output) [misra-c2012-20.5]
misra-c2023-20.5,/Users/stefan/.openclaw/workspace/yuleDKCS/embedded/bsw_integration/include/MemMap.h,152,style,misra violation (use --rule-texts=<file> to get proper output) [misra-c2012-20.5]
misra-c2023-20.5,/Users/stefan/.openclaw/workspace/yuleDKCS/embedded/bsw_integration/include/MemMap.h,153,style,misra violation (use --rule-texts=<file> to get proper output) [misra-c2012-20.5]
misra-c2023-20.5,/Users/stefan/.openclaw/workspace/yuleDKCS/embedded/bsw_integration/include/MemMap.h,154,style,misra violation (use --rule-texts=<file> to get proper output) [misra-c2012-20.5]
misra-c2023-20.5,/Users/stefan/.openclaw/workspace/yuleDKCS/embedded/bsw_integration/include/MemMap.h,157,style,misra violation (use --rule-texts=<file> to get proper output) [misra-c2012-20.5]
misra-c2023-20.5,/Users/stefan/.openclaw/workspace/yuleDKCS/embedded/bsw_integration/include/MemMap.h,162,style,misra violation (use --rule-texts=<file> to get proper output) [misra-c2012-20.5]
misra-c2023-20.5,/Users/stefan/.openclaw/workspace/yuleDKCS/embedded/bsw_integration/include/MemMap.h,163,style,misra violation (use --rule-texts=<file> to get proper output) [misra-c2012-20.5]
misra-c2023-20.5,/Users/stefan/.openclaw/workspace/yuleDKCS/embedded/bsw_integration/include/MemMap.h,164,style,misra violation (use --rule-texts=<file> to get proper output) [misra-c2012-20.5]
misra-c2023-20.5,/Users/stefan/.openclaw/workspace/yuleDKCS/embedded/bsw_integration/include/MemMap.h,167,style,misra violation (use --rule-texts=<file> to get proper output) [misra-c2012-20.5]
misra-c2023-20.5,/Users/stefan/.openclaw/workspace/yuleDKCS/embedded/bsw_integration/include/MemMap.h,172,style,misra violation (use --rule-texts=<file> to get proper output) [misra-c2012-20.5]
misra-c2023-20.5,/Users/stefan/.openclaw/workspace/yuleDKCS/embedded/bsw_integration/include/MemMap.h,173,style,misra violation (use --rule-texts=<file> to get proper output) [misra-c2012-20.5]
misra-c2023-20.5,/Users/stefan/.openclaw/workspace/yuleDKCS/embedded/bsw_integration/include/MemMap.h,174,style,misra violation (use --rule-texts=<file> to get proper output) [misra-c2012-20.5]
misra-c2023-20.5,/Users/stefan/.openclaw/workspace/yuleDKCS/embedded/bsw_integration/include/MemMap.h,178,style,misra violation (use --rule-texts=<file> to get proper output) [misra-c2012-20.5]
misra-c2023-20.5,/Users/stefan/.openclaw/workspace/yuleDKCS/embedded/bsw_integration/include/MemMap.h,183,style,misra violation (use --rule-texts=<file> to get proper output) [misra-c2012-20.5]
misra-c2023-20.5,/Users/stefan/.openclaw/workspace/yuleDKCS/embedded/bsw_integration/include/MemMap.h,184,style,misra violation (use --rule-texts=<file> to get proper output) [misra-c2012-20.5]
misra-c2023-20.5,/Users/stefan/.openclaw/workspace/yuleDKCS/embedded/bsw_integration/include/MemMap.h,185,style,misra violation (use --rule-texts=<file> to get proper output) [misra-c2012-20.5]
misra-c2023-20.5,/Users/stefan/.openclaw/workspace/yuleDKCS/embedded/bsw_integration/include/MemMap.h,189,style,misra violation (use --rule-texts=<file> to get proper output) [misra-c2012-20.5]
misra-c2023-20.5,/Users/stefan/.openclaw/workspace/yuleDKCS/embedded/bsw_integration/include/MemMap.h,194,style,misra violation (use --rule-texts=<file> to get proper output) [misra-c2012-20.5]
misra-c2023-20.5,/Users/stefan/.openclaw/workspace/yuleDKCS/embedded/bsw_integration/include/MemMap.h,195,style,misra violation (use --rule-texts=<file> to get proper output) [misra-c2012-20.5]
misra-c2023-20.5,/Users/stefan/.openclaw/workspace/yuleDKCS/embedded/bsw_integration/include/MemMap.h,196,style,misra violation (use --rule-texts=<file> to get proper output) [misra-c2012-20.5]
misra-c2023-20.5,/Users/stefan/.openclaw/workspace/yuleDKCS/embedded/bsw_integration/include/MemMap.h,200,style,misra violation (use --rule-texts=<file> to get proper output) [misra-c2012-20.5]
misra-c2023-20.5,/Users/stefan/.openclaw/workspace/yuleDKCS/embedded/bsw_integration/include/MemMap.h,205,style,misra violation (use --rule-texts=<file> to get proper output) [misra-c2012-20.5]
misra-c2023-20.5,/Users/stefan/.openclaw/workspace/yuleDKCS/embedded/bsw_integration/include/MemMap.h,206,style,misra violation (use --rule-texts=<file> to get proper output) [misra-c2012-20.5]
misra-c2023-20.5,/Users/stefan/.openclaw/workspace/yuleDKCS/embedded/bsw_integration/include/MemMap.h,207,style,misra violation (use --rule-texts=<file> to get proper output) [misra-c2012-20.5]
misra-c2023-20.5,/Users/stefan/.openclaw/workspace/yuleDKCS/embedded/bsw_integration/include/MemMap.h,211,style,misra violation (use --rule-texts=<file> to get proper output) [misra-c2012-20.5]
misra-c2023-20.5,/Users/stefan/.openclaw/workspace/yuleDKCS/embedded/bsw_integration/include/MemMap.h,216,style,misra violation (use --rule-texts=<file> to get proper output) [misra-c2012-20.5]
misra-c2023-20.5,/Users/stefan/.openclaw/workspace/yuleDKCS/embedded/bsw_integration/include/MemMap.h,217,style,misra violation (use --rule-texts=<file> to get proper output) [misra-c2012-20.5]
misra-c2023-20.5,/Users/stefan/.openclaw/workspace/yuleDKCS/embedded/bsw_integration/include/MemMap.h,218,style,misra violation (use --rule-texts=<file> to get proper output) [misra-c2012-20.5]
misra-c2023-20.5,/Users/stefan/.openclaw/workspace/yuleDKCS/embedded/bsw_integration/include/MemMap.h,223,style,misra violation (use --rule-texts=<file> to get proper output) [misra-c2012-20.5]
misra-c2023-20.5,/Users/stefan/.openclaw/workspace/yuleDKCS/embedded/bsw_integration/include/MemMap.h,228,style,misra violation (use --rule-texts=<file> to get proper output) [misra-c2012-20.5]
misra-c2023-20.5,/Users/stefan/.openclaw/workspace/yuleDKCS/embedded/bsw_integration/include/MemMap.h,229,style,misra violation (use --rule-texts=<file> to get proper output) [misra-c2012-20.5]
misra-c2023-20.5,/Users/stefan/.openclaw/workspace/yuleDKCS/embedded/bsw_integration/include/MemMap.h,230,style,misra violation (use --rule-texts=<file> to get proper output) [misra-c2012-20.5]
misra-c2023-20.5,/Users/stefan/.openclaw/workspace/yuleDKCS/embedded/bsw_integration/include/MemMap.h,233,style,misra violation (use --rule-texts=<file> to get proper output) [misra-c2012-20.5]
misra-c2023-20.5,/Users/stefan/.openclaw/workspace/yuleDKCS/embedded/bsw_integration/include/MemMap.h,238,style,misra violation (use --rule-texts=<file> to get proper output) [misra-c2012-20.5]
misra-c2023-20.5,/Users/stefan/.openclaw/workspace/yuleDKCS/embedded/bsw_integration/include/MemMap.h,239,style,misra violation (use --rule-texts=<file> to get proper output) [misra-c2012-20.5]
misra-c2023-20.5,/Users/stefan/.openclaw/workspace/yuleDKCS/embedded/bsw_integration/include/MemMap.h,240,style,misra violation (use --rule-texts=<file> to get proper output) [misra-c2012-20.5]
misra-c2023-20.5,/Users/stefan/.openclaw/workspace/yuleDKCS/embedded/bsw_integration/include/MemMap.h,243,style,misra violation (use --rule-texts=<file> to get proper output) [misra-c2012-20.5]
misra-c2023-20.5,/Users/stefan/.openclaw/workspace/yuleDKCS/embedded/bsw_integration/include/MemMap.h,248,style,misra violation (use --rule-texts=<file> to get proper output) [misra-c2012-20.5]
misra-c2023-20.5,/Users/stefan/.openclaw/workspace/yuleDKCS/embedded/bsw_integration/include/MemMap.h,249,style,misra violation (use --rule-texts=<file> to get proper output) [misra-c2012-20.5]
misra-c2023-20.5,/Users/stefan/.openclaw/workspace/yuleDKCS/embedded/bsw_integration/include/MemMap.h,250,style,misra violation (use --rule-texts=<file> to get proper output) [misra-c2012-20.5]
misra-c2023-20.5,/Users/stefan/.openclaw/workspace/yuleDKCS/embedded/bsw_integration/include/MemMap.h,254,style,misra violation (use --rule-texts=<file> to get proper output) [misra-c2012-20.5]
misra-c2023-20.5,/Users/stefan/.openclaw/workspace/yuleDKCS/embedded/bsw_integration/include/MemMap.h,259,style,misra violation (use --rule-texts=<file> to get proper output) [misra-c2012-20.5]
misra-c2023-20.5,/Users/stefan/.openclaw/workspace/yuleDKCS/embedded/bsw_integration/include/MemMap.h,260,style,misra violation (use --rule-texts=<file> to get proper output) [misra-c2012-20.5]
misra-c2023-20.5,/Users/stefan/.openclaw/workspace/yuleDKCS/embedded/bsw_integration/include/MemMap.h,261,style,misra violation (use --rule-texts=<file> to get proper output) [misra-c2012-20.5]
misra-c2023-20.5,/Users/stefan/.openclaw/workspace/yuleDKCS/embedded/bsw_integration/include/MemMap.h,264,style,misra violation (use --rule-texts=<file> to get proper output) [misra-c2012-20.5]
misra-c2023-20.5,/Users/stefan/.openclaw/workspace/yuleDKCS/embedded/bsw_integration/include/MemMap.h,269,style,misra violation (use --rule-texts=<file> to get proper output) [misra-c2012-20.5]
misra-c2023-20.5,/Users/stefan/.openclaw/workspace/yuleDKCS/embedded/bsw_integration/include/MemMap.h,270,style,misra violation (use --rule-texts=<file> to get proper output) [misra-c2012-20.5]
misra-c2023-20.5,/Users/stefan/.openclaw/workspace/yuleDKCS/embedded/bsw_integration/include/MemMap.h,271,style,misra violation (use --rule-texts=<file> to get proper output) [misra-c2012-20.5]
misra-c2023-20.5,/Users/stefan/.openclaw/workspace/yuleDKCS/embedded/bsw_integration/include/MemMap.h,274,style,misra violation (use --rule-texts=<file> to get proper output) [misra-c2012-20.5]
misra-c2023-20.5,/Users/stefan/.openclaw/workspace/yuleDKCS/embedded/bsw_integration/include/MemMap.h,279,style,misra violation (use --rule-texts=<file> to get proper output) [misra-c2012-20.5]
misra-c2023-20.5,/Users/stefan/.openclaw/workspace/yuleDKCS/embedded/bsw_integration/include/MemMap.h,280,style,misra violation (use --rule-texts=<file> to get proper output) [misra-c2012-20.5]
misra-c2023-20.5,/Users/stefan/.openclaw/workspace/yuleDKCS/embedded/bsw_integration/include/MemMap.h,281,style,misra violation (use --rule-texts=<file> to get proper output) [misra-c2012-20.5]
misra-c2023-20.5,/Users/stefan/.openclaw/workspace/yuleDKCS/embedded/bsw_integration/include/MemMap.h,284,style,misra violation (use --rule-texts=<file> to get proper output) [misra-c2012-20.5]
misra-c2023-20.5,/Users/stefan/.openclaw/workspace/yuleDKCS/embedded/bsw_integration/include/MemMap.h,289,style,misra violation (use --rule-texts=<file> to get proper output) [misra-c2012-20.5]
misra-c2023-20.5,/Users/stefan/.openclaw/workspace/yuleDKCS/embedded/bsw_integration/include/MemMap.h,290,style,misra violation (use --rule-texts=<file> to get proper output) [misra-c2012-20.5]
misra-c2023-20.5,/Users/stefan/.openclaw/workspace/yuleDKCS/embedded/bsw_integration/include/MemMap.h,291,style,misra violation (use --rule-texts=<file> to get proper output) [misra-c2012-20.5]
misra-c2023-20.5,/Users/stefan/.openclaw/workspace/yuleDKCS/embedded/bsw_integration/include/MemMap.h,295,style,misra violation (use --rule-texts=<file> to get proper output) [misra-c2012-20.5]
misra-c2023-20.5,/Users/stefan/.openclaw/workspace/yuleDKCS/embedded/bsw_integration/include/MemMap.h,300,style,misra violation (use --rule-texts=<file> to get proper output) [misra-c2012-20.5]
misra-c2023-20.5,/Users/stefan/.openclaw/workspace/yuleDKCS/embedded/bsw_integration/include/MemMap.h,301,style,misra violation (use --rule-texts=<file> to get proper output) [misra-c2012-20.5]
misra-c2023-20.5,/Users/stefan/.openclaw/workspace/yuleDKCS/embedded/bsw_integration/include/MemMap.h,302,style,misra violation (use --rule-texts=<file> to get proper output) [misra-c2012-20.5]
misra-c2023-20.5,/Users/stefan/.openclaw/workspace/yuleDKCS/embedded/bsw_integration/include/MemMap.h,305,style,misra violation (use --rule-texts=<file> to get proper output) [misra-c2012-20.5]
misra-c2023-20.5,/Users/stefan/.openclaw/workspace/yuleDKCS/embedded/bsw_integration/include/MemMap.h,310,style,misra violation (use --rule-texts=<file> to get proper output) [misra-c2012-20.5]
misra-c2023-20.5,/Users/stefan/.openclaw/workspace/yuleDKCS/embedded/bsw_integration/include/MemMap.h,311,style,misra violation (use --rule-texts=<file> to get proper output) [misra-c2012-20.5]
misra-c2023-20.5,/Users/stefan/.openclaw/workspace/yuleDKCS/embedded/bsw_integration/include/MemMap.h,312,style,misra violation (use --rule-texts=<file> to get proper output) [misra-c2012-20.5]
misra-c2023-20.5,/Users/stefan/.openclaw/workspace/yuleDKCS/embedded/bsw_integration/include/MemMap.h,318,style,misra violation (use --rule-texts=<file> to get proper output) [misra-c2012-20.5]
misra-c2023-20.5,/Users/stefan/.openclaw/workspace/yuleDKCS/embedded/bsw_integration/include/MemMap.h,321,style,misra violation (use --rule-texts=<file> to get proper output) [misra-c2012-20.5]
misra-c2023-20.5,/Users/stefan/.openclaw/workspace/yuleDKCS/embedded/bsw_integration/include/MemMap.h,324,style,misra violation (use --rule-texts=<file> to get proper output) [misra-c2012-20.5]
misra-c2023-20.5,/Users/stefan/.openclaw/workspace/yuleDKCS/embedded/bsw_integration/include/MemMap.h,327,style,misra violation (use --rule-texts=<file> to get proper output) [misra-c2012-20.5]
misra-c2023-20.5,/Users/stefan/.openclaw/workspace/yuleDKCS/embedded/bsw_integration/include/MemMap.h,334,style,misra violation (use --rule-texts=<file> to get proper output) [misra-c2012-20.5]
misra-c2023-20.5,/Users/stefan/.openclaw/workspace/yuleDKCS/embedded/bsw_integration/include/MemMap.h,337,style,misra violation (use --rule-texts=<file> to get proper output) [misra-c2012-20.5]
misra-c2023-20.5,/Users/stefan/.openclaw/workspace/yuleDKCS/embedded/bsw_integration/include/MemMap.h,340,style,misra violation (use --rule-texts=<file> to get proper output) [misra-c2012-20.5]
misra-c2023-20.5,/Users/stefan/.openclaw/workspace/yuleDKCS/embedded/bsw_integration/include/MemMap.h,343,style,misra violation (use --rule-texts=<file> to get proper output) [misra-c2012-20.5]
misra-c2023-20.5,/Users/stefan/.openclaw/workspace/yuleDKCS/embedded/bsw_integration/include/MemMap.h,345,style,misra violation (use --rule-texts=<file> to get proper output) [misra-c2012-20.5]
misra-c2023-20.5,/Users/stefan/.openclaw/workspace/yuleDKCS/embedded/bsw_integration/include/MemMap.h,346,style,misra violation (use --rule-texts=<file> to get proper output) [misra-c2012-20.5]
misra-c2023-20.5,/Users/stefan/.openclaw/workspace/yuleDKCS/embedded/bsw_integration/include/MemMap.h,351,style,misra violation (use --rule-texts=<file> to get proper output) [misra-c2012-20.5]
misra-c2023-20.5,/Users/stefan/.openclaw/workspace/yuleDKCS/embedded/bsw_integration/include/MemMap.h,354,style,misra violation (use --rule-texts=<file> to get proper output) [misra-c2012-20.5]
misra-c2023-20.5,/Users/stefan/.openclaw/workspace/yuleDKCS/embedded/bsw_integration/include/MemMap.h,357,style,misra violation (use --rule-texts=<file> to get proper output) [misra-c2012-20.5]
misra-c2023-20.5,/Users/stefan/.openclaw/workspace/yuleDKCS/embedded/bsw_integration/include/MemMap.h,360,style,misra violation (use --rule-texts=<file> to get proper output) [misra-c2012-20.5]
misra-c2023-20.5,/Users/stefan/.openclaw/workspace/yuleDKCS/embedded/bsw_integration/include/MemMap.h,367,style,misra violation (use --rule-texts=<file> to get proper output) [misra-c2012-20.5]
misra-c2023-20.5,/Users/stefan/.openclaw/workspace/yuleDKCS/embedded/bsw_integration/include/MemMap.h,370,style,misra violation (use --rule-texts=<file> to get proper output) [misra-c2012-20.5]
misra-c2023-20.5,/Users/stefan/.openclaw/workspace/yuleDKCS/embedded/bsw_integration/include/MemMap.h,373,style,misra violation (use --rule-texts=<file> to get proper output) [misra-c2012-20.5]
misra-c2023-20.5,/Users/stefan/.openclaw/workspace/yuleDKCS/embedded/bsw_integration/include/MemMap.h,376,style,misra violation (use --rule-texts=<file> to get proper output) [misra-c2012-20.5]
misra-c2023-20.5,/Users/stefan/.openclaw/workspace/yuleDKCS/embedded/bsw_integration/include/MemMap.h,378,style,misra violation (use --rule-texts=<file> to get proper output) [misra-c2012-20.5]
misra-c2023-20.5,/Users/stefan/.openclaw/workspace/yuleDKCS/embedded/bsw_integration/include/MemMap.h,379,style,misra violation (use --rule-texts=<file> to get proper output) [misra-c2012-20.5]
misra-c2023-20.5,/Users/stefan/.openclaw/workspace/yuleDKCS/embedded/bsw_integration/include/MemMap.h,383,style,misra violation (use --rule-texts=<file> to get proper output) [misra-c2012-20.5]
misra-c2023-20.5,/Users/stefan/.openclaw/workspace/yuleDKCS/embedded/bsw_integration/include/MemMap.h,386,style,misra violation (use --rule-texts=<file> to get proper output) [misra-c2012-20.5]
misra-c2023-20.5,/Users/stefan/.openclaw/workspace/yuleDKCS/embedded/bsw_integration/include/MemMap.h,389,style,misra violation (use --rule-texts=<file> to get proper output) [misra-c2012-20.5]
misra-c2023-20.5,/Users/stefan/.openclaw/workspace/yuleDKCS/embedded/bsw_integration/include/MemMap.h,396,style,misra violation (use --rule-texts=<file> to get proper output) [misra-c2012-20.5]
misra-c2023-20.5,/Users/stefan/.openclaw/workspace/yuleDKCS/embedded/bsw_integration/include/MemMap.h,399,style,misra violation (use --rule-texts=<file> to get proper output) [misra-c2012-20.5]
misra-c2023-20.5,/Users/stefan/.openclaw/workspace/yuleDKCS/embedded/bsw_integration/include/MemMap.h,402,style,misra violation (use --rule-texts=<file> to get proper output) [misra-c2012-20.5]
misra-c2023-20.5,/Users/stefan/.openclaw/workspace/yuleDKCS/embedded/bsw_integration/include/MemMap.h,404,style,misra violation (use --rule-texts=<file> to get proper output) [misra-c2012-20.5]
misra-c2023-20.5,/Users/stefan/.openclaw/workspace/yuleDKCS/embedded/bsw_integration/include/MemMap.h,405,style,misra violation (use --rule-texts=<file> to get proper output) [misra-c2012-20.5]
misra-c2023-2.7,/Users/stefan/.openclaw/workspace/yuleDKCS/tests/qemu_m33/third_party/FreeRTOS-Kernel/include/task.h,2691,style,misra violation (use --rule-texts=<file> to get proper output) [misra-c2012-2.7]
misra-c2023-2.7,/Users/stefan/.openclaw/workspace/yuleDKCS/tests/qemu_m33/third_party/FreeRTOS-Kernel/include/task.h,2846,style,misra violation (use --rule-texts=<file> to get proper output) [misra-c2012-2.7]
misra-c2023-2.7,/Users/stefan/.openclaw/workspace/yuleDKCS/tests/qemu_m33/third_party/FreeRTOS-Kernel/include/task.h,2990,style,misra violation (use --rule-texts=<file> to get proper output) [misra-c2012-2.7]
misra-c2023-15.5,/Users/stefan/.openclaw/workspace/yuleDKCS/embedded/mcal_stubs/include/Mcal.h,42,style,misra violation (use --rule-texts=<file> to get proper output) [misra-c2012-15.5]
,/Users/stefan/.openclaw/workspace/yuleDKCS/embedded/mcal_stubs/include/Mcal.h,19,style,The function 'Mcal_MemCopy' is never used. [unusedFunction]
,/Users/stefan/.openclaw/workspace/yuleDKCS/embedded/mcal_stubs/include/Mcal.h,28,style,The function 'Mcal_MemSet' is never used. [unusedFunction]
,/Users/stefan/.openclaw/workspace/yuleDKCS/embedded/mcal_stubs/include/Mcal.h,36,style,The function 'Mcal_MemCmp' is never used. [unusedFunction]
,/Users/stefan/.openclaw/workspace/yuleDKCS/embedded/mcal_stubs/include/Mcal.h,52,style,The function 'Mcal_DisableInterrupts' is never used. [unusedFunction]
,/Users/stefan/.openclaw/workspace/yuleDKCS/embedded/mcal_stubs/include/Mcal.h,58,style,The function 'Mcal_EnableInterrupts' is never used. [unusedFunction]
,/Users/stefan/.openclaw/workspace/yuleDKCS/embedded/mcal_stubs/include/Mcal.h,64,style,The function 'Mcal_DataSyncBarrier' is never used. [unusedFunction]
,/Users/stefan/.openclaw/workspace/yuleDKCS/embedded/mcal_stubs/include/Mcal.h,70,style,The function 'Mcal_DataMemBarrier' is never used. [unusedFunction]
,/Users/stefan/.openclaw/workspace/yuleDKCS/embedded/mcal_stubs/include/Mcal.h,76,style,The function 'Mcal_InstSyncBarrier' is never used. [unusedFunction]
misra-c2023-8.5,/Users/stefan/.openclaw/workspace/yuleDKCS/tests/qemu_m33/third_party/FreeRTOS-Kernel/include/portable.h,189,style,misra violation (use --rule-texts=<file> to get proper output) [misra-c2012-8.5]
misra-c2023-8.5,/Users/stefan/.openclaw/workspace/yuleDKCS/tests/qemu_m33/third_party/FreeRTOS-Kernel/include/portable.h,192,style,misra violation (use --rule-texts=<file> to get proper output) [misra-c2012-8.5]
misra-c2023-8.5,/Users/stefan/.openclaw/workspace/yuleDKCS/embedded/freertos_port/include/portmacro.h,101,style,misra violation (use --rule-texts=<file> to get proper output) [misra-c2012-8.5]
misra-c2023-8.5,/Users/stefan/.openclaw/workspace/yuleDKCS/embedded/freertos_port/include/portmacro.h,102,style,misra violation (use --rule-texts=<file> to get proper output) [misra-c2012-8.5]
misra-c2023-8.5,/Users/stefan/.openclaw/workspace/yuleDKCS/embedded/freertos_port/include/portmacro.h,103,style,misra violation (use --rule-texts=<file> to get proper output) [misra-c2012-8.5]
misra-c2023-8.5,/Users/stefan/.openclaw/workspace/yuleDKCS/tests/qemu_m33/third_party/FreeRTOS-Kernel/include/task.h,1739,style,misra violation (use --rule-texts=<file> to get proper output) [misra-c2012-8.5]
misra-c2023-8.5,/Users/stefan/.openclaw/workspace/yuleDKCS/embedded/ccc_protocol/include/crypto_random.h,143,style,misra violation (use --rule-texts=<file> to get proper output) [misra-c2012-8.5]
misra-c2023-2.3,/Users/stefan/.openclaw/workspace/yuleDKCS/embedded/ccc_protocol/include/ccc_digital_key.h,121,style,misra violation (use --rule-texts=<file> to get proper output) [misra-c2012-2.3]
misra-c2023-2.3,/Users/stefan/.openclaw/workspace/yuleDKCS/embedded/ccc_protocol/include/ccc_digital_key.h,108,style,misra violation (use --rule-texts=<file> to get proper output) [misra-c2012-2.3]
misra-c2023-2.3,/Users/stefan/.openclaw/workspace/yuleDKCS/embedded/ccc_protocol/include/ccc_digital_key.h,208,style,misra violation (use --rule-texts=<file> to get proper output) [misra-c2012-2.3]
misra-c2023-2.3,/Users/stefan/.openclaw/workspace/yuleDKCS/embedded/mcal_stubs/include/Mcu.h,16,style,misra violation (use --rule-texts=<file> to get proper output) [misra-c2012-2.3]
misra-c2023-2.3,/Users/stefan/.openclaw/workspace/yuleDKCS/tests/qemu_m33/third_party/FreeRTOS-Kernel/include/task.h,100,style,misra violation (use --rule-texts=<file> to get proper output) [misra-c2012-2.3]
misra-c2023-2.3,/Users/stefan/.openclaw/workspace/yuleDKCS/tests/qemu_m33/third_party/FreeRTOS-Kernel/include/FreeRTOS.h,3285,style,misra violation (use --rule-texts=<file> to get proper output) [misra-c2012-2.3]
misra-c2023-2.3,/Users/stefan/.openclaw/workspace/yuleDKCS/tests/qemu_m33/third_party/FreeRTOS-Kernel/include/FreeRTOS.h,3313,style,misra violation (use --rule-texts=<file> to get proper output) [misra-c2012-2.3]
misra-c2023-2.3,/Users/stefan/.openclaw/workspace/yuleDKCS/tests/qemu_m33/third_party/FreeRTOS-Kernel/include/task.h,106,style,misra violation (use --rule-texts=<file> to get proper output) [misra-c2012-2.3]
misra-c2023-2.3,/Users/stefan/.openclaw/workspace/yuleDKCS/tests/qemu_m33/third_party/FreeRTOS-Kernel/include/task.h,151,style,misra violation (use --rule-texts=<file> to get proper output) [misra-c2012-2.3]
misra-c2023-2.3,/Users/stefan/.openclaw/workspace/yuleDKCS/tests/qemu_m33/third_party/FreeRTOS-Kernel/include/task.h,190,style,misra violation (use --rule-texts=<file> to get proper output) [misra-c2012-2.3]
misra-c2023-2.3,/Users/stefan/.openclaw/workspace/yuleDKCS/tests/qemu_m33/third_party/FreeRTOS-Kernel/include/task.h,167,style,misra violation (use --rule-texts=<file> to get proper output) [misra-c2012-2.3]
misra-c2023-2.3,/Users/stefan/.openclaw/workspace/yuleDKCS/tests/qemu_m33/third_party/FreeRTOS-Kernel/include/task.h,195,style,misra violation (use --rule-texts=<file> to get proper output) [misra-c2012-2.3]
misra-c2023-2.3,/Users/stefan/.openclaw/workspace/yuleDKCS/tests/qemu_m33/third_party/FreeRTOS-Kernel/include/FreeRTOS.h,3269,style,misra violation (use --rule-texts=<file> to get proper output) [misra-c2012-2.3]
misra-c2023-2.3,/Users/stefan/.openclaw/workspace/yuleDKCS/tests/qemu_m33/third_party/FreeRTOS-Kernel/include/FreeRTOS.h,3355,style,misra violation (use --rule-texts=<file> to get proper output) [misra-c2012-2.3]
misra-c2023-2.3,/Users/stefan/.openclaw/workspace/yuleDKCS/embedded/icce_protocol/include/icce_digital_key.h,166,style,misra violation (use --rule-texts=<file> to get proper output) [misra-c2012-2.3]
misra-c2023-2.3,/Users/stefan/.openclaw/workspace/yuleDKCS/embedded/bsw_integration/include/ComStack_Types.h,34,style,misra violation (use --rule-texts=<file> to get proper output) [misra-c2012-2.3]
misra-c2023-2.3,/Users/stefan/.openclaw/workspace/yuleDKCS/embedded/bsw_integration/include/ComStack_Types.h,45,style,misra violation (use --rule-texts=<file> to get proper output) [misra-c2012-2.3]
misra-c2023-2.3,/Users/stefan/.openclaw/workspace/yuleDKCS/embedded/bsw_integration/include/ComStack_Types.h,14,style,misra violation (use --rule-texts=<file> to get proper output) [misra-c2012-2.3]
misra-c2023-2.3,/Users/stefan/.openclaw/workspace/yuleDKCS/embedded/bsw_integration/include/ComStack_Types.h,20,style,misra violation (use --rule-texts=<file> to get proper output) [misra-c2012-2.3]
misra-c2023-2.3,/Users/stefan/.openclaw/workspace/yuleDKCS/embedded/bsw_integration/include/ComStack_Types.h,42,style,misra violation (use --rule-texts=<file> to get proper output) [misra-c2012-2.3]
misra-c2023-2.3,/Users/stefan/.openclaw/workspace/yuleDKCS/embedded/bsw_integration/include/ComStack_Types.h,48,style,misra violation (use --rule-texts=<file> to get proper output) [misra-c2012-2.3]
misra-c2023-2.3,/Users/stefan/.openclaw/workspace/yuleDKCS/embedded/bsw_integration/include/ComStack_Types.h,27,style,misra violation (use --rule-texts=<file> to get proper output) [misra-c2012-2.3]
misra-c2023-2.3,/Users/stefan/.openclaw/workspace/yuleDKCS/embedded/unified_protocol/include/dk_unified.h,56,style,misra violation (use --rule-texts=<file> to get proper output) [misra-c2012-2.3]
misra-c2023-2.4,/Users/stefan/.openclaw/workspace/yuleDKCS/tests/qemu_m33/third_party/FreeRTOS-Kernel/include/FreeRTOS.h,3243,style,misra violation (use --rule-texts=<file> to get proper output) [misra-c2012-2.4]
misra-c2023-2.4,/Users/stefan/.openclaw/workspace/yuleDKCS/tests/qemu_m33/third_party/FreeRTOS-Kernel/include/FreeRTOS.h,3286,style,misra violation (use --rule-texts=<file> to get proper output) [misra-c2012-2.4]
misra-c2023-2.4,/Users/stefan/.openclaw/workspace/yuleDKCS/tests/qemu_m33/third_party/FreeRTOS-Kernel/include/FreeRTOS.h,3314,style,misra violation (use --rule-texts=<file> to get proper output) [misra-c2012-2.4]
misra-c2023-2.4,/Users/stefan/.openclaw/workspace/yuleDKCS/tests/qemu_m33/third_party/FreeRTOS-Kernel/include/FreeRTOS.h,3341,style,misra violation (use --rule-texts=<file> to get proper output) [misra-c2012-2.4]
misra-c2023-2.4,/Users/stefan/.openclaw/workspace/yuleDKCS/tests/qemu_m33/third_party/FreeRTOS-Kernel/include/task.h,152,style,misra violation (use --rule-texts=<file> to get proper output) [misra-c2012-2.4]
misra-c2023-2.4,/Users/stefan/.openclaw/workspace/yuleDKCS/tests/qemu_m33/third_party/FreeRTOS-Kernel/include/task.h,168,style,misra violation (use --rule-texts=<file> to get proper output) [misra-c2012-2.4]
misra-c2023-2.4,/Users/stefan/.openclaw/workspace/yuleDKCS/tests/qemu_m33/third_party/FreeRTOS-Kernel/include/task.h,196,style,misra violation (use --rule-texts=<file> to get proper output) [misra-c2012-2.4]
misra-c2023-2.5,/Users/stefan/.openclaw/workspace/yuleDKCS/embedded/iccoa_protocol/include/iccoa_digital_key.h,27,style,misra violation (use --rule-texts=<file> to get proper output) [misra-c2012-2.5]
misra-c2023-2.5,/Users/stefan/.openclaw/workspace/yuleDKCS/embedded/iccoa_protocol/include/iccoa_digital_key.h,33,style,misra violation (use --rule-texts=<file> to get proper output) [misra-c2012-2.5]
misra-c2023-2.5,/Users/stefan/.openclaw/workspace/yuleDKCS/embedded/iccoa_protocol/include/iccoa_digital_key.h,41,style,misra violation (use --rule-texts=<file> to get proper output) [misra-c2012-2.5]
misra-c2023-2.5,/Users/stefan/.openclaw/workspace/yuleDKCS/embedded/iccoa_protocol/include/iccoa_digital_key.h,124,style,misra violation (use --rule-texts=<file> to get proper output) [misra-c2012-2.5]
misra-c2023-2.5,/Users/stefan/.openclaw/workspace/yuleDKCS/embedded/iccoa_protocol/include/iccoa_digital_key.h,127,style,misra violation (use --rule-texts=<file> to get proper output) [misra-c2012-2.5]
misra-c2023-2.5,/Users/stefan/.openclaw/workspace/yuleDKCS/embedded/iccoa_protocol/include/iccoa_digital_key.h,128,style,misra violation (use --rule-texts=<file> to get proper output) [misra-c2012-2.5]
misra-c2023-2.5,/Users/stefan/.openclaw/workspace/yuleDKCS/embedded/iccoa_protocol/include/iccoa_digital_key.h,129,style,misra violation (use --rule-texts=<file> to get proper output) [misra-c2012-2.5]
misra-c2023-2.5,/Users/stefan/.openclaw/workspace/yuleDKCS/embedded/iccoa_protocol/include/iccoa_digital_key.h,130,style,misra violation (use --rule-texts=<file> to get proper output) [misra-c2012-2.5]
misra-c2023-2.5,/Users/stefan/.openclaw/workspace/yuleDKCS/embedded/iccoa_protocol/include/iccoa_digital_key.h,131,style,misra violation (use --rule-texts=<file> to get proper output) [misra-c2012-2.5]
misra-c2023-2.5,/Users/stefan/.openclaw/workspace/yuleDKCS/embedded/ccc_protocol/include/ccc_digital_key.h,29,style,misra violation (use --rule-texts=<file> to get proper output) [misra-c2012-2.5]
misra-c2023-2.5,/Users/stefan/.openclaw/workspace/yuleDKCS/embedded/ccc_protocol/include/ccc_digital_key.h,46,style,misra violation (use --rule-texts=<file> to get proper output) [misra-c2012-2.5]
misra-c2023-2.5,/Users/stefan/.openclaw/workspace/yuleDKCS/embedded/ccc_protocol/include/ccc_digital_key.h,79,style,misra violation (use --rule-texts=<file> to get proper output) [misra-c2012-2.5]
misra-c2023-2.5,/Users/stefan/.openclaw/workspace/yuleDKCS/embedded/ccc_protocol/include/ccc_digital_key.h,81,style,misra violation (use --rule-texts=<file> to get proper output) [misra-c2012-2.5]
misra-c2023-2.5,/Users/stefan/.openclaw/workspace/yuleDKCS/embedded/ccc_protocol/include/ccc_digital_key.h,216,style,misra violation (use --rule-texts=<file> to get proper output) [misra-c2012-2.5]
misra-c2023-2.5,/Users/stefan/.openclaw/workspace/yuleDKCS/embedded/ccc_protocol/include/ccc_digital_key.h,218,style,misra violation (use --rule-texts=<file> to get proper output) [misra-c2012-2.5]
misra-c2023-2.5,/Users/stefan/.openclaw/workspace/yuleDKCS/embedded/ccc_protocol/include/ccc_digital_key.h,219,style,misra violation (use --rule-texts=<file> to get proper output) [misra-c2012-2.5]
misra-c2023-2.5,/Users/stefan/.openclaw/workspace/yuleDKCS/embedded/ccc_protocol/include/ccc_digital_key.h,220,style,misra violation (use --rule-texts=<file> to get proper output) [misra-c2012-2.5]
misra-c2023-2.5,/Users/stefan/.openclaw/workspace/yuleDKCS/embedded/ccc_protocol/include/ccc_digital_key.h,221,style,misra violation (use --rule-texts=<file> to get proper output) [misra-c2012-2.5]
misra-c2023-2.5,/Users/stefan/.openclaw/workspace/yuleDKCS/embedded/ccc_protocol/include/ccc_digital_key.h,222,style,misra violation (use --rule-texts=<file> to get proper output) [misra-c2012-2.5]
misra-c2023-2.5,/Users/stefan/.openclaw/workspace/yuleDKCS/embedded/ccc_protocol/include/ccc_digital_key.h,223,style,misra violation (use --rule-texts=<file> to get proper output) [misra-c2012-2.5]
misra-c2023-2.5,/Users/stefan/.openclaw/workspace/yuleDKCS/embedded/ccc_protocol/include/crypto_random.h,75,style,misra violation (use --rule-texts=<file> to get proper output) [misra-c2012-2.5]
misra-c2023-2.5,/Users/stefan/.openclaw/workspace/yuleDKCS/embedded/ccc_protocol/include/se050_scp03.h,62,style,misra violation (use --rule-texts=<file> to get proper output) [misra-c2012-2.5]
misra-c2023-2.5,/Users/stefan/.openclaw/workspace/yuleDKCS/embedded/ccc_protocol/include/se050_scp03.h,72,style,misra violation (use --rule-texts=<file> to get proper output) [misra-c2012-2.5]
misra-c2023-2.5,/Users/stefan/.openclaw/workspace/yuleDKCS/embedded/ccc_protocol/include/se050_scp03.h,77,style,misra violation (use --rule-texts=<file> to get proper output) [misra-c2012-2.5]
misra-c2023-2.5,/Users/stefan/.openclaw/workspace/yuleDKCS/embedded/ccc_protocol/include/se050_scp03.h,79,style,misra violation (use --rule-texts=<file> to get proper output) [misra-c2012-2.5]
misra-c2023-2.5,/Users/stefan/.openclaw/workspace/yuleDKCS/embedded/ccc_protocol/include/se050_scp03.h,80,style,misra violation (use --rule-texts=<file> to get proper output) [misra-c2012-2.5]
misra-c2023-2.5,/Users/stefan/.openclaw/workspace/yuleDKCS/embedded/ccc_protocol/include/se050_scp03.h,84,style,misra violation (use --rule-texts=<file> to get proper output) [misra-c2012-2.5]
misra-c2023-2.5,/Users/stefan/.openclaw/workspace/yuleDKCS/embedded/ccc_protocol/include/se050_scp03.h,85,style,misra violation (use --rule-texts=<file> to get proper output) [misra-c2012-2.5]
misra-c2023-2.5,/Users/stefan/.openclaw/workspace/yuleDKCS/embedded/ccc_protocol/include/se050_scp03.h,86,style,misra violation (use --rule-texts=<file> to get proper output) [misra-c2012-2.5]
misra-c2023-2.5,/Users/stefan/.openclaw/workspace/yuleDKCS/embedded/ccc_protocol/include/se050_scp03.h,87,style,misra violation (use --rule-texts=<file> to get proper output) [misra-c2012-2.5]
misra-c2023-2.5,/Users/stefan/.openclaw/workspace/yuleDKCS/embedded/ccc_protocol/include/se050_scp03.h,88,style,misra violation (use --rule-texts=<file> to get proper output) [misra-c2012-2.5]
misra-c2023-2.5,/Users/stefan/.openclaw/workspace/yuleDKCS/embedded/ccc_protocol/include/se050_scp03.h,97,style,misra violation (use --rule-texts=<file> to get proper output) [misra-c2012-2.5]
misra-c2023-2.5,/Users/stefan/.openclaw/workspace/yuleDKCS/embedded/ccc_protocol/include/se050_scp03.h,98,style,misra violation (use --rule-texts=<file> to get proper output) [misra-c2012-2.5]
misra-c2023-2.5,/Users/stefan/.openclaw/workspace/yuleDKCS/embedded/ccc_protocol/include/se050_scp03.h,99,style,misra violation (use --rule-texts=<file> to get proper output) [misra-c2012-2.5]
misra-c2023-2.5,/Users/stefan/.openclaw/workspace/yuleDKCS/embedded/ccc_protocol/include/se050_scp03.h,101,style,misra violation (use --rule-texts=<file> to get proper output) [misra-c2012-2.5]
misra-c2023-2.5,/Users/stefan/.openclaw/workspace/yuleDKCS/embedded/mcal_stubs/include/Trng.h,62,style,misra violation (use --rule-texts=<file> to get proper output) [misra-c2012-2.5]
misra-c2023-2.5,/Users/stefan/.openclaw/workspace/yuleDKCS/embedded/mcal_stubs/include/Trng.h,65,style,misra violation (use --rule-texts=<file> to get proper output) [misra-c2012-2.5]
misra-c2023-2.5,/Users/stefan/.openclaw/workspace/yuleDKCS/embedded/mcal_stubs/include/Trng.h,66,style,misra violation (use --rule-texts=<file> to get proper output) [misra-c2012-2.5]
misra-c2023-2.5,/Users/stefan/.openclaw/workspace/yuleDKCS/embedded/mcal_stubs/include/Trng.h,67,style,misra violation (use --rule-texts=<file> to get proper output) [misra-c2012-2.5]
misra-c2023-2.5,/Users/stefan/.openclaw/workspace/yuleDKCS/embedded/mcal_stubs/include/Trng.h,68,style,misra violation (use --rule-texts=<file> to get proper output) [misra-c2012-2.5]
misra-c2023-2.5,/Users/stefan/.openclaw/workspace/yuleDKCS/embedded/mcal_stubs/include/Trng.h,69,style,misra violation (use --rule-texts=<file> to get proper output) [misra-c2012-2.5]
misra-c2023-2.5,/Users/stefan/.openclaw/workspace/yuleDKCS/embedded/mcal_stubs/include/Trng.h,70,style,misra violation (use --rule-texts=<file> to get proper output) [misra-c2012-2.5]
misra-c2023-2.5,/Users/stefan/.openclaw/workspace/yuleDKCS/embedded/mcal_stubs/include/Trng.h,73,style,misra violation (use --rule-texts=<file> to get proper output) [misra-c2012-2.5]
misra-c2023-2.5,/Users/stefan/.openclaw/workspace/yuleDKCS/embedded/mcal_stubs/include/Trng.h,74,style,misra violation (use --rule-texts=<file> to get proper output) [misra-c2012-2.5]
misra-c2023-2.5,/Users/stefan/.openclaw/workspace/yuleDKCS/embedded/mcal_stubs/include/Trng.h,75,style,misra violation (use --rule-texts=<file> to get proper output) [misra-c2012-2.5]
misra-c2023-2.5,/Users/stefan/.openclaw/workspace/yuleDKCS/embedded/mcal_stubs/include/Trng.h,76,style,misra violation (use --rule-texts=<file> to get proper output) [misra-c2012-2.5]
misra-c2023-2.5,/Users/stefan/.openclaw/workspace/yuleDKCS/embedded/mcal_stubs/include/Trng.h,77,style,misra violation (use --rule-texts=<file> to get proper output) [misra-c2012-2.5]
misra-c2023-2.5,/Users/stefan/.openclaw/workspace/yuleDKCS/embedded/mcal_stubs/include/Trng.h,78,style,misra violation (use --rule-texts=<file> to get proper output) [misra-c2012-2.5]
misra-c2023-2.5,/Users/stefan/.openclaw/workspace/yuleDKCS/embedded/mcal_stubs/include/Trng.h,79,style,misra violation (use --rule-texts=<file> to get proper output) [misra-c2012-2.5]
misra-c2023-2.5,/Users/stefan/.openclaw/workspace/yuleDKCS/embedded/mcal_stubs/include/Trng.h,80,style,misra violation (use --rule-texts=<file> to get proper output) [misra-c2012-2.5]
misra-c2023-2.5,/Users/stefan/.openclaw/workspace/yuleDKCS/embedded/mcal_stubs/include/Trng.h,83,style,misra violation (use --rule-texts=<file> to get proper output) [misra-c2012-2.5]
misra-c2023-2.5,/Users/stefan/.openclaw/workspace/yuleDKCS/embedded/mcal_stubs/include/Trng.h,86,style,misra violation (use --rule-texts=<file> to get proper output) [misra-c2012-2.5]
misra-c2023-2.5,/Users/stefan/.openclaw/workspace/yuleDKCS/embedded/mcal_stubs/include/Trng.h,96,style,misra violation (use --rule-texts=<file> to get proper output) [misra-c2012-2.5]
misra-c2023-2.5,/Users/stefan/.openclaw/workspace/yuleDKCS/embedded/mcal_stubs/include/Trng.h,97,style,misra violation (use --rule-texts=<file> to get proper output) [misra-c2012-2.5]
misra-c2023-2.5,/Users/stefan/.openclaw/workspace/yuleDKCS/embedded/mcal_stubs/include/Trng.h,104,style,misra violation (use --rule-texts=<file> to get proper output) [misra-c2012-2.5]
misra-c2023-2.5,/Users/stefan/.openclaw/workspace/yuleDKCS/embedded/mcal_stubs/include/Trng.h,107,style,misra violation (use --rule-texts=<file> to get proper output) [misra-c2012-2.5]
misra-c2023-2.5,/Users/stefan/.openclaw/workspace/yuleDKCS/embedded/mcal_stubs/include/MemIf.h,15,style,misra violation (use --rule-texts=<file> to get proper output) [misra-c2012-2.5]
misra-c2023-2.5,/Users/stefan/.openclaw/workspace/yuleDKCS/embedded/mcal_stubs/include/Mcu_Cfg.h,32,style,misra violation (use --rule-texts=<file> to get proper output) [misra-c2012-2.5]
misra-c2023-2.5,/Users/stefan/.openclaw/workspace/yuleDKCS/embedded/mcal_stubs/include/Mcu_Cfg.h,33,style,misra violation (use --rule-texts=<file> to get proper output) [misra-c2012-2.5]
misra-c2023-2.5,/Users/stefan/.openclaw/workspace/yuleDKCS/embedded/mcal_stubs/include/Mcu_Cfg.h,34,style,misra violation (use --rule-texts=<file> to get proper output) [misra-c2012-2.5]
misra-c2023-2.5,/Users/stefan/.openclaw/workspace/yuleDKCS/embedded/mcal_stubs/include/Mcu_Cfg.h,35,style,misra violation (use --rule-texts=<file> to get proper output) [misra-c2012-2.5]
misra-c2023-2.5,/Users/stefan/.openclaw/workspace/yuleDKCS/embedded/freertos_port/include/FreeRTOSConfig.h,45,style,misra violation (use --rule-texts=<file> to get proper output) [misra-c2012-2.5]
misra-c2023-2.5,/Users/stefan/.openclaw/workspace/yuleDKCS/embedded/freertos_port/include/FreeRTOSConfig.h,67,style,misra violation (use --rule-texts=<file> to get proper output) [misra-c2012-2.5]
misra-c2023-2.5,/Users/stefan/.openclaw/workspace/yuleDKCS/embedded/freertos_port/include/FreeRTOSConfig.h,68,style,misra violation (use --rule-texts=<file> to get proper output) [misra-c2012-2.5]
misra-c2023-2.5,/Users/stefan/.openclaw/workspace/yuleDKCS/embedded/freertos_port/include/FreeRTOSConfig.h,69,style,misra violation (use --rule-texts=<file> to get proper output) [misra-c2012-2.5]
misra-c2023-2.5,/Users/stefan/.openclaw/workspace/yuleDKCS/embedded/freertos_port/include/FreeRTOSConfig.h,96,style,misra violation (use --rule-texts=<file> to get proper output) [misra-c2012-2.5]
misra-c2023-2.5,/Users/stefan/.openclaw/workspace/yuleDKCS/embedded/freertos_port/include/FreeRTOSConfig.h,97,style,misra violation (use --rule-texts=<file> to get proper output) [misra-c2012-2.5]
misra-c2023-2.5,/Users/stefan/.openclaw/workspace/yuleDKCS/embedded/freertos_port/include/FreeRTOSConfig.h,98,style,misra violation (use --rule-texts=<file> to get proper output) [misra-c2012-2.5]
misra-c2023-2.5,/Users/stefan/.openclaw/workspace/yuleDKCS/embedded/freertos_port/include/portmacro.h,19,style,misra violation (use --rule-texts=<file> to get proper output) [misra-c2012-2.5]
misra-c2023-2.5,/Users/stefan/.openclaw/workspace/yuleDKCS/embedded/freertos_port/include/portmacro.h,20,style,misra violation (use --rule-texts=<file> to get proper output) [misra-c2012-2.5]
misra-c2023-2.5,/Users/stefan/.openclaw/workspace/yuleDKCS/embedded/freertos_port/include/portmacro.h,21,style,misra violation (use --rule-texts=<file> to get proper output) [misra-c2012-2.5]
misra-c2023-2.5,/Users/stefan/.openclaw/workspace/yuleDKCS/embedded/freertos_port/include/portmacro.h,22,style,misra violation (use --rule-texts=<file> to get proper output) [misra-c2012-2.5]
misra-c2023-2.5,/Users/stefan/.openclaw/workspace/yuleDKCS/embedded/freertos_port/include/portmacro.h,23,style,misra violation (use --rule-texts=<file> to get proper output) [misra-c2012-2.5]
misra-c2023-2.5,/Users/stefan/.openclaw/workspace/yuleDKCS/embedded/freertos_port/include/portmacro.h,25,style,misra violation (use --rule-texts=<file> to get proper output) [misra-c2012-2.5]
misra-c2023-2.5,/Users/stefan/.openclaw/workspace/yuleDKCS/embedded/freertos_port/include/portmacro.h,36,style,misra violation (use --rule-texts=<file> to get proper output) [misra-c2012-2.5]
misra-c2023-2.5,/Users/stefan/.openclaw/workspace/yuleDKCS/embedded/freertos_port/include/portmacro.h,43,style,misra violation (use --rule-texts=<file> to get proper output) [misra-c2012-2.5]
misra-c2023-2.5,/Users/stefan/.openclaw/workspace/yuleDKCS/embedded/freertos_port/include/portmacro.h,46,style,misra violation (use --rule-texts=<file> to get proper output) [misra-c2012-2.5]
misra-c2023-2.5,/Users/stefan/.openclaw/workspace/yuleDKCS/embedded/freertos_port/include/portmacro.h,65,style,misra violation (use --rule-texts=<file> to get proper output) [misra-c2012-2.5]
misra-c2023-2.5,/Users/stefan/.openclaw/workspace/yuleDKCS/embedded/freertos_port/include/portmacro.h,70,style,misra violation (use --rule-texts=<file> to get proper output) [misra-c2012-2.5]
misra-c2023-2.5,/Users/stefan/.openclaw/workspace/yuleDKCS/embedded/freertos_port/include/portmacro.h,71,style,misra violation (use --rule-texts=<file> to get proper output) [misra-c2012-2.5]
misra-c2023-2.5,/Users/stefan/.openclaw/workspace/yuleDKCS/embedded/freertos_port/include/portmacro.h,74,style,misra violation (use --rule-texts=<file> to get proper output) [misra-c2012-2.5]
misra-c2023-2.5,/Users/stefan/.openclaw/workspace/yuleDKCS/tests/qemu_m33/third_party/FreeRTOS-Kernel/include/FreeRTOS.h,101,style,misra violation (use --rule-texts=<file> to get proper output) [misra-c2012-2.5]
misra-c2023-2.5,/Users/stefan/.openclaw/workspace/yuleDKCS/tests/qemu_m33/third_party/FreeRTOS-Kernel/include/FreeRTOS.h,397,style,misra violation (use --rule-texts=<file> to get proper output) [misra-c2012-2.5]
misra-c2023-2.5,/Users/stefan/.openclaw/workspace/yuleDKCS/tests/qemu_m33/third_party/FreeRTOS-Kernel/include/FreeRTOS.h,521,style,misra violation (use --rule-texts=<file> to get proper output) [misra-c2012-2.5]
misra-c2023-2.5,/Users/stefan/.openclaw/workspace/yuleDKCS/tests/qemu_m33/third_party/FreeRTOS-Kernel/include/mpu_wrappers.h,136,style,misra violation (use --rule-texts=<file> to get proper output) [misra-c2012-2.5]
misra-c2023-2.5,/Users/stefan/.openclaw/workspace/yuleDKCS/tests/qemu_m33/third_party/FreeRTOS-Kernel/include/mpu_wrappers.h,137,style,misra violation (use --rule-texts=<file> to get proper output) [misra-c2012-2.5]
misra-c2023-2.5,/Users/stefan/.openclaw/workspace/yuleDKCS/tests/qemu_m33/third_party/FreeRTOS-Kernel/include/mpu_wrappers.h,138,style,misra violation (use --rule-texts=<file> to get proper output) [misra-c2012-2.5]
misra-c2023-2.5,/Users/stefan/.openclaw/workspace/yuleDKCS/tests/qemu_m33/third_party/FreeRTOS-Kernel/include/FreeRTOS.h,2930,style,misra violation (use --rule-texts=<file> to get proper output) [misra-c2012-2.5]
misra-c2023-2.5,/Users/stefan/.openclaw/workspace/yuleDKCS/tests/qemu_m33/third_party/FreeRTOS-Kernel/include/FreeRTOS.h,2931,style,misra violation (use --rule-texts=<file> to get proper output) [misra-c2012-2.5]
misra-c2023-2.5,/Users/stefan/.openclaw/workspace/yuleDKCS/tests/qemu_m33/third_party/FreeRTOS-Kernel/include/FreeRTOS.h,2932,style,misra violation (use --rule-texts=<file> to get proper output) [misra-c2012-2.5]
misra-c2023-2.5,/Users/stefan/.openclaw/workspace/yuleDKCS/tests/qemu_m33/third_party/FreeRTOS-Kernel/include/FreeRTOS.h,2933,style,misra violation (use --rule-texts=<file> to get proper output) [misra-c2012-2.5]
misra-c2023-2.5,/Users/stefan/.openclaw/workspace/yuleDKCS/tests/qemu_m33/third_party/FreeRTOS-Kernel/include/FreeRTOS.h,2972,style,misra violation (use --rule-texts=<file> to get proper output) [misra-c2012-2.5]
misra-c2023-2.5,/Users/stefan/.openclaw/workspace/yuleDKCS/tests/qemu_m33/third_party/FreeRTOS-Kernel/include/FreeRTOS.h,2973,style,misra violation (use --rule-texts=<file> to get proper output) [misra-c2012-2.5]
misra-c2023-2.5,/Users/stefan/.openclaw/workspace/yuleDKCS/tests/qemu_m33/third_party/FreeRTOS-Kernel/include/FreeRTOS.h,2974,style,misra violation (use --rule-texts=<file> to get proper output) [misra-c2012-2.5]
misra-c2023-2.5,/Users/stefan/.openclaw/workspace/yuleDKCS/tests/qemu_m33/third_party/FreeRTOS-Kernel/include/FreeRTOS.h,2975,style,misra violation (use --rule-texts=<file> to get proper output) [misra-c2012-2.5]
misra-c2023-2.5,/Users/stefan/.openclaw/workspace/yuleDKCS/tests/qemu_m33/third_party/FreeRTOS-Kernel/include/FreeRTOS.h,2976,style,misra violation (use --rule-texts=<file> to get proper output) [misra-c2012-2.5]
misra-c2023-2.5,/Users/stefan/.openclaw/workspace/yuleDKCS/tests/qemu_m33/third_party/FreeRTOS-Kernel/include/FreeRTOS.h,2977,style,misra violation (use --rule-texts=<file> to get proper output) [misra-c2012-2.5]
misra-c2023-2.5,/Users/stefan/.openclaw/workspace/yuleDKCS/tests/qemu_m33/third_party/FreeRTOS-Kernel/include/FreeRTOS.h,2978,style,misra violation (use --rule-texts=<file> to get proper output) [misra-c2012-2.5]
misra-c2023-2.5,/Users/stefan/.openclaw/workspace/yuleDKCS/tests/qemu_m33/third_party/FreeRTOS-Kernel/include/FreeRTOS.h,2979,style,misra violation (use --rule-texts=<file> to get proper output) [misra-c2012-2.5]
misra-c2023-2.5,/Users/stefan/.openclaw/workspace/yuleDKCS/tests/qemu_m33/third_party/FreeRTOS-Kernel/include/FreeRTOS.h,2980,style,misra violation (use --rule-texts=<file> to get proper output) [misra-c2012-2.5]
misra-c2023-2.5,/Users/stefan/.openclaw/workspace/yuleDKCS/tests/qemu_m33/third_party/FreeRTOS-Kernel/include/FreeRTOS.h,2981,style,misra violation (use --rule-texts=<file> to get proper output) [misra-c2012-2.5]
misra-c2023-2.5,/Users/stefan/.openclaw/workspace/yuleDKCS/tests/qemu_m33/third_party/FreeRTOS-Kernel/include/FreeRTOS.h,2982,style,misra violation (use --rule-texts=<file> to get proper output) [misra-c2012-2.5]
misra-c2023-2.5,/Users/stefan/.openclaw/workspace/yuleDKCS/tests/qemu_m33/third_party/FreeRTOS-Kernel/include/FreeRTOS.h,2983,style,misra violation (use --rule-texts=<file> to get proper output) [misra-c2012-2.5]
misra-c2023-2.5,/Users/stefan/.openclaw/workspace/yuleDKCS/tests/qemu_m33/third_party/FreeRTOS-Kernel/include/FreeRTOS.h,2984,style,misra violation (use --rule-texts=<file> to get proper output) [misra-c2012-2.5]
misra-c2023-2.5,/Users/stefan/.openclaw/workspace/yuleDKCS/tests/qemu_m33/third_party/FreeRTOS-Kernel/include/FreeRTOS.h,2985,style,misra violation (use --rule-texts=<file> to get proper output) [misra-c2012-2.5]
misra-c2023-2.5,/Users/stefan/.openclaw/workspace/yuleDKCS/tests/qemu_m33/third_party/FreeRTOS-Kernel/include/FreeRTOS.h,2986,style,misra violation (use --rule-texts=<file> to get proper output) [misra-c2012-2.5]
misra-c2023-2.5,/Users/stefan/.openclaw/workspace/yuleDKCS/tests/qemu_m33/third_party/FreeRTOS-Kernel/include/FreeRTOS.h,2987,style,misra violation (use --rule-texts=<file> to get proper output) [misra-c2012-2.5]
misra-c2023-2.5,/Users/stefan/.openclaw/workspace/yuleDKCS/tests/qemu_m33/third_party/FreeRTOS-Kernel/include/FreeRTOS.h,2988,style,misra violation (use --rule-texts=<file> to get proper output) [misra-c2012-2.5]
misra-c2023-2.5,/Users/stefan/.openclaw/workspace/yuleDKCS/tests/qemu_m33/third_party/FreeRTOS-Kernel/include/FreeRTOS.h,2989,style,misra violation (use --rule-texts=<file> to get proper output) [misra-c2012-2.5]
misra-c2023-2.5,/Users/stefan/.openclaw/workspace/yuleDKCS/tests/qemu_m33/third_party/FreeRTOS-Kernel/include/FreeRTOS.h,2990,style,misra violation (use --rule-texts=<file> to get proper output) [misra-c2012-2.5]
misra-c2023-2.5,/Users/stefan/.openclaw/workspace/yuleDKCS/tests/qemu_m33/third_party/FreeRTOS-Kernel/include/FreeRTOS.h,2991,style,misra violation (use --rule-texts=<file> to get proper output) [misra-c2012-2.5]
misra-c2023-2.5,/Users/stefan/.openclaw/workspace/yuleDKCS/tests/qemu_m33/third_party/FreeRTOS-Kernel/include/FreeRTOS.h,2995,style,misra violation (use --rule-texts=<file> to get proper output) [misra-c2012-2.5]
misra-c2023-2.5,/Users/stefan/.openclaw/workspace/yuleDKCS/tests/qemu_m33/third_party/FreeRTOS-Kernel/include/FreeRTOS.h,2996,style,misra violation (use --rule-texts=<file> to get proper output) [misra-c2012-2.5]
misra-c2023-2.5,/Users/stefan/.openclaw/workspace/yuleDKCS/tests/qemu_m33/third_party/FreeRTOS-Kernel/include/FreeRTOS.h,2997,style,misra violation (use --rule-texts=<file> to get proper output) [misra-c2012-2.5]
misra-c2023-2.5,/Users/stefan/.openclaw/workspace/yuleDKCS/tests/qemu_m33/third_party/FreeRTOS-Kernel/include/FreeRTOS.h,2998,style,misra violation (use --rule-texts=<file> to get proper output) [misra-c2012-2.5]
misra-c2023-2.5,/Users/stefan/.openclaw/workspace/yuleDKCS/tests/qemu_m33/third_party/FreeRTOS-Kernel/include/FreeRTOS.h,3002,style,misra violation (use --rule-texts=<file> to get proper output) [misra-c2012-2.5]
misra-c2023-2.5,/Users/stefan/.openclaw/workspace/yuleDKCS/tests/qemu_m33/third_party/FreeRTOS-Kernel/include/list.h,128,style,misra violation (use --rule-texts=<file> to get proper output) [misra-c2012-2.5]
misra-c2023-2.5,/Users/stefan/.openclaw/workspace/yuleDKCS/tests/qemu_m33/third_party/FreeRTOS-Kernel/include/list.h,129,style,misra violation (use --rule-texts=<file> to get proper output) [misra-c2012-2.5]
misra-c2023-2.5,/Users/stefan/.openclaw/workspace/yuleDKCS/tests/qemu_m33/third_party/FreeRTOS-Kernel/include/list.h,130,style,misra violation (use --rule-texts=<file> to get proper output) [misra-c2012-2.5]
misra-c2023-2.5,/Users/stefan/.openclaw/workspace/yuleDKCS/tests/qemu_m33/third_party/FreeRTOS-Kernel/include/list.h,131,style,misra violation (use --rule-texts=<file> to get proper output) [misra-c2012-2.5]
misra-c2023-2.5,/Users/stefan/.openclaw/workspace/yuleDKCS/tests/qemu_m33/third_party/FreeRTOS-Kernel/include/list.h,135,style,misra violation (use --rule-texts=<file> to get proper output) [misra-c2012-2.5]
misra-c2023-2.5,/Users/stefan/.openclaw/workspace/yuleDKCS/tests/qemu_m33/third_party/FreeRTOS-Kernel/include/list.h,136,style,misra violation (use --rule-texts=<file> to get proper output) [misra-c2012-2.5]
misra-c2023-2.5,/Users/stefan/.openclaw/workspace/yuleDKCS/tests/qemu_m33/third_party/FreeRTOS-Kernel/include/list.h,188,style,misra violation (use --rule-texts=<file> to get proper output) [misra-c2012-2.5]
misra-c2023-2.5,/Users/stefan/.openclaw/workspace/yuleDKCS/tests/qemu_m33/third_party/FreeRTOS-Kernel/include/list.h,197,style,misra violation (use --rule-texts=<file> to get proper output) [misra-c2012-2.5]
misra-c2023-2.5,/Users/stefan/.openclaw/workspace/yuleDKCS/tests/qemu_m33/third_party/FreeRTOS-Kernel/include/list.h,206,style,misra violation (use --rule-texts=<file> to get proper output) [misra-c2012-2.5]
misra-c2023-2.5,/Users/stefan/.openclaw/workspace/yuleDKCS/tests/qemu_m33/third_party/FreeRTOS-Kernel/include/list.h,216,style,misra violation (use --rule-texts=<file> to get proper output) [misra-c2012-2.5]
misra-c2023-2.5,/Users/stefan/.openclaw/workspace/yuleDKCS/tests/qemu_m33/third_party/FreeRTOS-Kernel/include/list.h,225,style,misra violation (use --rule-texts=<file> to get proper output) [misra-c2012-2.5]
misra-c2023-2.5,/Users/stefan/.openclaw/workspace/yuleDKCS/tests/qemu_m33/third_party/FreeRTOS-Kernel/include/list.h,233,style,misra violation (use --rule-texts=<file> to get proper output) [misra-c2012-2.5]
misra-c2023-2.5,/Users/stefan/.openclaw/workspace/yuleDKCS/tests/qemu_m33/third_party/FreeRTOS-Kernel/include/list.h,241,style,misra violation (use --rule-texts=<file> to get proper output) [misra-c2012-2.5]
misra-c2023-2.5,/Users/stefan/.openclaw/workspace/yuleDKCS/tests/qemu_m33/third_party/FreeRTOS-Kernel/include/list.h,249,style,misra violation (use --rule-texts=<file> to get proper output) [misra-c2012-2.5]
misra-c2023-2.5,/Users/stefan/.openclaw/workspace/yuleDKCS/tests/qemu_m33/third_party/FreeRTOS-Kernel/include/list.h,258,style,misra violation (use --rule-texts=<file> to get proper output) [misra-c2012-2.5]
misra-c2023-2.5,/Users/stefan/.openclaw/workspace/yuleDKCS/tests/qemu_m33/third_party/FreeRTOS-Kernel/include/list.h,263,style,misra violation (use --rule-texts=<file> to get proper output) [misra-c2012-2.5]
misra-c2023-2.5,/Users/stefan/.openclaw/workspace/yuleDKCS/tests/qemu_m33/third_party/FreeRTOS-Kernel/include/list.h,286,style,misra violation (use --rule-texts=<file> to get proper output) [misra-c2012-2.5]
misra-c2023-2.5,/Users/stefan/.openclaw/workspace/yuleDKCS/tests/qemu_m33/third_party/FreeRTOS-Kernel/include/list.h,322,style,misra violation (use --rule-texts=<file> to get proper output) [misra-c2012-2.5]
misra-c2023-2.5,/Users/stefan/.openclaw/workspace/yuleDKCS/tests/qemu_m33/third_party/FreeRTOS-Kernel/include/list.h,362,style,misra violation (use --rule-texts=<file> to get proper output) [misra-c2012-2.5]
misra-c2023-2.5,/Users/stefan/.openclaw/workspace/yuleDKCS/tests/qemu_m33/third_party/FreeRTOS-Kernel/include/list.h,403,style,misra violation (use --rule-texts=<file> to get proper output) [misra-c2012-2.5]
misra-c2023-2.5,/Users/stefan/.openclaw/workspace/yuleDKCS/tests/qemu_m33/third_party/FreeRTOS-Kernel/include/list.h,414,style,misra violation (use --rule-texts=<file> to get proper output) [misra-c2012-2.5]
misra-c2023-2.5,/Users/stefan/.openclaw/workspace/yuleDKCS/tests/qemu_m33/third_party/FreeRTOS-Kernel/include/list.h,422,style,misra violation (use --rule-texts=<file> to get proper output) [misra-c2012-2.5]
misra-c2023-2.5,/Users/stefan/.openclaw/workspace/yuleDKCS/tests/qemu_m33/third_party/FreeRTOS-Kernel/include/list.h,429,style,misra violation (use --rule-texts=<file> to get proper output) [misra-c2012-2.5]
misra-c2023-2.5,/Users/stefan/.openclaw/workspace/yuleDKCS/tests/qemu_m33/third_party/FreeRTOS-Kernel/include/mpu_wrappers.h,50,style,misra violation (use --rule-texts=<file> to get proper output) [misra-c2012-2.5]
misra-c2023-2.5,/Users/stefan/.openclaw/workspace/yuleDKCS/tests/qemu_m33/third_party/FreeRTOS-Kernel/include/mpu_wrappers.h,51,style,misra violation (use --rule-texts=<file> to get proper output) [misra-c2012-2.5]
misra-c2023-2.5,/Users/stefan/.openclaw/workspace/yuleDKCS/tests/qemu_m33/third_party/FreeRTOS-Kernel/include/mpu_wrappers.h,52,style,misra violation (use --rule-texts=<file> to get proper output) [misra-c2012-2.5]
misra-c2023-2.5,/Users/stefan/.openclaw/workspace/yuleDKCS/tests/qemu_m33/third_party/FreeRTOS-Kernel/include/mpu_wrappers.h,53,style,misra violation (use --rule-texts=<file> to get proper output) [misra-c2012-2.5]
misra-c2023-2.5,/Users/stefan/.openclaw/workspace/yuleDKCS/tests/qemu_m33/third_party/FreeRTOS-Kernel/include/mpu_wrappers.h,54,style,misra violation (use --rule-texts=<file> to get proper output) [misra-c2012-2.5]
misra-c2023-2.5,/Users/stefan/.openclaw/workspace/yuleDKCS/tests/qemu_m33/third_party/FreeRTOS-Kernel/include/mpu_wrappers.h,55,style,misra violation (use --rule-texts=<file> to get proper output) [misra-c2012-2.5]
misra-c2023-2.5,/Users/stefan/.openclaw/workspace/yuleDKCS/tests/qemu_m33/third_party/FreeRTOS-Kernel/include/mpu_wrappers.h,56,style,misra violation (use --rule-texts=<file> to get proper output) [misra-c2012-2.5]
misra-c2023-2.5,/Users/stefan/.openclaw/workspace/yuleDKCS/tests/qemu_m33/third_party/FreeRTOS-Kernel/include/mpu_wrappers.h,57,style,misra violation (use --rule-texts=<file> to get proper output) [misra-c2012-2.5]
misra-c2023-2.5,/Users/stefan/.openclaw/workspace/yuleDKCS/tests/qemu_m33/third_party/FreeRTOS-Kernel/include/mpu_wrappers.h,58,style,misra violation (use --rule-texts=<file> to get proper output) [misra-c2012-2.5]
misra-c2023-2.5,/Users/stefan/.openclaw/workspace/yuleDKCS/tests/qemu_m33/third_party/FreeRTOS-Kernel/include/mpu_wrappers.h,59,style,misra violation (use --rule-texts=<file> to get proper output) [misra-c2012-2.5]
misra-c2023-2.5,/Users/stefan/.openclaw/workspace/yuleDKCS/tests/qemu_m33/third_party/FreeRTOS-Kernel/include/mpu_wrappers.h,60,style,misra violation (use --rule-texts=<file> to get proper output) [misra-c2012-2.5]
misra-c2023-2.5,/Users/stefan/.openclaw/workspace/yuleDKCS/tests/qemu_m33/third_party/FreeRTOS-Kernel/include/mpu_wrappers.h,61,style,misra violation (use --rule-texts=<file> to get proper output) [misra-c2012-2.5]
misra-c2023-2.5,/Users/stefan/.openclaw/workspace/yuleDKCS/tests/qemu_m33/third_party/FreeRTOS-Kernel/include/mpu_wrappers.h,62,style,misra violation (use --rule-texts=<file> to get proper output) [misra-c2012-2.5]
misra-c2023-2.5,/Users/stefan/.openclaw/workspace/yuleDKCS/tests/qemu_m33/third_party/FreeRTOS-Kernel/include/mpu_wrappers.h,63,style,misra violation (use --rule-texts=<file> to get proper output) [misra-c2012-2.5]
misra-c2023-2.5,/Users/stefan/.openclaw/workspace/yuleDKCS/tests/qemu_m33/third_party/FreeRTOS-Kernel/include/mpu_wrappers.h,64,style,misra violation (use --rule-texts=<file> to get proper output) [misra-c2012-2.5]
misra-c2023-2.5,/Users/stefan/.openclaw/workspace/yuleDKCS/tests/qemu_m33/third_party/FreeRTOS-Kernel/include/mpu_wrappers.h,65,style,misra violation (use --rule-texts=<file> to get proper output) [misra-c2012-2.5]
misra-c2023-2.5,/Users/stefan/.openclaw/workspace/yuleDKCS/tests/qemu_m33/third_party/FreeRTOS-Kernel/include/mpu_wrappers.h,66,style,misra violation (use --rule-texts=<file> to get proper output) [misra-c2012-2.5]
misra-c2023-2.5,/Users/stefan/.openclaw/workspace/yuleDKCS/tests/qemu_m33/third_party/FreeRTOS-Kernel/include/mpu_wrappers.h,67,style,misra violation (use --rule-texts=<file> to get proper output) [misra-c2012-2.5]
misra-c2023-2.5,/Users/stefan/.openclaw/workspace/yuleDKCS/tests/qemu_m33/third_party/FreeRTOS-Kernel/include/mpu_wrappers.h,68,style,misra violation (use --rule-texts=<file> to get proper output) [misra-c2012-2.5]
misra-c2023-2.5,/Users/stefan/.openclaw/workspace/yuleDKCS/tests/qemu_m33/third_party/FreeRTOS-Kernel/include/mpu_wrappers.h,69,style,misra violation (use --rule-texts=<file> to get proper output) [misra-c2012-2.5]
misra-c2023-2.5,/Users/stefan/.openclaw/workspace/yuleDKCS/tests/qemu_m33/third_party/FreeRTOS-Kernel/include/mpu_wrappers.h,70,style,misra violation (use --rule-texts=<file> to get proper output) [misra-c2012-2.5]
misra-c2023-2.5,/Users/stefan/.openclaw/workspace/yuleDKCS/tests/qemu_m33/third_party/FreeRTOS-Kernel/include/mpu_wrappers.h,71,style,misra violation (use --rule-texts=<file> to get proper output) [misra-c2012-2.5]
misra-c2023-2.5,/Users/stefan/.openclaw/workspace/yuleDKCS/tests/qemu_m33/third_party/FreeRTOS-Kernel/include/mpu_wrappers.h,72,style,misra violation (use --rule-texts=<file> to get proper output) [misra-c2012-2.5]
misra-c2023-2.5,/Users/stefan/.openclaw/workspace/yuleDKCS/tests/qemu_m33/third_party/FreeRTOS-Kernel/include/mpu_wrappers.h,73,style,misra violation (use --rule-texts=<file> to get proper output) [misra-c2012-2.5]
misra-c2023-2.5,/Users/stefan/.openclaw/workspace/yuleDKCS/tests/qemu_m33/third_party/FreeRTOS-Kernel/include/mpu_wrappers.h,74,style,misra violation (use --rule-texts=<file> to get proper output) [misra-c2012-2.5]
misra-c2023-2.5,/Users/stefan/.openclaw/workspace/yuleDKCS/tests/qemu_m33/third_party/FreeRTOS-Kernel/include/mpu_wrappers.h,75,style,misra violation (use --rule-texts=<file> to get proper output) [misra-c2012-2.5]
misra-c2023-2.5,/Users/stefan/.openclaw/workspace/yuleDKCS/tests/qemu_m33/third_party/FreeRTOS-Kernel/include/mpu_wrappers.h,76,style,misra violation (use --rule-texts=<file> to get proper output) [misra-c2012-2.5]
misra-c2023-2.5,/Users/stefan/.openclaw/workspace/yuleDKCS/tests/qemu_m33/third_party/FreeRTOS-Kernel/include/mpu_wrappers.h,77,style,misra violation (use --rule-texts=<file> to get proper output) [misra-c2012-2.5]
misra-c2023-2.5,/Users/stefan/.openclaw/workspace/yuleDKCS/tests/qemu_m33/third_party/FreeRTOS-Kernel/include/mpu_wrappers.h,78,style,misra violation (use --rule-texts=<file> to get proper output) [misra-c2012-2.5]
misra-c2023-2.5,/Users/stefan/.openclaw/workspace/yuleDKCS/tests/qemu_m33/third_party/FreeRTOS-Kernel/include/mpu_wrappers.h,81,style,misra violation (use --rule-texts=<file> to get proper output) [misra-c2012-2.5]
misra-c2023-2.5,/Users/stefan/.openclaw/workspace/yuleDKCS/tests/qemu_m33/third_party/FreeRTOS-Kernel/include/mpu_wrappers.h,82,style,misra violation (use --rule-texts=<file> to get proper output) [misra-c2012-2.5]
misra-c2023-2.5,/Users/stefan/.openclaw/workspace/yuleDKCS/tests/qemu_m33/third_party/FreeRTOS-Kernel/include/mpu_wrappers.h,93,style,misra violation (use --rule-texts=<file> to get proper output) [misra-c2012-2.5]
misra-c2023-2.5,/Users/stefan/.openclaw/workspace/yuleDKCS/tests/qemu_m33/third_party/FreeRTOS-Kernel/include/mpu_wrappers.h,94,style,misra violation (use --rule-texts=<file> to get proper output) [misra-c2012-2.5]
misra-c2023-2.5,/Users/stefan/.openclaw/workspace/yuleDKCS/tests/qemu_m33/third_party/FreeRTOS-Kernel/include/mpu_wrappers.h,95,style,misra violation (use --rule-texts=<file> to get proper output) [misra-c2012-2.5]
misra-c2023-2.5,/Users/stefan/.openclaw/workspace/yuleDKCS/tests/qemu_m33/third_party/FreeRTOS-Kernel/include/mpu_wrappers.h,96,style,misra violation (use --rule-texts=<file> to get proper output) [misra-c2012-2.5]
misra-c2023-2.5,/Users/stefan/.openclaw/workspace/yuleDKCS/tests/qemu_m33/third_party/FreeRTOS-Kernel/include/mpu_wrappers.h,97,style,misra violation (use --rule-texts=<file> to get proper output) [misra-c2012-2.5]
misra-c2023-2.5,/Users/stefan/.openclaw/workspace/yuleDKCS/tests/qemu_m33/third_party/FreeRTOS-Kernel/include/mpu_wrappers.h,100,style,misra violation (use --rule-texts=<file> to get proper output) [misra-c2012-2.5]
misra-c2023-2.5,/Users/stefan/.openclaw/workspace/yuleDKCS/tests/qemu_m33/third_party/FreeRTOS-Kernel/include/mpu_wrappers.h,101,style,misra violation (use --rule-texts=<file> to get proper output) [misra-c2012-2.5]
misra-c2023-2.5,/Users/stefan/.openclaw/workspace/yuleDKCS/tests/qemu_m33/third_party/FreeRTOS-Kernel/include/mpu_wrappers.h,102,style,misra violation (use --rule-texts=<file> to get proper output) [misra-c2012-2.5]
misra-c2023-2.5,/Users/stefan/.openclaw/workspace/yuleDKCS/tests/qemu_m33/third_party/FreeRTOS-Kernel/include/mpu_wrappers.h,103,style,misra violation (use --rule-texts=<file> to get proper output) [misra-c2012-2.5]
misra-c2023-2.5,/Users/stefan/.openclaw/workspace/yuleDKCS/tests/qemu_m33/third_party/FreeRTOS-Kernel/include/mpu_wrappers.h,104,style,misra violation (use --rule-texts=<file> to get proper output) [misra-c2012-2.5]
misra-c2023-2.5,/Users/stefan/.openclaw/workspace/yuleDKCS/tests/qemu_m33/third_party/FreeRTOS-Kernel/include/mpu_wrappers.h,105,style,misra violation (use --rule-texts=<file> to get proper output) [misra-c2012-2.5]
misra-c2023-2.5,/Users/stefan/.openclaw/workspace/yuleDKCS/tests/qemu_m33/third_party/FreeRTOS-Kernel/include/mpu_wrappers.h,108,style,misra violation (use --rule-texts=<file> to get proper output) [misra-c2012-2.5]
misra-c2023-2.5,/Users/stefan/.openclaw/workspace/yuleDKCS/tests/qemu_m33/third_party/FreeRTOS-Kernel/include/mpu_wrappers.h,109,style,misra violation (use --rule-texts=<file> to get proper output) [misra-c2012-2.5]
misra-c2023-2.5,/Users/stefan/.openclaw/workspace/yuleDKCS/tests/qemu_m33/third_party/FreeRTOS-Kernel/include/mpu_wrappers.h,110,style,misra violation (use --rule-texts=<file> to get proper output) [misra-c2012-2.5]
misra-c2023-2.5,/Users/stefan/.openclaw/workspace/yuleDKCS/tests/qemu_m33/third_party/FreeRTOS-Kernel/include/mpu_wrappers.h,111,style,misra violation (use --rule-texts=<file> to get proper output) [misra-c2012-2.5]
misra-c2023-2.5,/Users/stefan/.openclaw/workspace/yuleDKCS/tests/qemu_m33/third_party/FreeRTOS-Kernel/include/mpu_wrappers.h,112,style,misra violation (use --rule-texts=<file> to get proper output) [misra-c2012-2.5]
misra-c2023-2.5,/Users/stefan/.openclaw/workspace/yuleDKCS/tests/qemu_m33/third_party/FreeRTOS-Kernel/include/mpu_wrappers.h,113,style,misra violation (use --rule-texts=<file> to get proper output) [misra-c2012-2.5]
misra-c2023-2.5,/Users/stefan/.openclaw/workspace/yuleDKCS/tests/qemu_m33/third_party/FreeRTOS-Kernel/include/mpu_wrappers.h,114,style,misra violation (use --rule-texts=<file> to get proper output) [misra-c2012-2.5]
misra-c2023-2.5,/Users/stefan/.openclaw/workspace/yuleDKCS/tests/qemu_m33/third_party/FreeRTOS-Kernel/include/mpu_wrappers.h,115,style,misra violation (use --rule-texts=<file> to get proper output) [misra-c2012-2.5]
misra-c2023-2.5,/Users/stefan/.openclaw/workspace/yuleDKCS/tests/qemu_m33/third_party/FreeRTOS-Kernel/include/mpu_wrappers.h,116,style,misra violation (use --rule-texts=<file> to get proper output) [misra-c2012-2.5]
misra-c2023-2.5,/Users/stefan/.openclaw/workspace/yuleDKCS/tests/qemu_m33/third_party/FreeRTOS-Kernel/include/mpu_wrappers.h,117,style,misra violation (use --rule-texts=<file> to get proper output) [misra-c2012-2.5]
misra-c2023-2.5,/Users/stefan/.openclaw/workspace/yuleDKCS/tests/qemu_m33/third_party/FreeRTOS-Kernel/include/mpu_wrappers.h,118,style,misra violation (use --rule-texts=<file> to get proper output) [misra-c2012-2.5]
misra-c2023-2.5,/Users/stefan/.openclaw/workspace/yuleDKCS/tests/qemu_m33/third_party/FreeRTOS-Kernel/include/mpu_wrappers.h,119,style,misra violation (use --rule-texts=<file> to get proper output) [misra-c2012-2.5]
misra-c2023-2.5,/Users/stefan/.openclaw/workspace/yuleDKCS/tests/qemu_m33/third_party/FreeRTOS-Kernel/include/mpu_wrappers.h,123,style,misra violation (use --rule-texts=<file> to get proper output) [misra-c2012-2.5]
misra-c2023-2.5,/Users/stefan/.openclaw/workspace/yuleDKCS/tests/qemu_m33/third_party/FreeRTOS-Kernel/include/mpu_wrappers.h,124,style,misra violation (use --rule-texts=<file> to get proper output) [misra-c2012-2.5]
misra-c2023-2.5,/Users/stefan/.openclaw/workspace/yuleDKCS/tests/qemu_m33/third_party/FreeRTOS-Kernel/include/mpu_wrappers.h,125,style,misra violation (use --rule-texts=<file> to get proper output) [misra-c2012-2.5]
misra-c2023-2.5,/Users/stefan/.openclaw/workspace/yuleDKCS/tests/qemu_m33/third_party/FreeRTOS-Kernel/include/mpu_wrappers.h,126,style,misra violation (use --rule-texts=<file> to get proper output) [misra-c2012-2.5]
misra-c2023-2.5,/Users/stefan/.openclaw/workspace/yuleDKCS/tests/qemu_m33/third_party/FreeRTOS-Kernel/include/mpu_wrappers.h,127,style,misra violation (use --rule-texts=<file> to get proper output) [misra-c2012-2.5]
misra-c2023-2.5,/Users/stefan/.openclaw/workspace/yuleDKCS/tests/qemu_m33/third_party/FreeRTOS-Kernel/include/mpu_wrappers.h,128,style,misra violation (use --rule-texts=<file> to get proper output) [misra-c2012-2.5]
misra-c2023-2.5,/Users/stefan/.openclaw/workspace/yuleDKCS/tests/qemu_m33/third_party/FreeRTOS-Kernel/include/mpu_wrappers.h,129,style,misra violation (use --rule-texts=<file> to get proper output) [misra-c2012-2.5]
misra-c2023-2.5,/Users/stefan/.openclaw/workspace/yuleDKCS/tests/qemu_m33/third_party/FreeRTOS-Kernel/include/mpu_wrappers.h,130,style,misra violation (use --rule-texts=<file> to get proper output) [misra-c2012-2.5]
misra-c2023-2.5,/Users/stefan/.openclaw/workspace/yuleDKCS/tests/qemu_m33/third_party/FreeRTOS-Kernel/include/mpu_wrappers.h,131,style,misra violation (use --rule-texts=<file> to get proper output) [misra-c2012-2.5]
misra-c2023-2.5,/Users/stefan/.openclaw/workspace/yuleDKCS/tests/qemu_m33/third_party/FreeRTOS-Kernel/include/mpu_wrappers.h,132,style,misra violation (use --rule-texts=<file> to get proper output) [misra-c2012-2.5]
misra-c2023-2.5,/Users/stefan/.openclaw/workspace/yuleDKCS/tests/qemu_m33/third_party/FreeRTOS-Kernel/include/mpu_wrappers.h,133,style,misra violation (use --rule-texts=<file> to get proper output) [misra-c2012-2.5]
misra-c2023-2.5,/Users/stefan/.openclaw/workspace/yuleDKCS/tests/qemu_m33/third_party/FreeRTOS-Kernel/include/mpu_wrappers.h,144,style,misra violation (use --rule-texts=<file> to get proper output) [misra-c2012-2.5]
misra-c2023-2.5,/Users/stefan/.openclaw/workspace/yuleDKCS/tests/qemu_m33/third_party/FreeRTOS-Kernel/include/mpu_wrappers.h,145,style,misra violation (use --rule-texts=<file> to get proper output) [misra-c2012-2.5]
misra-c2023-2.5,/Users/stefan/.openclaw/workspace/yuleDKCS/tests/qemu_m33/third_party/FreeRTOS-Kernel/include/mpu_wrappers.h,146,style,misra violation (use --rule-texts=<file> to get proper output) [misra-c2012-2.5]
misra-c2023-2.5,/Users/stefan/.openclaw/workspace/yuleDKCS/tests/qemu_m33/third_party/FreeRTOS-Kernel/include/mpu_wrappers.h,147,style,misra violation (use --rule-texts=<file> to get proper output) [misra-c2012-2.5]
misra-c2023-2.5,/Users/stefan/.openclaw/workspace/yuleDKCS/tests/qemu_m33/third_party/FreeRTOS-Kernel/include/mpu_wrappers.h,148,style,misra violation (use --rule-texts=<file> to get proper output) [misra-c2012-2.5]
misra-c2023-2.5,/Users/stefan/.openclaw/workspace/yuleDKCS/tests/qemu_m33/third_party/FreeRTOS-Kernel/include/mpu_wrappers.h,149,style,misra violation (use --rule-texts=<file> to get proper output) [misra-c2012-2.5]
misra-c2023-2.5,/Users/stefan/.openclaw/workspace/yuleDKCS/tests/qemu_m33/third_party/FreeRTOS-Kernel/include/mpu_wrappers.h,150,style,misra violation (use --rule-texts=<file> to get proper output) [misra-c2012-2.5]
misra-c2023-2.5,/Users/stefan/.openclaw/workspace/yuleDKCS/tests/qemu_m33/third_party/FreeRTOS-Kernel/include/mpu_wrappers.h,151,style,misra violation (use --rule-texts=<file> to get proper output) [misra-c2012-2.5]
misra-c2023-2.5,/Users/stefan/.openclaw/workspace/yuleDKCS/tests/qemu_m33/third_party/FreeRTOS-Kernel/include/mpu_wrappers.h,152,style,misra violation (use --rule-texts=<file> to get proper output) [misra-c2012-2.5]
misra-c2023-2.5,/Users/stefan/.openclaw/workspace/yuleDKCS/tests/qemu_m33/third_party/FreeRTOS-Kernel/include/mpu_wrappers.h,153,style,misra violation (use --rule-texts=<file> to get proper output) [misra-c2012-2.5]
misra-c2023-2.5,/Users/stefan/.openclaw/workspace/yuleDKCS/tests/qemu_m33/third_party/FreeRTOS-Kernel/include/mpu_wrappers.h,154,style,misra violation (use --rule-texts=<file> to get proper output) [misra-c2012-2.5]
misra-c2023-2.5,/Users/stefan/.openclaw/workspace/yuleDKCS/tests/qemu_m33/third_party/FreeRTOS-Kernel/include/mpu_wrappers.h,157,style,misra violation (use --rule-texts=<file> to get proper output) [misra-c2012-2.5]
misra-c2023-2.5,/Users/stefan/.openclaw/workspace/yuleDKCS/tests/qemu_m33/third_party/FreeRTOS-Kernel/include/mpu_wrappers.h,158,style,misra violation (use --rule-texts=<file> to get proper output) [misra-c2012-2.5]
misra-c2023-2.5,/Users/stefan/.openclaw/workspace/yuleDKCS/tests/qemu_m33/third_party/FreeRTOS-Kernel/include/mpu_wrappers.h,159,style,misra violation (use --rule-texts=<file> to get proper output) [misra-c2012-2.5]
misra-c2023-2.5,/Users/stefan/.openclaw/workspace/yuleDKCS/tests/qemu_m33/third_party/FreeRTOS-Kernel/include/mpu_wrappers.h,160,style,misra violation (use --rule-texts=<file> to get proper output) [misra-c2012-2.5]
misra-c2023-2.5,/Users/stefan/.openclaw/workspace/yuleDKCS/tests/qemu_m33/third_party/FreeRTOS-Kernel/include/mpu_wrappers.h,161,style,misra violation (use --rule-texts=<file> to get proper output) [misra-c2012-2.5]
misra-c2023-2.5,/Users/stefan/.openclaw/workspace/yuleDKCS/tests/qemu_m33/third_party/FreeRTOS-Kernel/include/mpu_wrappers.h,162,style,misra violation (use --rule-texts=<file> to get proper output) [misra-c2012-2.5]
misra-c2023-2.5,/Users/stefan/.openclaw/workspace/yuleDKCS/tests/qemu_m33/third_party/FreeRTOS-Kernel/include/mpu_wrappers.h,163,style,misra violation (use --rule-texts=<file> to get proper output) [misra-c2012-2.5]
misra-c2023-2.5,/Users/stefan/.openclaw/workspace/yuleDKCS/tests/qemu_m33/third_party/FreeRTOS-Kernel/include/mpu_wrappers.h,164,style,misra violation (use --rule-texts=<file> to get proper output) [misra-c2012-2.5]
misra-c2023-2.5,/Users/stefan/.openclaw/workspace/yuleDKCS/tests/qemu_m33/third_party/FreeRTOS-Kernel/include/mpu_wrappers.h,165,style,misra violation (use --rule-texts=<file> to get proper output) [misra-c2012-2.5]
misra-c2023-2.5,/Users/stefan/.openclaw/workspace/yuleDKCS/tests/qemu_m33/third_party/FreeRTOS-Kernel/include/mpu_wrappers.h,166,style,misra violation (use --rule-texts=<file> to get proper output) [misra-c2012-2.5]
misra-c2023-2.5,/Users/stefan/.openclaw/workspace/yuleDKCS/tests/qemu_m33/third_party/FreeRTOS-Kernel/include/mpu_wrappers.h,170,style,misra violation (use --rule-texts=<file> to get proper output) [misra-c2012-2.5]
misra-c2023-2.5,/Users/stefan/.openclaw/workspace/yuleDKCS/tests/qemu_m33/third_party/FreeRTOS-Kernel/include/mpu_wrappers.h,171,style,misra violation (use --rule-texts=<file> to get proper output) [misra-c2012-2.5]
misra-c2023-2.5,/Users/stefan/.openclaw/workspace/yuleDKCS/tests/qemu_m33/third_party/FreeRTOS-Kernel/include/mpu_wrappers.h,172,style,misra violation (use --rule-texts=<file> to get proper output) [misra-c2012-2.5]
misra-c2023-2.5,/Users/stefan/.openclaw/workspace/yuleDKCS/tests/qemu_m33/third_party/FreeRTOS-Kernel/include/mpu_wrappers.h,173,style,misra violation (use --rule-texts=<file> to get proper output) [misra-c2012-2.5]
misra-c2023-2.5,/Users/stefan/.openclaw/workspace/yuleDKCS/tests/qemu_m33/third_party/FreeRTOS-Kernel/include/mpu_wrappers.h,174,style,misra violation (use --rule-texts=<file> to get proper output) [misra-c2012-2.5]
misra-c2023-2.5,/Users/stefan/.openclaw/workspace/yuleDKCS/tests/qemu_m33/third_party/FreeRTOS-Kernel/include/mpu_wrappers.h,175,style,misra violation (use --rule-texts=<file> to get proper output) [misra-c2012-2.5]
misra-c2023-2.5,/Users/stefan/.openclaw/workspace/yuleDKCS/tests/qemu_m33/third_party/FreeRTOS-Kernel/include/mpu_wrappers.h,176,style,misra violation (use --rule-texts=<file> to get proper output) [misra-c2012-2.5]
misra-c2023-2.5,/Users/stefan/.openclaw/workspace/yuleDKCS/tests/qemu_m33/third_party/FreeRTOS-Kernel/include/mpu_wrappers.h,177,style,misra violation (use --rule-texts=<file> to get proper output) [misra-c2012-2.5]
misra-c2023-2.5,/Users/stefan/.openclaw/workspace/yuleDKCS/tests/qemu_m33/third_party/FreeRTOS-Kernel/include/mpu_wrappers.h,178,style,misra violation (use --rule-texts=<file> to get proper output) [misra-c2012-2.5]
misra-c2023-2.5,/Users/stefan/.openclaw/workspace/yuleDKCS/tests/qemu_m33/third_party/FreeRTOS-Kernel/include/mpu_wrappers.h,179,style,misra violation (use --rule-texts=<file> to get proper output) [misra-c2012-2.5]
misra-c2023-2.5,/Users/stefan/.openclaw/workspace/yuleDKCS/tests/qemu_m33/third_party/FreeRTOS-Kernel/include/mpu_wrappers.h,182,style,misra violation (use --rule-texts=<file> to get proper output) [misra-c2012-2.5]
misra-c2023-2.5,/Users/stefan/.openclaw/workspace/yuleDKCS/tests/qemu_m33/third_party/FreeRTOS-Kernel/include/mpu_wrappers.h,189,style,misra violation (use --rule-texts=<file> to get proper output) [misra-c2012-2.5]
misra-c2023-2.5,/Users/stefan/.openclaw/workspace/yuleDKCS/tests/qemu_m33/third_party/FreeRTOS-Kernel/include/mpu_wrappers.h,190,style,misra violation (use --rule-texts=<file> to get proper output) [misra-c2012-2.5]
misra-c2023-2.5,/Users/stefan/.openclaw/workspace/yuleDKCS/tests/qemu_m33/third_party/FreeRTOS-Kernel/include/mpu_wrappers.h,191,style,misra violation (use --rule-texts=<file> to get proper output) [misra-c2012-2.5]
misra-c2023-2.5,/Users/stefan/.openclaw/workspace/yuleDKCS/tests/qemu_m33/third_party/FreeRTOS-Kernel/include/mpu_wrappers.h,192,style,misra violation (use --rule-texts=<file> to get proper output) [misra-c2012-2.5]
misra-c2023-2.5,/Users/stefan/.openclaw/workspace/yuleDKCS/tests/qemu_m33/third_party/FreeRTOS-Kernel/include/mpu_wrappers.h,193,style,misra violation (use --rule-texts=<file> to get proper output) [misra-c2012-2.5]
misra-c2023-2.5,/Users/stefan/.openclaw/workspace/yuleDKCS/tests/qemu_m33/third_party/FreeRTOS-Kernel/include/mpu_wrappers.h,197,style,misra violation (use --rule-texts=<file> to get proper output) [misra-c2012-2.5]
misra-c2023-2.5,/Users/stefan/.openclaw/workspace/yuleDKCS/tests/qemu_m33/third_party/FreeRTOS-Kernel/include/mpu_wrappers.h,198,style,misra violation (use --rule-texts=<file> to get proper output) [misra-c2012-2.5]
misra-c2023-2.5,/Users/stefan/.openclaw/workspace/yuleDKCS/tests/qemu_m33/third_party/FreeRTOS-Kernel/include/mpu_wrappers.h,199,style,misra violation (use --rule-texts=<file> to get proper output) [misra-c2012-2.5]
misra-c2023-2.5,/Users/stefan/.openclaw/workspace/yuleDKCS/tests/qemu_m33/third_party/FreeRTOS-Kernel/include/mpu_wrappers.h,200,style,misra violation (use --rule-texts=<file> to get proper output) [misra-c2012-2.5]
misra-c2023-2.5,/Users/stefan/.openclaw/workspace/yuleDKCS/tests/qemu_m33/third_party/FreeRTOS-Kernel/include/mpu_wrappers.h,203,style,misra violation (use --rule-texts=<file> to get proper output) [misra-c2012-2.5]
misra-c2023-2.5,/Users/stefan/.openclaw/workspace/yuleDKCS/tests/qemu_m33/third_party/FreeRTOS-Kernel/include/mpu_wrappers.h,204,style,misra violation (use --rule-texts=<file> to get proper output) [misra-c2012-2.5]
misra-c2023-2.5,/Users/stefan/.openclaw/workspace/yuleDKCS/tests/qemu_m33/third_party/FreeRTOS-Kernel/include/mpu_wrappers.h,210,style,misra violation (use --rule-texts=<file> to get proper output) [misra-c2012-2.5]
misra-c2023-2.5,/Users/stefan/.openclaw/workspace/yuleDKCS/tests/qemu_m33/third_party/FreeRTOS-Kernel/include/mpu_wrappers.h,211,style,misra violation (use --rule-texts=<file> to get proper output) [misra-c2012-2.5]
misra-c2023-2.5,/Users/stefan/.openclaw/workspace/yuleDKCS/tests/qemu_m33/third_party/FreeRTOS-Kernel/include/mpu_wrappers.h,212,style,misra violation (use --rule-texts=<file> to get proper output) [misra-c2012-2.5]
misra-c2023-2.5,/Users/stefan/.openclaw/workspace/yuleDKCS/tests/qemu_m33/third_party/FreeRTOS-Kernel/include/mpu_wrappers.h,215,style,misra violation (use --rule-texts=<file> to get proper output) [misra-c2012-2.5]
misra-c2023-2.5,/Users/stefan/.openclaw/workspace/yuleDKCS/tests/qemu_m33/third_party/FreeRTOS-Kernel/include/mpu_wrappers.h,216,style,misra violation (use --rule-texts=<file> to get proper output) [misra-c2012-2.5]
misra-c2023-2.5,/Users/stefan/.openclaw/workspace/yuleDKCS/tests/qemu_m33/third_party/FreeRTOS-Kernel/include/mpu_wrappers.h,217,style,misra violation (use --rule-texts=<file> to get proper output) [misra-c2012-2.5]
misra-c2023-2.5,/Users/stefan/.openclaw/workspace/yuleDKCS/tests/qemu_m33/third_party/FreeRTOS-Kernel/include/mpu_wrappers.h,218,style,misra violation (use --rule-texts=<file> to get proper output) [misra-c2012-2.5]
misra-c2023-2.5,/Users/stefan/.openclaw/workspace/yuleDKCS/tests/qemu_m33/third_party/FreeRTOS-Kernel/include/mpu_wrappers.h,223,style,misra violation (use --rule-texts=<file> to get proper output) [misra-c2012-2.5]
misra-c2023-2.5,/Users/stefan/.openclaw/workspace/yuleDKCS/tests/qemu_m33/third_party/FreeRTOS-Kernel/include/mpu_wrappers.h,224,style,misra violation (use --rule-texts=<file> to get proper output) [misra-c2012-2.5]
misra-c2023-2.5,/Users/stefan/.openclaw/workspace/yuleDKCS/tests/qemu_m33/third_party/FreeRTOS-Kernel/include/mpu_wrappers.h,225,style,misra violation (use --rule-texts=<file> to get proper output) [misra-c2012-2.5]
misra-c2023-2.5,/Users/stefan/.openclaw/workspace/yuleDKCS/tests/qemu_m33/third_party/FreeRTOS-Kernel/include/mpu_wrappers.h,226,style,misra violation (use --rule-texts=<file> to get proper output) [misra-c2012-2.5]
misra-c2023-2.5,/Users/stefan/.openclaw/workspace/yuleDKCS/tests/qemu_m33/third_party/FreeRTOS-Kernel/include/mpu_wrappers.h,227,style,misra violation (use --rule-texts=<file> to get proper output) [misra-c2012-2.5]
misra-c2023-2.5,/Users/stefan/.openclaw/workspace/yuleDKCS/tests/qemu_m33/third_party/FreeRTOS-Kernel/include/mpu_wrappers.h,228,style,misra violation (use --rule-texts=<file> to get proper output) [misra-c2012-2.5]
misra-c2023-2.5,/Users/stefan/.openclaw/workspace/yuleDKCS/tests/qemu_m33/third_party/FreeRTOS-Kernel/include/mpu_wrappers.h,229,style,misra violation (use --rule-texts=<file> to get proper output) [misra-c2012-2.5]
misra-c2023-2.5,/Users/stefan/.openclaw/workspace/yuleDKCS/tests/qemu_m33/third_party/FreeRTOS-Kernel/include/mpu_wrappers.h,230,style,misra violation (use --rule-texts=<file> to get proper output) [misra-c2012-2.5]
misra-c2023-2.5,/Users/stefan/.openclaw/workspace/yuleDKCS/tests/qemu_m33/third_party/FreeRTOS-Kernel/include/mpu_wrappers.h,236,style,misra violation (use --rule-texts=<file> to get proper output) [misra-c2012-2.5]
misra-c2023-2.5,/Users/stefan/.openclaw/workspace/yuleDKCS/tests/qemu_m33/third_party/FreeRTOS-Kernel/include/mpu_wrappers.h,237,style,misra violation (use --rule-texts=<file> to get proper output) [misra-c2012-2.5]
misra-c2023-2.5,/Users/stefan/.openclaw/workspace/yuleDKCS/tests/qemu_m33/third_party/FreeRTOS-Kernel/include/mpu_wrappers.h,238,style,misra violation (use --rule-texts=<file> to get proper output) [misra-c2012-2.5]
misra-c2023-2.5,/Users/stefan/.openclaw/workspace/yuleDKCS/tests/qemu_m33/third_party/FreeRTOS-Kernel/include/mpu_wrappers.h,239,style,misra violation (use --rule-texts=<file> to get proper output) [misra-c2012-2.5]
misra-c2023-2.5,/Users/stefan/.openclaw/workspace/yuleDKCS/tests/qemu_m33/third_party/FreeRTOS-Kernel/include/mpu_wrappers.h,242,style,misra violation (use --rule-texts=<file> to get proper output) [misra-c2012-2.5]
misra-c2023-2.5,/Users/stefan/.openclaw/workspace/yuleDKCS/tests/qemu_m33/third_party/FreeRTOS-Kernel/include/mpu_wrappers.h,243,style,misra violation (use --rule-texts=<file> to get proper output) [misra-c2012-2.5]
misra-c2023-2.5,/Users/stefan/.openclaw/workspace/yuleDKCS/tests/qemu_m33/third_party/FreeRTOS-Kernel/include/mpu_wrappers.h,244,style,misra violation (use --rule-texts=<file> to get proper output) [misra-c2012-2.5]
misra-c2023-2.5,/Users/stefan/.openclaw/workspace/yuleDKCS/tests/qemu_m33/third_party/FreeRTOS-Kernel/include/mpu_wrappers.h,245,style,misra violation (use --rule-texts=<file> to get proper output) [misra-c2012-2.5]
misra-c2023-2.5,/Users/stefan/.openclaw/workspace/yuleDKCS/tests/qemu_m33/third_party/FreeRTOS-Kernel/include/mpu_wrappers.h,246,style,misra violation (use --rule-texts=<file> to get proper output) [misra-c2012-2.5]
misra-c2023-2.5,/Users/stefan/.openclaw/workspace/yuleDKCS/tests/qemu_m33/third_party/FreeRTOS-Kernel/include/mpu_wrappers.h,247,style,misra violation (use --rule-texts=<file> to get proper output) [misra-c2012-2.5]
misra-c2023-2.5,/Users/stefan/.openclaw/workspace/yuleDKCS/tests/qemu_m33/third_party/FreeRTOS-Kernel/include/mpu_wrappers.h,252,style,misra violation (use --rule-texts=<file> to get proper output) [misra-c2012-2.5]
misra-c2023-2.5,/Users/stefan/.openclaw/workspace/yuleDKCS/tests/qemu_m33/third_party/FreeRTOS-Kernel/include/mpu_wrappers.h,256,style,misra violation (use --rule-texts=<file> to get proper output) [misra-c2012-2.5]
misra-c2023-2.5,/Users/stefan/.openclaw/workspace/yuleDKCS/tests/qemu_m33/third_party/FreeRTOS-Kernel/include/mpu_wrappers.h,258,style,misra violation (use --rule-texts=<file> to get proper output) [misra-c2012-2.5]
misra-c2023-2.5,/Users/stefan/.openclaw/workspace/yuleDKCS/tests/qemu_m33/third_party/FreeRTOS-Kernel/include/mpu_wrappers.h,259,style,misra violation (use --rule-texts=<file> to get proper output) [misra-c2012-2.5]
misra-c2023-2.5,/Users/stefan/.openclaw/workspace/yuleDKCS/tests/qemu_m33/third_party/FreeRTOS-Kernel/include/mpu_wrappers.h,261,style,misra violation (use --rule-texts=<file> to get proper output) [misra-c2012-2.5]
misra-c2023-2.5,/Users/stefan/.openclaw/workspace/yuleDKCS/tests/qemu_m33/third_party/FreeRTOS-Kernel/include/mpu_wrappers.h,262,style,misra violation (use --rule-texts=<file> to get proper output) [misra-c2012-2.5]
misra-c2023-2.5,/Users/stefan/.openclaw/workspace/yuleDKCS/tests/qemu_m33/third_party/FreeRTOS-Kernel/include/mpu_wrappers.h,264,style,misra violation (use --rule-texts=<file> to get proper output) [misra-c2012-2.5]
misra-c2023-2.5,/Users/stefan/.openclaw/workspace/yuleDKCS/tests/qemu_m33/third_party/FreeRTOS-Kernel/include/mpu_wrappers.h,265,style,misra violation (use --rule-texts=<file> to get proper output) [misra-c2012-2.5]
misra-c2023-2.5,/Users/stefan/.openclaw/workspace/yuleDKCS/tests/qemu_m33/third_party/FreeRTOS-Kernel/include/mpu_wrappers.h,267,style,misra violation (use --rule-texts=<file> to get proper output) [misra-c2012-2.5]
misra-c2023-2.5,/Users/stefan/.openclaw/workspace/yuleDKCS/tests/qemu_m33/third_party/FreeRTOS-Kernel/include/mpu_wrappers.h,268,style,misra violation (use --rule-texts=<file> to get proper output) [misra-c2012-2.5]
misra-c2023-2.5,/Users/stefan/.openclaw/workspace/yuleDKCS/tests/qemu_m33/third_party/FreeRTOS-Kernel/include/mpu_wrappers.h,270,style,misra violation (use --rule-texts=<file> to get proper output) [misra-c2012-2.5]
misra-c2023-2.5,/Users/stefan/.openclaw/workspace/yuleDKCS/tests/qemu_m33/third_party/FreeRTOS-Kernel/include/mpu_wrappers.h,271,style,misra violation (use --rule-texts=<file> to get proper output) [misra-c2012-2.5]
misra-c2023-2.5,/Users/stefan/.openclaw/workspace/yuleDKCS/tests/qemu_m33/third_party/FreeRTOS-Kernel/include/mpu_wrappers.h,273,style,misra violation (use --rule-texts=<file> to get proper output) [misra-c2012-2.5]
misra-c2023-2.5,/Users/stefan/.openclaw/workspace/yuleDKCS/tests/qemu_m33/third_party/FreeRTOS-Kernel/include/mpu_wrappers.h,274,style,misra violation (use --rule-texts=<file> to get proper output) [misra-c2012-2.5]
misra-c2023-2.5,/Users/stefan/.openclaw/workspace/yuleDKCS/tests/qemu_m33/third_party/FreeRTOS-Kernel/include/mpu_wrappers.h,276,style,misra violation (use --rule-texts=<file> to get proper output) [misra-c2012-2.5]
misra-c2023-2.5,/Users/stefan/.openclaw/workspace/yuleDKCS/tests/qemu_m33/third_party/FreeRTOS-Kernel/include/mpu_wrappers.h,277,style,misra violation (use --rule-texts=<file> to get proper output) [misra-c2012-2.5]
misra-c2023-2.5,/Users/stefan/.openclaw/workspace/yuleDKCS/tests/qemu_m33/third_party/FreeRTOS-Kernel/include/mpu_wrappers.h,290,style,misra violation (use --rule-texts=<file> to get proper output) [misra-c2012-2.5]
misra-c2023-2.5,/Users/stefan/.openclaw/workspace/yuleDKCS/tests/qemu_m33/third_party/FreeRTOS-Kernel/include/mpu_wrappers.h,291,style,misra violation (use --rule-texts=<file> to get proper output) [misra-c2012-2.5]
misra-c2023-2.5,/Users/stefan/.openclaw/workspace/yuleDKCS/tests/qemu_m33/third_party/FreeRTOS-Kernel/include/newlib-freertos.h,30,style,misra violation (use --rule-texts=<file> to get proper output) [misra-c2012-2.5]
misra-c2023-2.5,/Users/stefan/.openclaw/workspace/yuleDKCS/tests/qemu_m33/third_party/FreeRTOS-Kernel/include/picolibc-freertos.h,44,style,misra violation (use --rule-texts=<file> to get proper output) [misra-c2012-2.5]
misra-c2023-2.5,/Users/stefan/.openclaw/workspace/yuleDKCS/tests/qemu_m33/third_party/FreeRTOS-Kernel/include/picolibc-freertos.h,87,style,misra violation (use --rule-texts=<file> to get proper output) [misra-c2012-2.5]
misra-c2023-2.5,/Users/stefan/.openclaw/workspace/yuleDKCS/tests/qemu_m33/third_party/FreeRTOS-Kernel/include/picolibc-freertos.h,89,style,misra violation (use --rule-texts=<file> to get proper output) [misra-c2012-2.5]
misra-c2023-2.5,/Users/stefan/.openclaw/workspace/yuleDKCS/tests/qemu_m33/third_party/FreeRTOS-Kernel/include/picolibc-freertos.h,30,style,misra violation (use --rule-texts=<file> to get proper output) [misra-c2012-2.5]
misra-c2023-2.5,/Users/stefan/.openclaw/workspace/yuleDKCS/tests/qemu_m33/third_party/FreeRTOS-Kernel/include/picolibc-freertos.h,46,style,misra violation (use --rule-texts=<file> to get proper output) [misra-c2012-2.5]
misra-c2023-2.5,/Users/stefan/.openclaw/workspace/yuleDKCS/tests/qemu_m33/third_party/FreeRTOS-Kernel/include/picolibc-freertos.h,47,style,misra violation (use --rule-texts=<file> to get proper output) [misra-c2012-2.5]
misra-c2023-2.5,/Users/stefan/.openclaw/workspace/yuleDKCS/tests/qemu_m33/third_party/FreeRTOS-Kernel/include/picolibc-freertos.h,57,style,misra violation (use --rule-texts=<file> to get proper output) [misra-c2012-2.5]
misra-c2023-2.5,/Users/stefan/.openclaw/workspace/yuleDKCS/tests/qemu_m33/third_party/FreeRTOS-Kernel/include/portable.h,67,style,misra violation (use --rule-texts=<file> to get proper output) [misra-c2012-2.5]
misra-c2023-2.5,/Users/stefan/.openclaw/workspace/yuleDKCS/tests/qemu_m33/third_party/FreeRTOS-Kernel/include/portable.h,202,style,misra violation (use --rule-texts=<file> to get proper output) [misra-c2012-2.5]
misra-c2023-2.5,/Users/stefan/.openclaw/workspace/yuleDKCS/tests/qemu_m33/third_party/FreeRTOS-Kernel/include/portable.h,203,style,misra violation (use --rule-texts=<file> to get proper output) [misra-c2012-2.5]
misra-c2023-2.5,/Users/stefan/.openclaw/workspace/yuleDKCS/tests/qemu_m33/third_party/FreeRTOS-Kernel/include/projdefs.h,54,style,misra violation (use --rule-texts=<file> to get proper output) [misra-c2012-2.5]
misra-c2023-2.5,/Users/stefan/.openclaw/workspace/yuleDKCS/tests/qemu_m33/third_party/FreeRTOS-Kernel/include/projdefs.h,55,style,misra violation (use --rule-texts=<file> to get proper output) [misra-c2012-2.5]
misra-c2023-2.5,/Users/stefan/.openclaw/workspace/yuleDKCS/tests/qemu_m33/third_party/FreeRTOS-Kernel/include/projdefs.h,56,style,misra violation (use --rule-texts=<file> to get proper output) [misra-c2012-2.5]
misra-c2023-2.5,/Users/stefan/.openclaw/workspace/yuleDKCS/tests/qemu_m33/third_party/FreeRTOS-Kernel/include/projdefs.h,57,style,misra violation (use --rule-texts=<file> to get proper output) [misra-c2012-2.5]
misra-c2023-2.5,/Users/stefan/.openclaw/workspace/yuleDKCS/tests/qemu_m33/third_party/FreeRTOS-Kernel/include/projdefs.h,60,style,misra violation (use --rule-texts=<file> to get proper output) [misra-c2012-2.5]
misra-c2023-2.5,/Users/stefan/.openclaw/workspace/yuleDKCS/tests/qemu_m33/third_party/FreeRTOS-Kernel/include/projdefs.h,61,style,misra violation (use --rule-texts=<file> to get proper output) [misra-c2012-2.5]
misra-c2023-2.5,/Users/stefan/.openclaw/workspace/yuleDKCS/tests/qemu_m33/third_party/FreeRTOS-Kernel/include/projdefs.h,62,style,misra violation (use --rule-texts=<file> to get proper output) [misra-c2012-2.5]
misra-c2023-2.5,/Users/stefan/.openclaw/workspace/yuleDKCS/tests/qemu_m33/third_party/FreeRTOS-Kernel/include/projdefs.h,65,style,misra violation (use --rule-texts=<file> to get proper output) [misra-c2012-2.5]
misra-c2023-2.5,/Users/stefan/.openclaw/workspace/yuleDKCS/tests/qemu_m33/third_party/FreeRTOS-Kernel/include/projdefs.h,66,style,misra violation (use --rule-texts=<file> to get proper output) [misra-c2012-2.5]
misra-c2023-2.5,/Users/stefan/.openclaw/workspace/yuleDKCS/tests/qemu_m33/third_party/FreeRTOS-Kernel/include/projdefs.h,67,style,misra violation (use --rule-texts=<file> to get proper output) [misra-c2012-2.5]
misra-c2023-2.5,/Users/stefan/.openclaw/workspace/yuleDKCS/tests/qemu_m33/third_party/FreeRTOS-Kernel/include/projdefs.h,79,style,misra violation (use --rule-texts=<file> to get proper output) [misra-c2012-2.5]
misra-c2023-2.5,/Users/stefan/.openclaw/workspace/yuleDKCS/tests/qemu_m33/third_party/FreeRTOS-Kernel/include/projdefs.h,86,style,misra violation (use --rule-texts=<file> to get proper output) [misra-c2012-2.5]
misra-c2023-2.5,/Users/stefan/.openclaw/workspace/yuleDKCS/tests/qemu_m33/third_party/FreeRTOS-Kernel/include/projdefs.h,87,style,misra violation (use --rule-texts=<file> to get proper output) [misra-c2012-2.5]
misra-c2023-2.5,/Users/stefan/.openclaw/workspace/yuleDKCS/tests/qemu_m33/third_party/FreeRTOS-Kernel/include/projdefs.h,88,style,misra violation (use --rule-texts=<file> to get proper output) [misra-c2012-2.5]
misra-c2023-2.5,/Users/stefan/.openclaw/workspace/yuleDKCS/tests/qemu_m33/third_party/FreeRTOS-Kernel/include/projdefs.h,89,style,misra violation (use --rule-texts=<file> to get proper output) [misra-c2012-2.5]
misra-c2023-2.5,/Users/stefan/.openclaw/workspace/yuleDKCS/tests/qemu_m33/third_party/FreeRTOS-Kernel/include/projdefs.h,90,style,misra violation (use --rule-texts=<file> to get proper output) [misra-c2012-2.5]
misra-c2023-2.5,/Users/stefan/.openclaw/workspace/yuleDKCS/tests/qemu_m33/third_party/FreeRTOS-Kernel/include/projdefs.h,91,style,misra violation (use --rule-texts=<file> to get proper output) [misra-c2012-2.5]
misra-c2023-2.5,/Users/stefan/.openclaw/workspace/yuleDKCS/tests/qemu_m33/third_party/FreeRTOS-Kernel/include/projdefs.h,92,style,misra violation (use --rule-texts=<file> to get proper output) [misra-c2012-2.5]
misra-c2023-2.5,/Users/stefan/.openclaw/workspace/yuleDKCS/tests/qemu_m33/third_party/FreeRTOS-Kernel/include/projdefs.h,93,style,misra violation (use --rule-texts=<file> to get proper output) [misra-c2012-2.5]
misra-c2023-2.5,/Users/stefan/.openclaw/workspace/yuleDKCS/tests/qemu_m33/third_party/FreeRTOS-Kernel/include/projdefs.h,94,style,misra violation (use --rule-texts=<file> to get proper output) [misra-c2012-2.5]
misra-c2023-2.5,/Users/stefan/.openclaw/workspace/yuleDKCS/tests/qemu_m33/third_party/FreeRTOS-Kernel/include/projdefs.h,95,style,misra violation (use --rule-texts=<file> to get proper output) [misra-c2012-2.5]
misra-c2023-2.5,/Users/stefan/.openclaw/workspace/yuleDKCS/tests/qemu_m33/third_party/FreeRTOS-Kernel/include/projdefs.h,96,style,misra violation (use --rule-texts=<file> to get proper output) [misra-c2012-2.5]
misra-c2023-2.5,/Users/stefan/.openclaw/workspace/yuleDKCS/tests/qemu_m33/third_party/FreeRTOS-Kernel/include/projdefs.h,97,style,misra violation (use --rule-texts=<file> to get proper output) [misra-c2012-2.5]
misra-c2023-2.5,/Users/stefan/.openclaw/workspace/yuleDKCS/tests/qemu_m33/third_party/FreeRTOS-Kernel/include/projdefs.h,98,style,misra violation (use --rule-texts=<file> to get proper output) [misra-c2012-2.5]
misra-c2023-2.5,/Users/stefan/.openclaw/workspace/yuleDKCS/tests/qemu_m33/third_party/FreeRTOS-Kernel/include/projdefs.h,99,style,misra violation (use --rule-texts=<file> to get proper output) [misra-c2012-2.5]
misra-c2023-2.5,/Users/stefan/.openclaw/workspace/yuleDKCS/tests/qemu_m33/third_party/FreeRTOS-Kernel/include/projdefs.h,100,style,misra violation (use --rule-texts=<file> to get proper output) [misra-c2012-2.5]
misra-c2023-2.5,/Users/stefan/.openclaw/workspace/yuleDKCS/tests/qemu_m33/third_party/FreeRTOS-Kernel/include/projdefs.h,101,style,misra violation (use --rule-texts=<file> to get proper output) [misra-c2012-2.5]
misra-c2023-2.5,/Users/stefan/.openclaw/workspace/yuleDKCS/tests/qemu_m33/third_party/FreeRTOS-Kernel/include/projdefs.h,102,style,misra violation (use --rule-texts=<file> to get proper output) [misra-c2012-2.5]
misra-c2023-2.5,/Users/stefan/.openclaw/workspace/yuleDKCS/tests/qemu_m33/third_party/FreeRTOS-Kernel/include/projdefs.h,103,style,misra violation (use --rule-texts=<file> to get proper output) [misra-c2012-2.5]
misra-c2023-2.5,/Users/stefan/.openclaw/workspace/yuleDKCS/tests/qemu_m33/third_party/FreeRTOS-Kernel/include/projdefs.h,104,style,misra violation (use --rule-texts=<file> to get proper output) [misra-c2012-2.5]
misra-c2023-2.5,/Users/stefan/.openclaw/workspace/yuleDKCS/tests/qemu_m33/third_party/FreeRTOS-Kernel/include/projdefs.h,105,style,misra violation (use --rule-texts=<file> to get proper output) [misra-c2012-2.5]
misra-c2023-2.5,/Users/stefan/.openclaw/workspace/yuleDKCS/tests/qemu_m33/third_party/FreeRTOS-Kernel/include/projdefs.h,106,style,misra violation (use --rule-texts=<file> to get proper output) [misra-c2012-2.5]
misra-c2023-2.5,/Users/stefan/.openclaw/workspace/yuleDKCS/tests/qemu_m33/third_party/FreeRTOS-Kernel/include/projdefs.h,107,style,misra violation (use --rule-texts=<file> to get proper output) [misra-c2012-2.5]
misra-c2023-2.5,/Users/stefan/.openclaw/workspace/yuleDKCS/tests/qemu_m33/third_party/FreeRTOS-Kernel/include/projdefs.h,108,style,misra violation (use --rule-texts=<file> to get proper output) [misra-c2012-2.5]
misra-c2023-2.5,/Users/stefan/.openclaw/workspace/yuleDKCS/tests/qemu_m33/third_party/FreeRTOS-Kernel/include/projdefs.h,109,style,misra violation (use --rule-texts=<file> to get proper output) [misra-c2012-2.5]
misra-c2023-2.5,/Users/stefan/.openclaw/workspace/yuleDKCS/tests/qemu_m33/third_party/FreeRTOS-Kernel/include/projdefs.h,110,style,misra violation (use --rule-texts=<file> to get proper output) [misra-c2012-2.5]
misra-c2023-2.5,/Users/stefan/.openclaw/workspace/yuleDKCS/tests/qemu_m33/third_party/FreeRTOS-Kernel/include/projdefs.h,111,style,misra violation (use --rule-texts=<file> to get proper output) [misra-c2012-2.5]
misra-c2023-2.5,/Users/stefan/.openclaw/workspace/yuleDKCS/tests/qemu_m33/third_party/FreeRTOS-Kernel/include/projdefs.h,112,style,misra violation (use --rule-texts=<file> to get proper output) [misra-c2012-2.5]
misra-c2023-2.5,/Users/stefan/.openclaw/workspace/yuleDKCS/tests/qemu_m33/third_party/FreeRTOS-Kernel/include/projdefs.h,113,style,misra violation (use --rule-texts=<file> to get proper output) [misra-c2012-2.5]
misra-c2023-2.5,/Users/stefan/.openclaw/workspace/yuleDKCS/tests/qemu_m33/third_party/FreeRTOS-Kernel/include/projdefs.h,114,style,misra violation (use --rule-texts=<file> to get proper output) [misra-c2012-2.5]
misra-c2023-2.5,/Users/stefan/.openclaw/workspace/yuleDKCS/tests/qemu_m33/third_party/FreeRTOS-Kernel/include/projdefs.h,115,style,misra violation (use --rule-texts=<file> to get proper output) [misra-c2012-2.5]
misra-c2023-2.5,/Users/stefan/.openclaw/workspace/yuleDKCS/tests/qemu_m33/third_party/FreeRTOS-Kernel/include/projdefs.h,116,style,misra violation (use --rule-texts=<file> to get proper output) [misra-c2012-2.5]
misra-c2023-2.5,/Users/stefan/.openclaw/workspace/yuleDKCS/tests/qemu_m33/third_party/FreeRTOS-Kernel/include/projdefs.h,117,style,misra violation (use --rule-texts=<file> to get proper output) [misra-c2012-2.5]
misra-c2023-2.5,/Users/stefan/.openclaw/workspace/yuleDKCS/tests/qemu_m33/third_party/FreeRTOS-Kernel/include/projdefs.h,118,style,misra violation (use --rule-texts=<file> to get proper output) [misra-c2012-2.5]
misra-c2023-2.5,/Users/stefan/.openclaw/workspace/yuleDKCS/tests/qemu_m33/third_party/FreeRTOS-Kernel/include/projdefs.h,119,style,misra violation (use --rule-texts=<file> to get proper output) [misra-c2012-2.5]
misra-c2023-2.5,/Users/stefan/.openclaw/workspace/yuleDKCS/tests/qemu_m33/third_party/FreeRTOS-Kernel/include/projdefs.h,120,style,misra violation (use --rule-texts=<file> to get proper output) [misra-c2012-2.5]
misra-c2023-2.5,/Users/stefan/.openclaw/workspace/yuleDKCS/tests/qemu_m33/third_party/FreeRTOS-Kernel/include/projdefs.h,121,style,misra violation (use --rule-texts=<file> to get proper output) [misra-c2012-2.5]
misra-c2023-2.5,/Users/stefan/.openclaw/workspace/yuleDKCS/tests/qemu_m33/third_party/FreeRTOS-Kernel/include/projdefs.h,122,style,misra violation (use --rule-texts=<file> to get proper output) [misra-c2012-2.5]
misra-c2023-2.5,/Users/stefan/.openclaw/workspace/yuleDKCS/tests/qemu_m33/third_party/FreeRTOS-Kernel/include/projdefs.h,123,style,misra violation (use --rule-texts=<file> to get proper output) [misra-c2012-2.5]
misra-c2023-2.5,/Users/stefan/.openclaw/workspace/yuleDKCS/tests/qemu_m33/third_party/FreeRTOS-Kernel/include/projdefs.h,124,style,misra violation (use --rule-texts=<file> to get proper output) [misra-c2012-2.5]
misra-c2023-2.5,/Users/stefan/.openclaw/workspace/yuleDKCS/tests/qemu_m33/third_party/FreeRTOS-Kernel/include/projdefs.h,125,style,misra violation (use --rule-texts=<file> to get proper output) [misra-c2012-2.5]
misra-c2023-2.5,/Users/stefan/.openclaw/workspace/yuleDKCS/tests/qemu_m33/third_party/FreeRTOS-Kernel/include/projdefs.h,126,style,misra violation (use --rule-texts=<file> to get proper output) [misra-c2012-2.5]
misra-c2023-2.5,/Users/stefan/.openclaw/workspace/yuleDKCS/tests/qemu_m33/third_party/FreeRTOS-Kernel/include/projdefs.h,130,style,misra violation (use --rule-texts=<file> to get proper output) [misra-c2012-2.5]
misra-c2023-2.5,/Users/stefan/.openclaw/workspace/yuleDKCS/tests/qemu_m33/third_party/FreeRTOS-Kernel/include/projdefs.h,131,style,misra violation (use --rule-texts=<file> to get proper output) [misra-c2012-2.5]
misra-c2023-2.5,/Users/stefan/.openclaw/workspace/yuleDKCS/tests/qemu_m33/third_party/FreeRTOS-Kernel/include/projdefs.h,134,style,misra violation (use --rule-texts=<file> to get proper output) [misra-c2012-2.5]
misra-c2023-2.5,/Users/stefan/.openclaw/workspace/yuleDKCS/tests/qemu_m33/third_party/FreeRTOS-Kernel/include/projdefs.h,135,style,misra violation (use --rule-texts=<file> to get proper output) [misra-c2012-2.5]
misra-c2023-2.5,/Users/stefan/.openclaw/workspace/yuleDKCS/tests/qemu_m33/third_party/FreeRTOS-Kernel/include/task.h,57,style,misra violation (use --rule-texts=<file> to get proper output) [misra-c2012-2.5]
misra-c2023-2.5,/Users/stefan/.openclaw/workspace/yuleDKCS/tests/qemu_m33/third_party/FreeRTOS-Kernel/include/task.h,58,style,misra violation (use --rule-texts=<file> to get proper output) [misra-c2012-2.5]
misra-c2023-2.5,/Users/stefan/.openclaw/workspace/yuleDKCS/tests/qemu_m33/third_party/FreeRTOS-Kernel/include/task.h,59,style,misra violation (use --rule-texts=<file> to get proper output) [misra-c2012-2.5]
misra-c2023-2.5,/Users/stefan/.openclaw/workspace/yuleDKCS/tests/qemu_m33/third_party/FreeRTOS-Kernel/include/task.h,60,style,misra violation (use --rule-texts=<file> to get proper output) [misra-c2012-2.5]
misra-c2023-2.5,/Users/stefan/.openclaw/workspace/yuleDKCS/tests/qemu_m33/third_party/FreeRTOS-Kernel/include/task.h,64,style,misra violation (use --rule-texts=<file> to get proper output) [misra-c2012-2.5]
misra-c2023-2.5,/Users/stefan/.openclaw/workspace/yuleDKCS/tests/qemu_m33/third_party/FreeRTOS-Kernel/include/task.h,65,style,misra violation (use --rule-texts=<file> to get proper output) [misra-c2012-2.5]
misra-c2023-2.5,/Users/stefan/.openclaw/workspace/yuleDKCS/tests/qemu_m33/third_party/FreeRTOS-Kernel/include/task.h,66,style,misra violation (use --rule-texts=<file> to get proper output) [misra-c2012-2.5]
misra-c2023-2.5,/Users/stefan/.openclaw/workspace/yuleDKCS/tests/qemu_m33/third_party/FreeRTOS-Kernel/include/task.h,67,style,misra violation (use --rule-texts=<file> to get proper output) [misra-c2012-2.5]
misra-c2023-2.5,/Users/stefan/.openclaw/workspace/yuleDKCS/tests/qemu_m33/third_party/FreeRTOS-Kernel/include/task.h,68,style,misra violation (use --rule-texts=<file> to get proper output) [misra-c2012-2.5]
misra-c2023-2.5,/Users/stefan/.openclaw/workspace/yuleDKCS/tests/qemu_m33/third_party/FreeRTOS-Kernel/include/task.h,70,style,misra violation (use --rule-texts=<file> to get proper output) [misra-c2012-2.5]
misra-c2023-2.5,/Users/stefan/.openclaw/workspace/yuleDKCS/tests/qemu_m33/third_party/FreeRTOS-Kernel/include/task.h,72,style,misra violation (use --rule-texts=<file> to get proper output) [misra-c2012-2.5]
misra-c2023-2.5,/Users/stefan/.openclaw/workspace/yuleDKCS/tests/qemu_m33/third_party/FreeRTOS-Kernel/include/task.h,73,style,misra violation (use --rule-texts=<file> to get proper output) [misra-c2012-2.5]
misra-c2023-2.5,/Users/stefan/.openclaw/workspace/yuleDKCS/tests/qemu_m33/third_party/FreeRTOS-Kernel/include/task.h,74,style,misra violation (use --rule-texts=<file> to get proper output) [misra-c2012-2.5]
misra-c2023-2.5,/Users/stefan/.openclaw/workspace/yuleDKCS/tests/qemu_m33/third_party/FreeRTOS-Kernel/include/task.h,78,style,misra violation (use --rule-texts=<file> to get proper output) [misra-c2012-2.5]
misra-c2023-2.5,/Users/stefan/.openclaw/workspace/yuleDKCS/tests/qemu_m33/third_party/FreeRTOS-Kernel/include/task.h,79,style,misra violation (use --rule-texts=<file> to get proper output) [misra-c2012-2.5]
misra-c2023-2.5,/Users/stefan/.openclaw/workspace/yuleDKCS/tests/qemu_m33/third_party/FreeRTOS-Kernel/include/task.h,210,style,misra violation (use --rule-texts=<file> to get proper output) [misra-c2012-2.5]
misra-c2023-2.5,/Users/stefan/.openclaw/workspace/yuleDKCS/tests/qemu_m33/third_party/FreeRTOS-Kernel/include/task.h,217,style,misra violation (use --rule-texts=<file> to get proper output) [misra-c2012-2.5]
misra-c2023-2.5,/Users/stefan/.openclaw/workspace/yuleDKCS/tests/qemu_m33/third_party/FreeRTOS-Kernel/include/task.h,241,style,misra violation (use --rule-texts=<file> to get proper output) [misra-c2012-2.5]
misra-c2023-2.5,/Users/stefan/.openclaw/workspace/yuleDKCS/tests/qemu_m33/third_party/FreeRTOS-Kernel/include/task.h,245,style,misra violation (use --rule-texts=<file> to get proper output) [misra-c2012-2.5]
misra-c2023-2.5,/Users/stefan/.openclaw/workspace/yuleDKCS/tests/qemu_m33/third_party/FreeRTOS-Kernel/include/task.h,260,style,misra violation (use --rule-texts=<file> to get proper output) [misra-c2012-2.5]
misra-c2023-2.5,/Users/stefan/.openclaw/workspace/yuleDKCS/tests/qemu_m33/third_party/FreeRTOS-Kernel/include/task.h,264,style,misra violation (use --rule-texts=<file> to get proper output) [misra-c2012-2.5]
misra-c2023-2.5,/Users/stefan/.openclaw/workspace/yuleDKCS/tests/qemu_m33/third_party/FreeRTOS-Kernel/include/task.h,275,style,misra violation (use --rule-texts=<file> to get proper output) [misra-c2012-2.5]
misra-c2023-2.5,/Users/stefan/.openclaw/workspace/yuleDKCS/tests/qemu_m33/third_party/FreeRTOS-Kernel/include/task.h,285,style,misra violation (use --rule-texts=<file> to get proper output) [misra-c2012-2.5]
misra-c2023-2.5,/Users/stefan/.openclaw/workspace/yuleDKCS/tests/qemu_m33/third_party/FreeRTOS-Kernel/include/task.h,290,style,misra violation (use --rule-texts=<file> to get proper output) [misra-c2012-2.5]
misra-c2023-2.5,/Users/stefan/.openclaw/workspace/yuleDKCS/tests/qemu_m33/third_party/FreeRTOS-Kernel/include/task.h,291,style,misra violation (use --rule-texts=<file> to get proper output) [misra-c2012-2.5]
misra-c2023-2.5,/Users/stefan/.openclaw/workspace/yuleDKCS/tests/qemu_m33/third_party/FreeRTOS-Kernel/include/task.h,292,style,misra violation (use --rule-texts=<file> to get proper output) [misra-c2012-2.5]
misra-c2023-2.5,/Users/stefan/.openclaw/workspace/yuleDKCS/tests/qemu_m33/third_party/FreeRTOS-Kernel/include/task.h,295,style,misra violation (use --rule-texts=<file> to get proper output) [misra-c2012-2.5]
misra-c2023-2.5,/Users/stefan/.openclaw/workspace/yuleDKCS/tests/qemu_m33/third_party/FreeRTOS-Kernel/include/task.h,969,style,misra violation (use --rule-texts=<file> to get proper output) [misra-c2012-2.5]
misra-c2023-2.5,/Users/stefan/.openclaw/workspace/yuleDKCS/tests/qemu_m33/third_party/FreeRTOS-Kernel/include/task.h,2379,style,misra violation (use --rule-texts=<file> to get proper output) [misra-c2012-2.5]
misra-c2023-2.5,/Users/stefan/.openclaw/workspace/yuleDKCS/tests/qemu_m33/third_party/FreeRTOS-Kernel/include/task.h,2502,style,misra violation (use --rule-texts=<file> to get proper output) [misra-c2012-2.5]
misra-c2023-2.5,/Users/stefan/.openclaw/workspace/yuleDKCS/tests/qemu_m33/third_party/FreeRTOS-Kernel/include/task.h,2698,style,misra violation (use --rule-texts=<file> to get proper output) [misra-c2012-2.5]
misra-c2023-2.5,/Users/stefan/.openclaw/workspace/yuleDKCS/tests/qemu_m33/third_party/FreeRTOS-Kernel/include/task.h,2725,style,misra violation (use --rule-texts=<file> to get proper output) [misra-c2012-2.5]
misra-c2023-2.5,/Users/stefan/.openclaw/workspace/yuleDKCS/tests/qemu_m33/third_party/FreeRTOS-Kernel/include/task.h,2727,style,misra violation (use --rule-texts=<file> to get proper output) [misra-c2012-2.5]
misra-c2023-2.5,/Users/stefan/.openclaw/workspace/yuleDKCS/tests/qemu_m33/third_party/FreeRTOS-Kernel/include/task.h,2854,style,misra violation (use --rule-texts=<file> to get proper output) [misra-c2012-2.5]
misra-c2023-2.5,/Users/stefan/.openclaw/workspace/yuleDKCS/tests/qemu_m33/third_party/FreeRTOS-Kernel/include/task.h,2881,style,misra violation (use --rule-texts=<file> to get proper output) [misra-c2012-2.5]
misra-c2023-2.5,/Users/stefan/.openclaw/workspace/yuleDKCS/tests/qemu_m33/third_party/FreeRTOS-Kernel/include/task.h,2883,style,misra violation (use --rule-texts=<file> to get proper output) [misra-c2012-2.5]
misra-c2023-2.5,/Users/stefan/.openclaw/workspace/yuleDKCS/tests/qemu_m33/third_party/FreeRTOS-Kernel/include/task.h,2997,style,misra violation (use --rule-texts=<file> to get proper output) [misra-c2012-2.5]
misra-c2023-2.5,/Users/stefan/.openclaw/workspace/yuleDKCS/tests/qemu_m33/third_party/FreeRTOS-Kernel/include/task.h,3072,style,misra violation (use --rule-texts=<file> to get proper output) [misra-c2012-2.5]
misra-c2023-2.5,/Users/stefan/.openclaw/workspace/yuleDKCS/tests/qemu_m33/third_party/FreeRTOS-Kernel/include/task.h,3074,style,misra violation (use --rule-texts=<file> to get proper output) [misra-c2012-2.5]
misra-c2023-2.5,/Users/stefan/.openclaw/workspace/yuleDKCS/tests/qemu_m33/third_party/FreeRTOS-Kernel/include/task.h,3159,style,misra violation (use --rule-texts=<file> to get proper output) [misra-c2012-2.5]
misra-c2023-2.5,/Users/stefan/.openclaw/workspace/yuleDKCS/tests/qemu_m33/third_party/FreeRTOS-Kernel/include/task.h,3161,style,misra violation (use --rule-texts=<file> to get proper output) [misra-c2012-2.5]
misra-c2023-2.5,/Users/stefan/.openclaw/workspace/yuleDKCS/tests/qemu_m33/third_party/FreeRTOS-Kernel/include/task.h,3265,style,misra violation (use --rule-texts=<file> to get proper output) [misra-c2012-2.5]
misra-c2023-2.5,/Users/stefan/.openclaw/workspace/yuleDKCS/tests/qemu_m33/third_party/FreeRTOS-Kernel/include/task.h,3267,style,misra violation (use --rule-texts=<file> to get proper output) [misra-c2012-2.5]
misra-c2023-2.5,/Users/stefan/.openclaw/workspace/yuleDKCS/tests/qemu_m33/third_party/FreeRTOS-Kernel/include/task.h,3329,style,misra violation (use --rule-texts=<file> to get proper output) [misra-c2012-2.5]
misra-c2023-2.5,/Users/stefan/.openclaw/workspace/yuleDKCS/tests/qemu_m33/third_party/FreeRTOS-Kernel/include/task.h,3331,style,misra violation (use --rule-texts=<file> to get proper output) [misra-c2012-2.5]
misra-c2023-2.5,/Users/stefan/.openclaw/workspace/yuleDKCS/tests/qemu_m33/third_party/FreeRTOS-Kernel/include/task.h,3395,style,misra violation (use --rule-texts=<file> to get proper output) [misra-c2012-2.5]
misra-c2023-2.5,/Users/stefan/.openclaw/workspace/yuleDKCS/tests/qemu_m33/third_party/FreeRTOS-Kernel/include/task.h,3397,style,misra violation (use --rule-texts=<file> to get proper output) [misra-c2012-2.5]
misra-c2023-2.5,/Users/stefan/.openclaw/workspace/yuleDKCS/tests/qemu_m33/third_party/FreeRTOS-Kernel/include/task.h,3552,style,misra violation (use --rule-texts=<file> to get proper output) [misra-c2012-2.5]
misra-c2023-2.5,/Users/stefan/.openclaw/workspace/yuleDKCS/embedded/bsw_integration/include/Os_Cfg_Dk.h,64,style,misra violation (use --rule-texts=<file> to get proper output) [misra-c2012-2.5]
misra-c2023-2.5,/Users/stefan/.openclaw/workspace/yuleDKCS/embedded/bsw_integration/include/Os_Cfg_Dk.h,65,style,misra violation (use --rule-texts=<file> to get proper output) [misra-c2012-2.5]
misra-c2023-2.5,/Users/stefan/.openclaw/workspace/yuleDKCS/embedded/bsw_integration/include/Os_Cfg_Dk.h,66,style,misra violation (use --rule-texts=<file> to get proper output) [misra-c2012-2.5]
misra-c2023-2.5,/Users/stefan/.openclaw/workspace/yuleDKCS/embedded/bsw_integration/include/Os_Cfg_Dk.h,71,style,misra violation (use --rule-texts=<file> to get proper output) [misra-c2012-2.5]
misra-c2023-2.5,/Users/stefan/.openclaw/workspace/yuleDKCS/embedded/bsw_integration/include/Os_Cfg_Dk.h,72,style,misra violation (use --rule-texts=<file> to get proper output) [misra-c2012-2.5]
misra-c2023-2.5,/Users/stefan/.openclaw/workspace/yuleDKCS/embedded/bsw_integration/include/Os_Cfg_Dk.h,77,style,misra violation (use --rule-texts=<file> to get proper output) [misra-c2012-2.5]
misra-c2023-2.5,/Users/stefan/.openclaw/workspace/yuleDKCS/embedded/bsw_integration/include/Os_Cfg_Dk.h,78,style,misra violation (use --rule-texts=<file> to get proper output) [misra-c2012-2.5]
misra-c2023-2.5,/Users/stefan/.openclaw/workspace/yuleDKCS/embedded/bsw_integration/include/Os_Cfg_Dk.h,79,style,misra violation (use --rule-texts=<file> to get proper output) [misra-c2012-2.5]
misra-c2023-2.5,/Users/stefan/.openclaw/workspace/yuleDKCS/embedded/bsw_integration/include/Com_Cfg_Dk.h,42,style,misra violation (use --rule-texts=<file> to get proper output) [misra-c2012-2.5]
misra-c2023-2.5,/Users/stefan/.openclaw/workspace/yuleDKCS/embedded/bsw_integration/include/Com_Cfg_Dk.h,43,style,misra violation (use --rule-texts=<file> to get proper output) [misra-c2012-2.5]
misra-c2023-2.5,/Users/stefan/.openclaw/workspace/yuleDKCS/embedded/bsw_integration/include/Com_Cfg_Dk.h,65,style,misra violation (use --rule-texts=<file> to get proper output) [misra-c2012-2.5]
misra-c2023-2.5,/Users/stefan/.openclaw/workspace/yuleDKCS/embedded/bsw_integration/include/Com_Cfg_Dk.h,66,style,misra violation (use --rule-texts=<file> to get proper output) [misra-c2012-2.5]
misra-c2023-2.5,/Users/stefan/.openclaw/workspace/yuleDKCS/embedded/icce_protocol/include/icce_digital_key.h,130,style,misra violation (use --rule-texts=<file> to get proper output) [misra-c2012-2.5]
misra-c2023-2.5,/Users/stefan/.openclaw/workspace/yuleDKCS/embedded/bsw_integration/include/Dcm_Cfg_Dk.h,61,style,misra violation (use --rule-texts=<file> to get proper output) [misra-c2012-2.5]
misra-c2023-2.5,/Users/stefan/.openclaw/workspace/yuleDKCS/embedded/bsw_integration/include/Dcm_Cfg_Dk.h,70,style,misra violation (use --rule-texts=<file> to get proper output) [misra-c2012-2.5]
misra-c2023-2.5,/Users/stefan/.openclaw/workspace/yuleDKCS/embedded/bsw_integration/include/Dcm_Cfg_Dk.h,71,style,misra violation (use --rule-texts=<file> to get proper output) [misra-c2012-2.5]
misra-c2023-2.5,/Users/stefan/.openclaw/workspace/yuleDKCS/embedded/bsw_integration/include/Dcm_Cfg_Dk.h,77,style,misra violation (use --rule-texts=<file> to get proper output) [misra-c2012-2.5]
misra-c2023-2.5,/Users/stefan/.openclaw/workspace/yuleDKCS/embedded/bsw_integration/include/Dcm_Cfg_Dk.h,86,style,misra violation (use --rule-texts=<file> to get proper output) [misra-c2012-2.5]
misra-c2023-2.5,/Users/stefan/.openclaw/workspace/yuleDKCS/embedded/bsw_integration/include/Dcm_Cfg_Dk.h,87,style,misra violation (use --rule-texts=<file> to get proper output) [misra-c2012-2.5]
misra-c2023-2.5,/Users/stefan/.openclaw/workspace/yuleDKCS/embedded/bsw_integration/include/WdgM_Cfg_Dk.h,25,style,misra violation (use --rule-texts=<file> to get proper output) [misra-c2012-2.5]
misra-c2023-2.5,/Users/stefan/.openclaw/workspace/yuleDKCS/embedded/bsw_integration/include/WdgM_Cfg_Dk.h,26,style,misra violation (use --rule-texts=<file> to get proper output) [misra-c2012-2.5]
misra-c2023-2.5,/Users/stefan/.openclaw/workspace/yuleDKCS/embedded/bsw_integration/include/WdgM_Cfg_Dk.h,27,style,misra violation (use --rule-texts=<file> to get proper output) [misra-c2012-2.5]
misra-c2023-2.5,/Users/stefan/.openclaw/workspace/yuleDKCS/embedded/bsw_integration/include/WdgM_Cfg_Dk.h,28,style,misra violation (use --rule-texts=<file> to get proper output) [misra-c2012-2.5]
misra-c2023-2.5,/Users/stefan/.openclaw/workspace/yuleDKCS/embedded/bsw_integration/include/WdgM_Cfg_Dk.h,29,style,misra violation (use --rule-texts=<file> to get proper output) [misra-c2012-2.5]
misra-c2023-2.5,/Users/stefan/.openclaw/workspace/yuleDKCS/embedded/bsw_integration/include/WdgM_Cfg_Dk.h,42,style,misra violation (use --rule-texts=<file> to get proper output) [misra-c2012-2.5]
misra-c2023-2.5,/Users/stefan/.openclaw/workspace/yuleDKCS/embedded/bsw_integration/include/WdgM_Cfg_Dk.h,43,style,misra violation (use --rule-texts=<file> to get proper output) [misra-c2012-2.5]
misra-c2023-2.5,/Users/stefan/.openclaw/workspace/yuleDKCS/embedded/bsw_integration/include/WdgM_Cfg_Dk.h,48,style,misra violation (use --rule-texts=<file> to get proper output) [misra-c2012-2.5]
misra-c2023-2.5,/Users/stefan/.openclaw/workspace/yuleDKCS/embedded/bsw_integration/include/WdgM_Cfg_Dk.h,49,style,misra violation (use --rule-texts=<file> to get proper output) [misra-c2012-2.5]
misra-c2023-2.5,/Users/stefan/.openclaw/workspace/yuleDKCS/embedded/bsw_integration/include/WdgM_Cfg_Dk.h,50,style,misra violation (use --rule-texts=<file> to get proper output) [misra-c2012-2.5]
misra-c2023-2.5,/Users/stefan/.openclaw/workspace/yuleDKCS/embedded/bsw_integration/include/WdgM_Cfg_Dk.h,55,style,misra violation (use --rule-texts=<file> to get proper output) [misra-c2012-2.5]
misra-c2023-2.5,/Users/stefan/.openclaw/workspace/yuleDKCS/embedded/bsw_integration/include/WdgM_Cfg_Dk.h,56,style,misra violation (use --rule-texts=<file> to get proper output) [misra-c2012-2.5]
misra-c2023-2.5,/Users/stefan/.openclaw/workspace/yuleDKCS/embedded/bsw_integration/include/WdgM_Cfg_Dk.h,57,style,misra violation (use --rule-texts=<file> to get proper output) [misra-c2012-2.5]
misra-c2023-2.5,/Users/stefan/.openclaw/workspace/yuleDKCS/embedded/bsw_integration/include/WdgM_Cfg_Dk.h,62,style,misra violation (use --rule-texts=<file> to get proper output) [misra-c2012-2.5]
misra-c2023-2.5,/Users/stefan/.openclaw/workspace/yuleDKCS/embedded/bsw_integration/include/WdgM_Cfg_Dk.h,63,style,misra violation (use --rule-texts=<file> to get proper output) [misra-c2012-2.5]
misra-c2023-2.5,/Users/stefan/.openclaw/workspace/yuleDKCS/embedded/bsw_integration/include/WdgM_Cfg_Dk.h,64,style,misra violation (use --rule-texts=<file> to get proper output) [misra-c2012-2.5]
misra-c2023-2.5,/Users/stefan/.openclaw/workspace/yuleDKCS/embedded/bsw_integration/include/WdgM_Cfg_Dk.h,69,style,misra violation (use --rule-texts=<file> to get proper output) [misra-c2012-2.5]
misra-c2023-2.5,/Users/stefan/.openclaw/workspace/yuleDKCS/embedded/unified_protocol/include/dk_unified.h,33,style,misra violation (use --rule-texts=<file> to get proper output) [misra-c2012-2.5]
misra-c2023-2.5,/Users/stefan/.openclaw/workspace/yuleDKCS/embedded/unified_protocol/include/dk_unified.h,34,style,misra violation (use --rule-texts=<file> to get proper output) [misra-c2012-2.5]
misra-c2023-2.5,/Users/stefan/.openclaw/workspace/yuleDKCS/embedded/unified_protocol/include/dk_unified.h,35,style,misra violation (use --rule-texts=<file> to get proper output) [misra-c2012-2.5]
misra-c2023-2.5,/Users/stefan/.openclaw/workspace/yuleDKCS/embedded/unified_protocol/include/dk_unified.h,37,style,misra violation (use --rule-texts=<file> to get proper output) [misra-c2012-2.5]
misra-c2023-2.5,/Users/stefan/.openclaw/workspace/yuleDKCS/embedded/unified_protocol/include/dk_unified.h,38,style,misra violation (use --rule-texts=<file> to get proper output) [misra-c2012-2.5]
misra-c2023-2.5,/Users/stefan/.openclaw/workspace/yuleDKCS/embedded/unified_protocol/include/dk_unified.h,85,style,misra violation (use --rule-texts=<file> to get proper output) [misra-c2012-2.5]
misra-c2023-2.5,/Users/stefan/.openclaw/workspace/yuleDKCS/embedded/unified_protocol/include/dk_unified.h,86,style,misra violation (use --rule-texts=<file> to get proper output) [misra-c2012-2.5]
misra-c2023-2.5,/Users/stefan/.openclaw/workspace/yuleDKCS/embedded/unified_protocol/include/dk_unified.h,88,style,misra violation (use --rule-texts=<file> to get proper output) [misra-c2012-2.5]
misra-c2023-2.5,/Users/stefan/.openclaw/workspace/yuleDKCS/embedded/unified_protocol/include/dk_unified.h,90,style,misra violation (use --rule-texts=<file> to get proper output) [misra-c2012-2.5]
misra-c2023-2.5,/Users/stefan/.openclaw/workspace/yuleDKCS/embedded/unified_protocol/include/dk_unified.h,215,style,misra violation (use --rule-texts=<file> to get proper output) [misra-c2012-2.5]
misra-c2023-2.5,/Users/stefan/.openclaw/workspace/yuleDKCS/embedded/unified_protocol/include/dk_unified.h,216,style,misra violation (use --rule-texts=<file> to get proper output) [misra-c2012-2.5]
misra-c2023-2.5,/Users/stefan/.openclaw/workspace/yuleDKCS/embedded/unified_protocol/include/dk_unified.h,217,style,misra violation (use --rule-texts=<file> to get proper output) [misra-c2012-2.5]
misra-c2023-2.5,/Users/stefan/.openclaw/workspace/yuleDKCS/embedded/unified_protocol/include/dk_unified.h,218,style,misra violation (use --rule-texts=<file> to get proper output) [misra-c2012-2.5]
misra-c2023-2.5,/Users/stefan/.openclaw/workspace/yuleDKCS/embedded/unified_protocol/include/dk_unified.h,219,style,misra violation (use --rule-texts=<file> to get proper output) [misra-c2012-2.5]
misra-c2023-2.5,/Users/stefan/.openclaw/workspace/yuleDKCS/embedded/unified_protocol/include/dk_unified.h,220,style,misra violation (use --rule-texts=<file> to get proper output) [misra-c2012-2.5]
misra-c2023-2.5,/Users/stefan/.openclaw/workspace/yuleDKCS/embedded/unified_protocol/include/dk_unified.h,249,style,misra violation (use --rule-texts=<file> to get proper output) [misra-c2012-2.5]
misra-c2023-2.5,/Users/stefan/.openclaw/workspace/yuleDKCS/embedded/unified_protocol/include/dk_unified.h,250,style,misra violation (use --rule-texts=<file> to get proper output) [misra-c2012-2.5]
