mode: set
github.com/frisky1985/yuleDKCS/backend/cloud/hub/internal/error/error.go:170.43,172.2 1 0
github.com/frisky1985/yuleDKCS/backend/cloud/hub/internal/error/error.go:175.36,177.2 1 0
github.com/frisky1985/yuleDKCS/backend/cloud/hub/internal/error/error.go:180.37,182.2 1 0
github.com/frisky1985/yuleDKCS/backend/cloud/hub/internal/error/error.go:185.36,186.35 1 0
github.com/frisky1985/yuleDKCS/backend/cloud/hub/internal/error/error.go:186.35,188.3 1 0
github.com/frisky1985/yuleDKCS/backend/cloud/hub/internal/error/error.go:189.2,189.53 1 0
github.com/frisky1985/yuleDKCS/backend/cloud/hub/internal/error/error.go:193.35,195.2 1 0
github.com/frisky1985/yuleDKCS/backend/cloud/hub/internal/error/error.go:198.51,205.2 1 0
github.com/frisky1985/yuleDKCS/backend/cloud/hub/internal/error/error.go:208.35,209.11 1 0
github.com/frisky1985/yuleDKCS/backend/cloud/hub/internal/error/error.go:210.23,211.19 1 0
github.com/frisky1985/yuleDKCS/backend/cloud/hub/internal/error/error.go:212.23,213.19 1 0
github.com/frisky1985/yuleDKCS/backend/cloud/hub/internal/error/error.go:214.20,215.16 1 0
github.com/frisky1985/yuleDKCS/backend/cloud/hub/internal/error/error.go:216.19,217.15 1 0
github.com/frisky1985/yuleDKCS/backend/cloud/hub/internal/error/error.go:218.23,219.19 1 0
github.com/frisky1985/yuleDKCS/backend/cloud/hub/internal/error/error.go:220.21,221.17 1 0
github.com/frisky1985/yuleDKCS/backend/cloud/hub/internal/error/error.go:222.22,223.18 1 0
github.com/frisky1985/yuleDKCS/backend/cloud/hub/internal/error/error.go:224.22,225.18 1 0
github.com/frisky1985/yuleDKCS/backend/cloud/hub/internal/error/error.go:226.25,227.21 1 0
github.com/frisky1985/yuleDKCS/backend/cloud/hub/internal/error/error.go:228.22,229.18 1 0
github.com/frisky1985/yuleDKCS/backend/cloud/hub/internal/error/error.go:230.19,231.15 1 0
github.com/frisky1985/yuleDKCS/backend/cloud/hub/internal/error/error.go:232.10,233.19 1 0
github.com/frisky1985/yuleDKCS/backend/cloud/hub/internal/error/error.go:247.64,253.2 1 0
github.com/frisky1985/yuleDKCS/backend/cloud/hub/internal/error/error.go:256.107,262.2 1 0
github.com/frisky1985/yuleDKCS/backend/cloud/hub/internal/error/error.go:265.86,272.2 1 0
github.com/frisky1985/yuleDKCS/backend/cloud/hub/internal/error/error.go:275.42,276.20 1 0
github.com/frisky1985/yuleDKCS/backend/cloud/hub/internal/error/error.go:276.20,278.3 1 0
github.com/frisky1985/yuleDKCS/backend/cloud/hub/internal/error/error.go:279.2,279.62 1 0
github.com/frisky1985/yuleDKCS/backend/cloud/hub/internal/error/error.go:283.58,291.21 2 0
github.com/frisky1985/yuleDKCS/backend/cloud/hub/internal/error/error.go:291.21,293.3 1 0
github.com/frisky1985/yuleDKCS/backend/cloud/hub/internal/error/error.go:294.2,294.22 1 0
github.com/frisky1985/yuleDKCS/backend/cloud/hub/internal/error/error.go:294.22,296.3 1 0
github.com/frisky1985/yuleDKCS/backend/cloud/hub/internal/error/error.go:297.2,297.15 1 0
github.com/frisky1985/yuleDKCS/backend/cloud/hub/internal/error/error.go:301.72,304.2 2 0
github.com/frisky1985/yuleDKCS/backend/cloud/hub/internal/error/error.go:307.86,308.22 1 0
github.com/frisky1985/yuleDKCS/backend/cloud/hub/internal/error/error.go:308.22,310.3 1 0
github.com/frisky1985/yuleDKCS/backend/cloud/hub/internal/error/error.go:311.2,312.10 2 0
github.com/frisky1985/yuleDKCS/backend/cloud/hub/internal/error/error.go:455.45,457.2 1 0
github.com/frisky1985/yuleDKCS/backend/cloud/hub/cmd/yuledkcs/main.go:19.13,30.16 8 0
github.com/frisky1985/yuleDKCS/backend/cloud/hub/cmd/yuledkcs/main.go:30.16,32.3 1 0
github.com/frisky1985/yuleDKCS/backend/cloud/hub/cmd/yuledkcs/main.go:33.2,43.18 4 0
github.com/frisky1985/yuleDKCS/backend/cloud/hub/cmd/yuledkcs/main.go:43.18,45.3 1 0
github.com/frisky1985/yuleDKCS/backend/cloud/hub/cmd/yuledkcs/main.go:48.2,50.15 2 0
github.com/frisky1985/yuleDKCS/backend/cloud/hub/cmd/yuledkcs/main.go:51.18,52.64 1 0
github.com/frisky1985/yuleDKCS/backend/cloud/hub/cmd/yuledkcs/main.go:54.21,55.56 1 0
github.com/frisky1985/yuleDKCS/backend/cloud/hub/cmd/yuledkcs/main.go:57.20,58.14 1 0
github.com/frisky1985/yuleDKCS/backend/cloud/hub/cmd/yuledkcs/main.go:59.10,60.73 1 0
github.com/frisky1985/yuleDKCS/backend/cloud/hub/cmd/yuledkcs/main.go:65.108,76.44 5 0
github.com/frisky1985/yuleDKCS/backend/cloud/hub/cmd/yuledkcs/main.go:76.44,78.3 1 0
github.com/frisky1985/yuleDKCS/backend/cloud/hub/cmd/yuledkcs/main.go:82.100,89.16 5 0
github.com/frisky1985/yuleDKCS/backend/cloud/hub/cmd/yuledkcs/main.go:89.16,91.3 1 0
github.com/frisky1985/yuleDKCS/backend/cloud/hub/cmd/yuledkcs/main.go:93.2,98.39 5 0
github.com/frisky1985/yuleDKCS/backend/cloud/hub/cmd/yuledkcs/main.go:98.39,100.3 1 0
github.com/frisky1985/yuleDKCS/backend/cloud/hub/cmd/yuledkcs/main.go:104.116,120.12 7 0
github.com/frisky1985/yuleDKCS/backend/cloud/hub/cmd/yuledkcs/main.go:120.12,122.45 2 0
github.com/frisky1985/yuleDKCS/backend/cloud/hub/cmd/yuledkcs/main.go:122.45,124.4 1 0
github.com/frisky1985/yuleDKCS/backend/cloud/hub/cmd/yuledkcs/main.go:127.2,128.66 2 0
github.com/frisky1985/yuleDKCS/backend/cloud/hub/cmd/hub/main.go:24.13,70.16 23 0
github.com/frisky1985/yuleDKCS/backend/cloud/hub/cmd/hub/main.go:70.16,72.3 1 0
github.com/frisky1985/yuleDKCS/backend/cloud/hub/cmd/hub/main.go:74.2,74.12 1 0
github.com/frisky1985/yuleDKCS/backend/cloud/hub/cmd/hub/main.go:74.12,76.44 2 0
github.com/frisky1985/yuleDKCS/backend/cloud/hub/cmd/hub/main.go:76.44,78.4 1 0
github.com/frisky1985/yuleDKCS/backend/cloud/hub/cmd/hub/main.go:81.2,81.12 1 0
github.com/frisky1985/yuleDKCS/backend/cloud/hub/cmd/hub/main.go:81.12,83.43 2 0
github.com/frisky1985/yuleDKCS/backend/cloud/hub/cmd/hub/main.go:83.43,85.4 1 0
github.com/frisky1985/yuleDKCS/backend/cloud/hub/cmd/hub/main.go:89.2,96.28 7 0
github.com/frisky1985/yuleDKCS/backend/cloud/hub/api/v1/hub.pb.go:53.36,57.2 3 1
github.com/frisky1985/yuleDKCS/backend/cloud/hub/api/v1/hub.pb.go:59.35,61.2 1 1
github.com/frisky1985/yuleDKCS/backend/cloud/hub/api/v1/hub.pb.go:63.58,65.2 1 1
github.com/frisky1985/yuleDKCS/backend/cloud/hub/api/v1/hub.pb.go:67.46,69.2 1 0
github.com/frisky1985/yuleDKCS/backend/cloud/hub/api/v1/hub.pb.go:71.52,73.2 1 0
github.com/frisky1985/yuleDKCS/backend/cloud/hub/api/v1/hub.pb.go:76.50,78.2 1 0
github.com/frisky1985/yuleDKCS/backend/cloud/hub/api/v1/hub.pb.go:115.42,119.2 3 1
github.com/frisky1985/yuleDKCS/backend/cloud/hub/api/v1/hub.pb.go:121.38,123.2 1 1
github.com/frisky1985/yuleDKCS/backend/cloud/hub/api/v1/hub.pb.go:125.61,127.2 1 1
github.com/frisky1985/yuleDKCS/backend/cloud/hub/api/v1/hub.pb.go:129.49,131.2 1 0
github.com/frisky1985/yuleDKCS/backend/cloud/hub/api/v1/hub.pb.go:133.55,135.2 1 0
github.com/frisky1985/yuleDKCS/backend/cloud/hub/api/v1/hub.pb.go:138.53,140.2 1 0
github.com/frisky1985/yuleDKCS/backend/cloud/hub/api/v1/hub.pb.go:171.34,175.2 3 1
github.com/frisky1985/yuleDKCS/backend/cloud/hub/api/v1/hub.pb.go:177.34,179.2 1 1
github.com/frisky1985/yuleDKCS/backend/cloud/hub/api/v1/hub.pb.go:181.57,183.2 1 1
github.com/frisky1985/yuleDKCS/backend/cloud/hub/api/v1/hub.pb.go:185.45,187.2 1 0
github.com/frisky1985/yuleDKCS/backend/cloud/hub/api/v1/hub.pb.go:189.51,191.2 1 0
github.com/frisky1985/yuleDKCS/backend/cloud/hub/api/v1/hub.pb.go:194.49,196.2 1 0
github.com/frisky1985/yuleDKCS/backend/cloud/hub/api/v1/hub.pb.go:227.38,231.2 3 1
github.com/frisky1985/yuleDKCS/backend/cloud/hub/api/v1/hub.pb.go:233.36,235.2 1 1
github.com/frisky1985/yuleDKCS/backend/cloud/hub/api/v1/hub.pb.go:237.59,239.2 1 1
github.com/frisky1985/yuleDKCS/backend/cloud/hub/api/v1/hub.pb.go:241.47,243.2 1 0
github.com/frisky1985/yuleDKCS/backend/cloud/hub/api/v1/hub.pb.go:245.53,247.2 1 0
github.com/frisky1985/yuleDKCS/backend/cloud/hub/api/v1/hub.pb.go:250.51,252.2 1 0
github.com/frisky1985/yuleDKCS/backend/cloud/hub/api/v1/hub.pb.go:269.31,274.2 4 0
github.com/frisky1985/yuleDKCS/backend/cloud/hub/api/v1/hub.pb.go:276.39,278.2 1 0
github.com/frisky1985/yuleDKCS/backend/cloud/hub/api/v1/hub.pb.go:280.37,280.38 0 0
github.com/frisky1985/yuleDKCS/backend/cloud/hub/api/v1/hub.pb.go:282.59,284.14 2 0
github.com/frisky1985/yuleDKCS/backend/cloud/hub/api/v1/hub.pb.go:284.14,286.34 2 0
github.com/frisky1985/yuleDKCS/backend/cloud/hub/api/v1/hub.pb.go:286.34,288.4 1 0
github.com/frisky1985/yuleDKCS/backend/cloud/hub/api/v1/hub.pb.go:289.3,289.12 1 0
github.com/frisky1985/yuleDKCS/backend/cloud/hub/api/v1/hub.pb.go:291.2,291.24 1 0
github.com/frisky1985/yuleDKCS/backend/cloud/hub/api/v1/hub.pb.go:295.50,297.2 1 0
github.com/frisky1985/yuleDKCS/backend/cloud/hub/api/v1/hub.pb.go:299.38,300.14 1 0
github.com/frisky1985/yuleDKCS/backend/cloud/hub/api/v1/hub.pb.go:300.14,302.3 1 0
github.com/frisky1985/yuleDKCS/backend/cloud/hub/api/v1/hub.pb.go:303.2,303.14 1 0
github.com/frisky1985/yuleDKCS/backend/cloud/hub/api/v1/hub.pb.go:306.40,307.14 1 0
github.com/frisky1985/yuleDKCS/backend/cloud/hub/api/v1/hub.pb.go:307.14,309.3 1 0
github.com/frisky1985/yuleDKCS/backend/cloud/hub/api/v1/hub.pb.go:310.2,310.14 1 0
github.com/frisky1985/yuleDKCS/backend/cloud/hub/api/v1/hub.pb.go:313.40,314.14 1 0
github.com/frisky1985/yuleDKCS/backend/cloud/hub/api/v1/hub.pb.go:314.14,316.3 1 0
github.com/frisky1985/yuleDKCS/backend/cloud/hub/api/v1/hub.pb.go:317.2,317.14 1 0
github.com/frisky1985/yuleDKCS/backend/cloud/hub/api/v1/hub.pb.go:320.39,321.14 1 0
github.com/frisky1985/yuleDKCS/backend/cloud/hub/api/v1/hub.pb.go:321.14,323.3 1 0
github.com/frisky1985/yuleDKCS/backend/cloud/hub/api/v1/hub.pb.go:324.2,324.14 1 0
github.com/frisky1985/yuleDKCS/backend/cloud/hub/api/v1/hub.pb.go:327.40,328.14 1 0
github.com/frisky1985/yuleDKCS/backend/cloud/hub/api/v1/hub.pb.go:328.14,330.3 1 0
github.com/frisky1985/yuleDKCS/backend/cloud/hub/api/v1/hub.pb.go:331.2,331.14 1 0
github.com/frisky1985/yuleDKCS/backend/cloud/hub/api/v1/hub.pb.go:334.41,335.14 1 0
github.com/frisky1985/yuleDKCS/backend/cloud/hub/api/v1/hub.pb.go:335.14,337.3 1 0
github.com/frisky1985/yuleDKCS/backend/cloud/hub/api/v1/hub.pb.go:338.2,338.14 1 0
github.com/frisky1985/yuleDKCS/backend/cloud/hub/api/v1/hub.pb.go:341.38,342.14 1 0
github.com/frisky1985/yuleDKCS/backend/cloud/hub/api/v1/hub.pb.go:342.14,344.3 1 0
github.com/frisky1985/yuleDKCS/backend/cloud/hub/api/v1/hub.pb.go:345.2,345.14 1 0
github.com/frisky1985/yuleDKCS/backend/cloud/hub/api/v1/hub.pb.go:348.38,349.14 1 0
github.com/frisky1985/yuleDKCS/backend/cloud/hub/api/v1/hub.pb.go:349.14,351.3 1 0
github.com/frisky1985/yuleDKCS/backend/cloud/hub/api/v1/hub.pb.go:352.2,352.14 1 0
github.com/frisky1985/yuleDKCS/backend/cloud/hub/api/v1/hub.pb.go:378.30,383.2 4 0
github.com/frisky1985/yuleDKCS/backend/cloud/hub/api/v1/hub.pb.go:385.38,387.2 1 0
github.com/frisky1985/yuleDKCS/backend/cloud/hub/api/v1/hub.pb.go:389.36,389.37 0 0
github.com/frisky1985/yuleDKCS/backend/cloud/hub/api/v1/hub.pb.go:391.58,393.14 2 0
github.com/frisky1985/yuleDKCS/backend/cloud/hub/api/v1/hub.pb.go:393.14,395.34 2 0
github.com/frisky1985/yuleDKCS/backend/cloud/hub/api/v1/hub.pb.go:395.34,397.4 1 0
github.com/frisky1985/yuleDKCS/backend/cloud/hub/api/v1/hub.pb.go:398.3,398.12 1 0
github.com/frisky1985/yuleDKCS/backend/cloud/hub/api/v1/hub.pb.go:400.2,400.24 1 0
github.com/frisky1985/yuleDKCS/backend/cloud/hub/api/v1/hub.pb.go:404.49,406.2 1 0
github.com/frisky1985/yuleDKCS/backend/cloud/hub/api/v1/hub.pb.go:408.40,409.14 1 0
github.com/frisky1985/yuleDKCS/backend/cloud/hub/api/v1/hub.pb.go:409.14,411.3 1 0
github.com/frisky1985/yuleDKCS/backend/cloud/hub/api/v1/hub.pb.go:412.2,412.11 1 0
github.com/frisky1985/yuleDKCS/backend/cloud/hub/api/v1/hub.pb.go:415.44,416.14 1 0
github.com/frisky1985/yuleDKCS/backend/cloud/hub/api/v1/hub.pb.go:416.14,418.3 1 0
github.com/frisky1985/yuleDKCS/backend/cloud/hub/api/v1/hub.pb.go:419.2,419.11 1 0
github.com/frisky1985/yuleDKCS/backend/cloud/hub/api/v1/hub.pb.go:422.43,423.14 1 0
github.com/frisky1985/yuleDKCS/backend/cloud/hub/api/v1/hub.pb.go:423.14,425.3 1 0
github.com/frisky1985/yuleDKCS/backend/cloud/hub/api/v1/hub.pb.go:426.2,426.11 1 0
github.com/frisky1985/yuleDKCS/backend/cloud/hub/api/v1/hub.pb.go:429.41,430.14 1 0
github.com/frisky1985/yuleDKCS/backend/cloud/hub/api/v1/hub.pb.go:430.14,432.3 1 0
github.com/frisky1985/yuleDKCS/backend/cloud/hub/api/v1/hub.pb.go:433.2,433.11 1 0
github.com/frisky1985/yuleDKCS/backend/cloud/hub/api/v1/hub.pb.go:436.43,437.14 1 0
github.com/frisky1985/yuleDKCS/backend/cloud/hub/api/v1/hub.pb.go:437.14,439.3 1 0
github.com/frisky1985/yuleDKCS/backend/cloud/hub/api/v1/hub.pb.go:440.2,440.37 1 0
github.com/frisky1985/yuleDKCS/backend/cloud/hub/api/v1/hub.pb.go:443.45,444.14 1 0
github.com/frisky1985/yuleDKCS/backend/cloud/hub/api/v1/hub.pb.go:444.14,446.3 1 0
github.com/frisky1985/yuleDKCS/backend/cloud/hub/api/v1/hub.pb.go:447.2,447.38 1 0
github.com/frisky1985/yuleDKCS/backend/cloud/hub/api/v1/hub.pb.go:450.52,451.14 1 0
github.com/frisky1985/yuleDKCS/backend/cloud/hub/api/v1/hub.pb.go:451.14,453.3 1 0
github.com/frisky1985/yuleDKCS/backend/cloud/hub/api/v1/hub.pb.go:454.2,454.12 1 0
github.com/frisky1985/yuleDKCS/backend/cloud/hub/api/v1/hub.pb.go:457.47,458.14 1 0
github.com/frisky1985/yuleDKCS/backend/cloud/hub/api/v1/hub.pb.go:458.14,460.3 1 0
github.com/frisky1985/yuleDKCS/backend/cloud/hub/api/v1/hub.pb.go:461.2,461.10 1 0
github.com/frisky1985/yuleDKCS/backend/cloud/hub/api/v1/hub.pb.go:464.60,465.14 1 0
github.com/frisky1985/yuleDKCS/backend/cloud/hub/api/v1/hub.pb.go:465.14,467.3 1 0
github.com/frisky1985/yuleDKCS/backend/cloud/hub/api/v1/hub.pb.go:468.2,468.12 1 0
github.com/frisky1985/yuleDKCS/backend/cloud/hub/api/v1/hub.pb.go:471.41,472.14 1 0
github.com/frisky1985/yuleDKCS/backend/cloud/hub/api/v1/hub.pb.go:472.14,474.3 1 0
github.com/frisky1985/yuleDKCS/backend/cloud/hub/api/v1/hub.pb.go:475.2,475.10 1 0
github.com/frisky1985/yuleDKCS/backend/cloud/hub/api/v1/hub.pb.go:478.43,479.14 1 0
github.com/frisky1985/yuleDKCS/backend/cloud/hub/api/v1/hub.pb.go:479.14,481.3 1 0
github.com/frisky1985/yuleDKCS/backend/cloud/hub/api/v1/hub.pb.go:482.2,482.10 1 0
github.com/frisky1985/yuleDKCS/backend/cloud/hub/api/v1/hub.pb.go:485.44,486.14 1 0
github.com/frisky1985/yuleDKCS/backend/cloud/hub/api/v1/hub.pb.go:486.14,488.3 1 0
github.com/frisky1985/yuleDKCS/backend/cloud/hub/api/v1/hub.pb.go:489.2,489.10 1 0
github.com/frisky1985/yuleDKCS/backend/cloud/hub/api/v1/hub.pb.go:492.44,493.14 1 0
github.com/frisky1985/yuleDKCS/backend/cloud/hub/api/v1/hub.pb.go:493.14,495.3 1 0
github.com/frisky1985/yuleDKCS/backend/cloud/hub/api/v1/hub.pb.go:496.2,496.41 1 0
github.com/frisky1985/yuleDKCS/backend/cloud/hub/api/v1/hub.pb.go:499.43,500.14 1 0
github.com/frisky1985/yuleDKCS/backend/cloud/hub/api/v1/hub.pb.go:500.14,502.3 1 0
github.com/frisky1985/yuleDKCS/backend/cloud/hub/api/v1/hub.pb.go:503.2,503.10 1 0
github.com/frisky1985/yuleDKCS/backend/cloud/hub/api/v1/hub.pb.go:506.44,507.14 1 0
github.com/frisky1985/yuleDKCS/backend/cloud/hub/api/v1/hub.pb.go:507.14,509.3 1 0
github.com/frisky1985/yuleDKCS/backend/cloud/hub/api/v1/hub.pb.go:510.2,510.10 1 0
github.com/frisky1985/yuleDKCS/backend/cloud/hub/api/v1/hub.pb.go:513.43,514.14 1 0
github.com/frisky1985/yuleDKCS/backend/cloud/hub/api/v1/hub.pb.go:514.14,516.3 1 0
github.com/frisky1985/yuleDKCS/backend/cloud/hub/api/v1/hub.pb.go:517.2,517.10 1 0
github.com/frisky1985/yuleDKCS/backend/cloud/hub/api/v1/hub.pb.go:529.35,534.2 4 0
github.com/frisky1985/yuleDKCS/backend/cloud/hub/api/v1/hub.pb.go:536.43,538.2 1 0
github.com/frisky1985/yuleDKCS/backend/cloud/hub/api/v1/hub.pb.go:540.41,540.42 0 0
github.com/frisky1985/yuleDKCS/backend/cloud/hub/api/v1/hub.pb.go:542.63,544.14 2 0
github.com/frisky1985/yuleDKCS/backend/cloud/hub/api/v1/hub.pb.go:544.14,546.34 2 0
github.com/frisky1985/yuleDKCS/backend/cloud/hub/api/v1/hub.pb.go:546.34,548.4 1 0
github.com/frisky1985/yuleDKCS/backend/cloud/hub/api/v1/hub.pb.go:549.3,549.12 1 0
github.com/frisky1985/yuleDKCS/backend/cloud/hub/api/v1/hub.pb.go:551.2,551.24 1 0
github.com/frisky1985/yuleDKCS/backend/cloud/hub/api/v1/hub.pb.go:555.54,557.2 1 0
github.com/frisky1985/yuleDKCS/backend/cloud/hub/api/v1/hub.pb.go:559.49,560.14 1 0
github.com/frisky1985/yuleDKCS/backend/cloud/hub/api/v1/hub.pb.go:560.14,562.3 1 0
github.com/frisky1985/yuleDKCS/backend/cloud/hub/api/v1/hub.pb.go:563.2,563.12 1 0
github.com/frisky1985/yuleDKCS/backend/cloud/hub/api/v1/hub.pb.go:566.49,567.14 1 0
github.com/frisky1985/yuleDKCS/backend/cloud/hub/api/v1/hub.pb.go:567.14,569.3 1 0
github.com/frisky1985/yuleDKCS/backend/cloud/hub/api/v1/hub.pb.go:570.2,570.11 1 0
github.com/frisky1985/yuleDKCS/backend/cloud/hub/api/v1/hub.pb.go:573.47,574.14 1 0
github.com/frisky1985/yuleDKCS/backend/cloud/hub/api/v1/hub.pb.go:574.14,576.3 1 0
github.com/frisky1985/yuleDKCS/backend/cloud/hub/api/v1/hub.pb.go:577.2,577.11 1 0
github.com/frisky1985/yuleDKCS/backend/cloud/hub/api/v1/hub.pb.go:597.34,602.2 4 0
github.com/frisky1985/yuleDKCS/backend/cloud/hub/api/v1/hub.pb.go:604.42,606.2 1 0
github.com/frisky1985/yuleDKCS/backend/cloud/hub/api/v1/hub.pb.go:608.40,608.41 0 0
github.com/frisky1985/yuleDKCS/backend/cloud/hub/api/v1/hub.pb.go:610.62,612.14 2 0
github.com/frisky1985/yuleDKCS/backend/cloud/hub/api/v1/hub.pb.go:612.14,614.34 2 0
github.com/frisky1985/yuleDKCS/backend/cloud/hub/api/v1/hub.pb.go:614.34,616.4 1 0
github.com/frisky1985/yuleDKCS/backend/cloud/hub/api/v1/hub.pb.go:617.3,617.12 1 0
github.com/frisky1985/yuleDKCS/backend/cloud/hub/api/v1/hub.pb.go:619.2,619.24 1 0
github.com/frisky1985/yuleDKCS/backend/cloud/hub/api/v1/hub.pb.go:623.53,625.2 1 0
github.com/frisky1985/yuleDKCS/backend/cloud/hub/api/v1/hub.pb.go:627.48,628.14 1 0
github.com/frisky1985/yuleDKCS/backend/cloud/hub/api/v1/hub.pb.go:628.14,630.3 1 0
github.com/frisky1985/yuleDKCS/backend/cloud/hub/api/v1/hub.pb.go:631.2,631.11 1 0
github.com/frisky1985/yuleDKCS/backend/cloud/hub/api/v1/hub.pb.go:634.47,635.14 1 0
github.com/frisky1985/yuleDKCS/backend/cloud/hub/api/v1/hub.pb.go:635.14,637.3 1 0
github.com/frisky1985/yuleDKCS/backend/cloud/hub/api/v1/hub.pb.go:638.2,638.11 1 0
github.com/frisky1985/yuleDKCS/backend/cloud/hub/api/v1/hub.pb.go:641.45,642.14 1 0
github.com/frisky1985/yuleDKCS/backend/cloud/hub/api/v1/hub.pb.go:642.14,644.3 1 0
github.com/frisky1985/yuleDKCS/backend/cloud/hub/api/v1/hub.pb.go:645.2,645.11 1 0
github.com/frisky1985/yuleDKCS/backend/cloud/hub/api/v1/hub.pb.go:648.50,649.14 1 0
github.com/frisky1985/yuleDKCS/backend/cloud/hub/api/v1/hub.pb.go:649.14,651.3 1 0
github.com/frisky1985/yuleDKCS/backend/cloud/hub/api/v1/hub.pb.go:652.2,652.39 1 0
github.com/frisky1985/yuleDKCS/backend/cloud/hub/api/v1/hub.pb.go:655.49,656.14 1 0
github.com/frisky1985/yuleDKCS/backend/cloud/hub/api/v1/hub.pb.go:656.14,658.3 1 0
github.com/frisky1985/yuleDKCS/backend/cloud/hub/api/v1/hub.pb.go:659.2,659.38 1 0
github.com/frisky1985/yuleDKCS/backend/cloud/hub/api/v1/hub.pb.go:662.47,663.14 1 0
github.com/frisky1985/yuleDKCS/backend/cloud/hub/api/v1/hub.pb.go:663.14,665.3 1 0
github.com/frisky1985/yuleDKCS/backend/cloud/hub/api/v1/hub.pb.go:666.2,666.37 1 0
github.com/frisky1985/yuleDKCS/backend/cloud/hub/api/v1/hub.pb.go:669.56,670.14 1 0
github.com/frisky1985/yuleDKCS/backend/cloud/hub/api/v1/hub.pb.go:670.14,672.3 1 0
github.com/frisky1985/yuleDKCS/backend/cloud/hub/api/v1/hub.pb.go:673.2,673.12 1 0
github.com/frisky1985/yuleDKCS/backend/cloud/hub/api/v1/hub.pb.go:676.51,677.14 1 0
github.com/frisky1985/yuleDKCS/backend/cloud/hub/api/v1/hub.pb.go:677.14,679.3 1 0
github.com/frisky1985/yuleDKCS/backend/cloud/hub/api/v1/hub.pb.go:680.2,680.12 1 0
github.com/frisky1985/yuleDKCS/backend/cloud/hub/api/v1/hub.pb.go:683.47,684.14 1 0
github.com/frisky1985/yuleDKCS/backend/cloud/hub/api/v1/hub.pb.go:684.14,686.3 1 0
github.com/frisky1985/yuleDKCS/backend/cloud/hub/api/v1/hub.pb.go:687.2,687.10 1 0
github.com/frisky1985/yuleDKCS/backend/cloud/hub/api/v1/hub.pb.go:690.48,691.14 1 0
github.com/frisky1985/yuleDKCS/backend/cloud/hub/api/v1/hub.pb.go:691.14,693.3 1 0
github.com/frisky1985/yuleDKCS/backend/cloud/hub/api/v1/hub.pb.go:694.2,694.10 1 0
github.com/frisky1985/yuleDKCS/backend/cloud/hub/api/v1/hub.pb.go:697.46,698.14 1 0
github.com/frisky1985/yuleDKCS/backend/cloud/hub/api/v1/hub.pb.go:698.14,700.3 1 0
github.com/frisky1985/yuleDKCS/backend/cloud/hub/api/v1/hub.pb.go:701.2,701.11 1 0
github.com/frisky1985/yuleDKCS/backend/cloud/hub/api/v1/hub.pb.go:715.35,720.2 4 0
github.com/frisky1985/yuleDKCS/backend/cloud/hub/api/v1/hub.pb.go:722.43,724.2 1 0
github.com/frisky1985/yuleDKCS/backend/cloud/hub/api/v1/hub.pb.go:726.41,726.42 0 0
github.com/frisky1985/yuleDKCS/backend/cloud/hub/api/v1/hub.pb.go:728.63,730.14 2 0
github.com/frisky1985/yuleDKCS/backend/cloud/hub/api/v1/hub.pb.go:730.14,732.34 2 0
github.com/frisky1985/yuleDKCS/backend/cloud/hub/api/v1/hub.pb.go:732.34,734.4 1 0
github.com/frisky1985/yuleDKCS/backend/cloud/hub/api/v1/hub.pb.go:735.3,735.12 1 0
github.com/frisky1985/yuleDKCS/backend/cloud/hub/api/v1/hub.pb.go:737.2,737.24 1 0
github.com/frisky1985/yuleDKCS/backend/cloud/hub/api/v1/hub.pb.go:741.54,743.2 1 0
github.com/frisky1985/yuleDKCS/backend/cloud/hub/api/v1/hub.pb.go:745.48,746.14 1 0
github.com/frisky1985/yuleDKCS/backend/cloud/hub/api/v1/hub.pb.go:746.14,748.3 1 0
github.com/frisky1985/yuleDKCS/backend/cloud/hub/api/v1/hub.pb.go:749.2,749.12 1 0
github.com/frisky1985/yuleDKCS/backend/cloud/hub/api/v1/hub.pb.go:752.53,753.14 1 0
github.com/frisky1985/yuleDKCS/backend/cloud/hub/api/v1/hub.pb.go:753.14,755.3 1 0
github.com/frisky1985/yuleDKCS/backend/cloud/hub/api/v1/hub.pb.go:756.2,756.12 1 0
github.com/frisky1985/yuleDKCS/backend/cloud/hub/api/v1/hub.pb.go:759.52,760.14 1 0
github.com/frisky1985/yuleDKCS/backend/cloud/hub/api/v1/hub.pb.go:760.14,762.3 1 0
github.com/frisky1985/yuleDKCS/backend/cloud/hub/api/v1/hub.pb.go:763.2,763.12 1 0
github.com/frisky1985/yuleDKCS/backend/cloud/hub/api/v1/hub.pb.go:766.49,767.14 1 0
github.com/frisky1985/yuleDKCS/backend/cloud/hub/api/v1/hub.pb.go:767.14,769.3 1 0
github.com/frisky1985/yuleDKCS/backend/cloud/hub/api/v1/hub.pb.go:770.2,770.11 1 0
github.com/frisky1985/yuleDKCS/backend/cloud/hub/api/v1/hub.pb.go:773.48,774.14 1 0
github.com/frisky1985/yuleDKCS/backend/cloud/hub/api/v1/hub.pb.go:774.14,776.3 1 0
github.com/frisky1985/yuleDKCS/backend/cloud/hub/api/v1/hub.pb.go:777.2,777.11 1 0
github.com/frisky1985/yuleDKCS/backend/cloud/hub/api/v1/hub.pb.go:788.36,793.2 4 0
github.com/frisky1985/yuleDKCS/backend/cloud/hub/api/v1/hub.pb.go:795.44,797.2 1 0
github.com/frisky1985/yuleDKCS/backend/cloud/hub/api/v1/hub.pb.go:799.42,799.43 0 0
github.com/frisky1985/yuleDKCS/backend/cloud/hub/api/v1/hub.pb.go:801.64,803.14 2 0
github.com/frisky1985/yuleDKCS/backend/cloud/hub/api/v1/hub.pb.go:803.14,805.34 2 0
github.com/frisky1985/yuleDKCS/backend/cloud/hub/api/v1/hub.pb.go:805.34,807.4 1 0
github.com/frisky1985/yuleDKCS/backend/cloud/hub/api/v1/hub.pb.go:808.3,808.12 1 0
github.com/frisky1985/yuleDKCS/backend/cloud/hub/api/v1/hub.pb.go:810.2,810.24 1 0
github.com/frisky1985/yuleDKCS/backend/cloud/hub/api/v1/hub.pb.go:814.55,816.2 1 0
github.com/frisky1985/yuleDKCS/backend/cloud/hub/api/v1/hub.pb.go:818.46,819.14 1 0
github.com/frisky1985/yuleDKCS/backend/cloud/hub/api/v1/hub.pb.go:819.14,821.3 1 0
github.com/frisky1985/yuleDKCS/backend/cloud/hub/api/v1/hub.pb.go:822.2,822.11 1 0
github.com/frisky1985/yuleDKCS/backend/cloud/hub/api/v1/hub.pb.go:825.48,826.14 1 0
github.com/frisky1985/yuleDKCS/backend/cloud/hub/api/v1/hub.pb.go:826.14,828.3 1 0
github.com/frisky1985/yuleDKCS/backend/cloud/hub/api/v1/hub.pb.go:829.2,829.11 1 0
github.com/frisky1985/yuleDKCS/backend/cloud/hub/api/v1/hub.pb.go:839.37,844.2 4 0
github.com/frisky1985/yuleDKCS/backend/cloud/hub/api/v1/hub.pb.go:846.45,848.2 1 0
github.com/frisky1985/yuleDKCS/backend/cloud/hub/api/v1/hub.pb.go:850.43,850.44 0 0
github.com/frisky1985/yuleDKCS/backend/cloud/hub/api/v1/hub.pb.go:852.65,854.14 2 0
github.com/frisky1985/yuleDKCS/backend/cloud/hub/api/v1/hub.pb.go:854.14,856.34 2 0
github.com/frisky1985/yuleDKCS/backend/cloud/hub/api/v1/hub.pb.go:856.34,858.4 1 0
github.com/frisky1985/yuleDKCS/backend/cloud/hub/api/v1/hub.pb.go:859.3,859.12 1 0
github.com/frisky1985/yuleDKCS/backend/cloud/hub/api/v1/hub.pb.go:861.2,861.24 1 0
github.com/frisky1985/yuleDKCS/backend/cloud/hub/api/v1/hub.pb.go:865.56,867.2 1 0
github.com/frisky1985/yuleDKCS/backend/cloud/hub/api/v1/hub.pb.go:869.51,870.14 1 0
github.com/frisky1985/yuleDKCS/backend/cloud/hub/api/v1/hub.pb.go:870.14,872.3 1 0
github.com/frisky1985/yuleDKCS/backend/cloud/hub/api/v1/hub.pb.go:873.2,873.11 1 0
github.com/frisky1985/yuleDKCS/backend/cloud/hub/api/v1/hub.pb.go:885.37,890.2 4 0
github.com/frisky1985/yuleDKCS/backend/cloud/hub/api/v1/hub.pb.go:892.45,894.2 1 0
github.com/frisky1985/yuleDKCS/backend/cloud/hub/api/v1/hub.pb.go:896.43,896.44 0 0
github.com/frisky1985/yuleDKCS/backend/cloud/hub/api/v1/hub.pb.go:898.65,900.14 2 0
github.com/frisky1985/yuleDKCS/backend/cloud/hub/api/v1/hub.pb.go:900.14,902.34 2 0
github.com/frisky1985/yuleDKCS/backend/cloud/hub/api/v1/hub.pb.go:902.34,904.4 1 0
github.com/frisky1985/yuleDKCS/backend/cloud/hub/api/v1/hub.pb.go:905.3,905.12 1 0
github.com/frisky1985/yuleDKCS/backend/cloud/hub/api/v1/hub.pb.go:907.2,907.24 1 0
github.com/frisky1985/yuleDKCS/backend/cloud/hub/api/v1/hub.pb.go:911.56,913.2 1 0
github.com/frisky1985/yuleDKCS/backend/cloud/hub/api/v1/hub.pb.go:915.47,916.14 1 0
github.com/frisky1985/yuleDKCS/backend/cloud/hub/api/v1/hub.pb.go:916.14,918.3 1 0
github.com/frisky1985/yuleDKCS/backend/cloud/hub/api/v1/hub.pb.go:919.2,919.11 1 0
github.com/frisky1985/yuleDKCS/backend/cloud/hub/api/v1/hub.pb.go:922.48,923.14 1 0
github.com/frisky1985/yuleDKCS/backend/cloud/hub/api/v1/hub.pb.go:923.14,925.3 1 0
github.com/frisky1985/yuleDKCS/backend/cloud/hub/api/v1/hub.pb.go:926.2,926.11 1 0
github.com/frisky1985/yuleDKCS/backend/cloud/hub/api/v1/hub.pb.go:929.49,930.14 1 0
github.com/frisky1985/yuleDKCS/backend/cloud/hub/api/v1/hub.pb.go:930.14,932.3 1 0
github.com/frisky1985/yuleDKCS/backend/cloud/hub/api/v1/hub.pb.go:933.2,933.11 1 0
github.com/frisky1985/yuleDKCS/backend/cloud/hub/api/v1/hub.pb.go:943.38,948.2 4 0
github.com/frisky1985/yuleDKCS/backend/cloud/hub/api/v1/hub.pb.go:950.46,952.2 1 0
github.com/frisky1985/yuleDKCS/backend/cloud/hub/api/v1/hub.pb.go:954.44,954.45 0 0
github.com/frisky1985/yuleDKCS/backend/cloud/hub/api/v1/hub.pb.go:956.66,958.14 2 0
github.com/frisky1985/yuleDKCS/backend/cloud/hub/api/v1/hub.pb.go:958.14,960.34 2 0
github.com/frisky1985/yuleDKCS/backend/cloud/hub/api/v1/hub.pb.go:960.34,962.4 1 0
github.com/frisky1985/yuleDKCS/backend/cloud/hub/api/v1/hub.pb.go:963.3,963.12 1 0
github.com/frisky1985/yuleDKCS/backend/cloud/hub/api/v1/hub.pb.go:965.2,965.24 1 0
github.com/frisky1985/yuleDKCS/backend/cloud/hub/api/v1/hub.pb.go:969.57,971.2 1 0
github.com/frisky1985/yuleDKCS/backend/cloud/hub/api/v1/hub.pb.go:973.52,974.14 1 0
github.com/frisky1985/yuleDKCS/backend/cloud/hub/api/v1/hub.pb.go:974.14,976.3 1 0
github.com/frisky1985/yuleDKCS/backend/cloud/hub/api/v1/hub.pb.go:977.2,977.11 1 0
github.com/frisky1985/yuleDKCS/backend/cloud/hub/api/v1/hub.pb.go:988.36,993.2 4 0
github.com/frisky1985/yuleDKCS/backend/cloud/hub/api/v1/hub.pb.go:995.44,997.2 1 0
github.com/frisky1985/yuleDKCS/backend/cloud/hub/api/v1/hub.pb.go:999.42,999.43 0 0
github.com/frisky1985/yuleDKCS/backend/cloud/hub/api/v1/hub.pb.go:1001.64,1003.14 2 0
github.com/frisky1985/yuleDKCS/backend/cloud/hub/api/v1/hub.pb.go:1003.14,1005.34 2 0
github.com/frisky1985/yuleDKCS/backend/cloud/hub/api/v1/hub.pb.go:1005.34,1007.4 1 0
github.com/frisky1985/yuleDKCS/backend/cloud/hub/api/v1/hub.pb.go:1008.3,1008.12 1 0
github.com/frisky1985/yuleDKCS/backend/cloud/hub/api/v1/hub.pb.go:1010.2,1010.24 1 0
github.com/frisky1985/yuleDKCS/backend/cloud/hub/api/v1/hub.pb.go:1014.55,1016.2 1 0
github.com/frisky1985/yuleDKCS/backend/cloud/hub/api/v1/hub.pb.go:1018.46,1019.14 1 0
github.com/frisky1985/yuleDKCS/backend/cloud/hub/api/v1/hub.pb.go:1019.14,1021.3 1 0
github.com/frisky1985/yuleDKCS/backend/cloud/hub/api/v1/hub.pb.go:1022.2,1022.11 1 0
github.com/frisky1985/yuleDKCS/backend/cloud/hub/api/v1/hub.pb.go:1025.48,1026.14 1 0
github.com/frisky1985/yuleDKCS/backend/cloud/hub/api/v1/hub.pb.go:1026.14,1028.3 1 0
github.com/frisky1985/yuleDKCS/backend/cloud/hub/api/v1/hub.pb.go:1029.2,1029.11 1 0
github.com/frisky1985/yuleDKCS/backend/cloud/hub/api/v1/hub.pb.go:1039.37,1044.2 4 0
github.com/frisky1985/yuleDKCS/backend/cloud/hub/api/v1/hub.pb.go:1046.45,1048.2 1 0
github.com/frisky1985/yuleDKCS/backend/cloud/hub/api/v1/hub.pb.go:1050.43,1050.44 0 0
github.com/frisky1985/yuleDKCS/backend/cloud/hub/api/v1/hub.pb.go:1052.65,1054.14 2 0
github.com/frisky1985/yuleDKCS/backend/cloud/hub/api/v1/hub.pb.go:1054.14,1056.34 2 0
github.com/frisky1985/yuleDKCS/backend/cloud/hub/api/v1/hub.pb.go:1056.34,1058.4 1 0
github.com/frisky1985/yuleDKCS/backend/cloud/hub/api/v1/hub.pb.go:1059.3,1059.12 1 0
github.com/frisky1985/yuleDKCS/backend/cloud/hub/api/v1/hub.pb.go:1061.2,1061.24 1 0
github.com/frisky1985/yuleDKCS/backend/cloud/hub/api/v1/hub.pb.go:1065.56,1067.2 1 0
github.com/frisky1985/yuleDKCS/backend/cloud/hub/api/v1/hub.pb.go:1069.51,1070.14 1 0
github.com/frisky1985/yuleDKCS/backend/cloud/hub/api/v1/hub.pb.go:1070.14,1072.3 1 0
github.com/frisky1985/yuleDKCS/backend/cloud/hub/api/v1/hub.pb.go:1073.2,1073.11 1 0
github.com/frisky1985/yuleDKCS/backend/cloud/hub/api/v1/hub.pb.go:1085.36,1090.2 4 0
github.com/frisky1985/yuleDKCS/backend/cloud/hub/api/v1/hub.pb.go:1092.44,1094.2 1 0
github.com/frisky1985/yuleDKCS/backend/cloud/hub/api/v1/hub.pb.go:1096.42,1096.43 0 0
github.com/frisky1985/yuleDKCS/backend/cloud/hub/api/v1/hub.pb.go:1098.64,1100.14 2 0
github.com/frisky1985/yuleDKCS/backend/cloud/hub/api/v1/hub.pb.go:1100.14,1102.34 2 0
github.com/frisky1985/yuleDKCS/backend/cloud/hub/api/v1/hub.pb.go:1102.34,1104.4 1 0
github.com/frisky1985/yuleDKCS/backend/cloud/hub/api/v1/hub.pb.go:1105.3,1105.12 1 0
github.com/frisky1985/yuleDKCS/backend/cloud/hub/api/v1/hub.pb.go:1107.2,1107.24 1 0
github.com/frisky1985/yuleDKCS/backend/cloud/hub/api/v1/hub.pb.go:1111.55,1113.2 1 0
github.com/frisky1985/yuleDKCS/backend/cloud/hub/api/v1/hub.pb.go:1115.46,1116.14 1 0
github.com/frisky1985/yuleDKCS/backend/cloud/hub/api/v1/hub.pb.go:1116.14,1118.3 1 0
github.com/frisky1985/yuleDKCS/backend/cloud/hub/api/v1/hub.pb.go:1119.2,1119.11 1 0
github.com/frisky1985/yuleDKCS/backend/cloud/hub/api/v1/hub.pb.go:1122.47,1123.14 1 0
github.com/frisky1985/yuleDKCS/backend/cloud/hub/api/v1/hub.pb.go:1123.14,1125.3 1 0
github.com/frisky1985/yuleDKCS/backend/cloud/hub/api/v1/hub.pb.go:1126.2,1126.11 1 0
github.com/frisky1985/yuleDKCS/backend/cloud/hub/api/v1/hub.pb.go:1129.48,1130.14 1 0
github.com/frisky1985/yuleDKCS/backend/cloud/hub/api/v1/hub.pb.go:1130.14,1132.3 1 0
github.com/frisky1985/yuleDKCS/backend/cloud/hub/api/v1/hub.pb.go:1133.2,1133.11 1 0
github.com/frisky1985/yuleDKCS/backend/cloud/hub/api/v1/hub.pb.go:1143.37,1148.2 4 0
github.com/frisky1985/yuleDKCS/backend/cloud/hub/api/v1/hub.pb.go:1150.45,1152.2 1 0
github.com/frisky1985/yuleDKCS/backend/cloud/hub/api/v1/hub.pb.go:1154.43,1154.44 0 0
github.com/frisky1985/yuleDKCS/backend/cloud/hub/api/v1/hub.pb.go:1156.65,1158.14 2 0
github.com/frisky1985/yuleDKCS/backend/cloud/hub/api/v1/hub.pb.go:1158.14,1160.34 2 0
github.com/frisky1985/yuleDKCS/backend/cloud/hub/api/v1/hub.pb.go:1160.34,1162.4 1 0
github.com/frisky1985/yuleDKCS/backend/cloud/hub/api/v1/hub.pb.go:1163.3,1163.12 1 0
github.com/frisky1985/yuleDKCS/backend/cloud/hub/api/v1/hub.pb.go:1165.2,1165.24 1 0
github.com/frisky1985/yuleDKCS/backend/cloud/hub/api/v1/hub.pb.go:1169.56,1171.2 1 0
github.com/frisky1985/yuleDKCS/backend/cloud/hub/api/v1/hub.pb.go:1173.51,1174.14 1 0
github.com/frisky1985/yuleDKCS/backend/cloud/hub/api/v1/hub.pb.go:1174.14,1176.3 1 0
github.com/frisky1985/yuleDKCS/backend/cloud/hub/api/v1/hub.pb.go:1177.2,1177.11 1 0
github.com/frisky1985/yuleDKCS/backend/cloud/hub/api/v1/hub.pb.go:1189.35,1194.2 4 0
github.com/frisky1985/yuleDKCS/backend/cloud/hub/api/v1/hub.pb.go:1196.43,1198.2 1 0
github.com/frisky1985/yuleDKCS/backend/cloud/hub/api/v1/hub.pb.go:1200.41,1200.42 0 0
github.com/frisky1985/yuleDKCS/backend/cloud/hub/api/v1/hub.pb.go:1202.63,1204.14 2 0
github.com/frisky1985/yuleDKCS/backend/cloud/hub/api/v1/hub.pb.go:1204.14,1206.34 2 0
github.com/frisky1985/yuleDKCS/backend/cloud/hub/api/v1/hub.pb.go:1206.34,1208.4 1 0
github.com/frisky1985/yuleDKCS/backend/cloud/hub/api/v1/hub.pb.go:1209.3,1209.12 1 0
github.com/frisky1985/yuleDKCS/backend/cloud/hub/api/v1/hub.pb.go:1211.2,1211.24 1 0
github.com/frisky1985/yuleDKCS/backend/cloud/hub/api/v1/hub.pb.go:1215.54,1217.2 1 0
github.com/frisky1985/yuleDKCS/backend/cloud/hub/api/v1/hub.pb.go:1219.45,1220.14 1 0
github.com/frisky1985/yuleDKCS/backend/cloud/hub/api/v1/hub.pb.go:1220.14,1222.3 1 0
github.com/frisky1985/yuleDKCS/backend/cloud/hub/api/v1/hub.pb.go:1223.2,1223.11 1 0
github.com/frisky1985/yuleDKCS/backend/cloud/hub/api/v1/hub.pb.go:1226.49,1227.14 1 0
github.com/frisky1985/yuleDKCS/backend/cloud/hub/api/v1/hub.pb.go:1227.14,1229.3 1 0
github.com/frisky1985/yuleDKCS/backend/cloud/hub/api/v1/hub.pb.go:1230.2,1230.10 1 0
github.com/frisky1985/yuleDKCS/backend/cloud/hub/api/v1/hub.pb.go:1233.47,1234.14 1 0
github.com/frisky1985/yuleDKCS/backend/cloud/hub/api/v1/hub.pb.go:1234.14,1236.3 1 0
github.com/frisky1985/yuleDKCS/backend/cloud/hub/api/v1/hub.pb.go:1237.2,1237.11 1 0
github.com/frisky1985/yuleDKCS/backend/cloud/hub/api/v1/hub.pb.go:1248.36,1253.2 4 0
github.com/frisky1985/yuleDKCS/backend/cloud/hub/api/v1/hub.pb.go:1255.44,1257.2 1 0
github.com/frisky1985/yuleDKCS/backend/cloud/hub/api/v1/hub.pb.go:1259.42,1259.43 0 0
github.com/frisky1985/yuleDKCS/backend/cloud/hub/api/v1/hub.pb.go:1261.64,1263.14 2 0
github.com/frisky1985/yuleDKCS/backend/cloud/hub/api/v1/hub.pb.go:1263.14,1265.34 2 0
github.com/frisky1985/yuleDKCS/backend/cloud/hub/api/v1/hub.pb.go:1265.34,1267.4 1 0
github.com/frisky1985/yuleDKCS/backend/cloud/hub/api/v1/hub.pb.go:1268.3,1268.12 1 0
github.com/frisky1985/yuleDKCS/backend/cloud/hub/api/v1/hub.pb.go:1270.2,1270.24 1 0
github.com/frisky1985/yuleDKCS/backend/cloud/hub/api/v1/hub.pb.go:1274.55,1276.2 1 0
github.com/frisky1985/yuleDKCS/backend/cloud/hub/api/v1/hub.pb.go:1278.49,1279.14 1 0
github.com/frisky1985/yuleDKCS/backend/cloud/hub/api/v1/hub.pb.go:1279.14,1281.3 1 0
github.com/frisky1985/yuleDKCS/backend/cloud/hub/api/v1/hub.pb.go:1282.2,1282.12 1 0
github.com/frisky1985/yuleDKCS/backend/cloud/hub/api/v1/hub.pb.go:1285.50,1286.14 1 0
github.com/frisky1985/yuleDKCS/backend/cloud/hub/api/v1/hub.pb.go:1286.14,1288.3 1 0
github.com/frisky1985/yuleDKCS/backend/cloud/hub/api/v1/hub.pb.go:1289.2,1289.11 1 0
github.com/frisky1985/yuleDKCS/backend/cloud/hub/api/v1/hub.pb.go:1299.33,1304.2 4 0
github.com/frisky1985/yuleDKCS/backend/cloud/hub/api/v1/hub.pb.go:1306.41,1308.2 1 0
github.com/frisky1985/yuleDKCS/backend/cloud/hub/api/v1/hub.pb.go:1310.39,1310.40 0 0
github.com/frisky1985/yuleDKCS/backend/cloud/hub/api/v1/hub.pb.go:1312.61,1314.14 2 0
github.com/frisky1985/yuleDKCS/backend/cloud/hub/api/v1/hub.pb.go:1314.14,1316.34 2 0
github.com/frisky1985/yuleDKCS/backend/cloud/hub/api/v1/hub.pb.go:1316.34,1318.4 1 0
github.com/frisky1985/yuleDKCS/backend/cloud/hub/api/v1/hub.pb.go:1319.3,1319.12 1 0
github.com/frisky1985/yuleDKCS/backend/cloud/hub/api/v1/hub.pb.go:1321.2,1321.24 1 0
github.com/frisky1985/yuleDKCS/backend/cloud/hub/api/v1/hub.pb.go:1325.52,1327.2 1 0
github.com/frisky1985/yuleDKCS/backend/cloud/hub/api/v1/hub.pb.go:1329.43,1330.14 1 0
github.com/frisky1985/yuleDKCS/backend/cloud/hub/api/v1/hub.pb.go:1330.14,1332.3 1 0
github.com/frisky1985/yuleDKCS/backend/cloud/hub/api/v1/hub.pb.go:1333.2,1333.11 1 0
github.com/frisky1985/yuleDKCS/backend/cloud/hub/api/v1/hub.pb.go:1344.34,1349.2 4 0
github.com/frisky1985/yuleDKCS/backend/cloud/hub/api/v1/hub.pb.go:1351.42,1353.2 1 0
github.com/frisky1985/yuleDKCS/backend/cloud/hub/api/v1/hub.pb.go:1355.40,1355.41 0 0
github.com/frisky1985/yuleDKCS/backend/cloud/hub/api/v1/hub.pb.go:1357.62,1359.14 2 0
github.com/frisky1985/yuleDKCS/backend/cloud/hub/api/v1/hub.pb.go:1359.14,1361.34 2 0
github.com/frisky1985/yuleDKCS/backend/cloud/hub/api/v1/hub.pb.go:1361.34,1363.4 1 0
github.com/frisky1985/yuleDKCS/backend/cloud/hub/api/v1/hub.pb.go:1364.3,1364.12 1 0
github.com/frisky1985/yuleDKCS/backend/cloud/hub/api/v1/hub.pb.go:1366.2,1366.24 1 0
github.com/frisky1985/yuleDKCS/backend/cloud/hub/api/v1/hub.pb.go:1370.53,1372.2 1 0
github.com/frisky1985/yuleDKCS/backend/cloud/hub/api/v1/hub.pb.go:1374.47,1375.14 1 0
github.com/frisky1985/yuleDKCS/backend/cloud/hub/api/v1/hub.pb.go:1375.14,1377.3 1 0
github.com/frisky1985/yuleDKCS/backend/cloud/hub/api/v1/hub.pb.go:1378.2,1378.12 1 0
github.com/frisky1985/yuleDKCS/backend/cloud/hub/api/v1/hub.pb.go:1381.48,1382.14 1 0
github.com/frisky1985/yuleDKCS/backend/cloud/hub/api/v1/hub.pb.go:1382.14,1384.3 1 0
github.com/frisky1985/yuleDKCS/backend/cloud/hub/api/v1/hub.pb.go:1385.2,1385.11 1 0
github.com/frisky1985/yuleDKCS/backend/cloud/hub/api/v1/hub.pb.go:1399.35,1404.2 4 0
github.com/frisky1985/yuleDKCS/backend/cloud/hub/api/v1/hub.pb.go:1406.43,1408.2 1 0
github.com/frisky1985/yuleDKCS/backend/cloud/hub/api/v1/hub.pb.go:1410.41,1410.42 0 0
github.com/frisky1985/yuleDKCS/backend/cloud/hub/api/v1/hub.pb.go:1412.63,1414.14 2 0
github.com/frisky1985/yuleDKCS/backend/cloud/hub/api/v1/hub.pb.go:1414.14,1416.34 2 0
github.com/frisky1985/yuleDKCS/backend/cloud/hub/api/v1/hub.pb.go:1416.34,1418.4 1 0
github.com/frisky1985/yuleDKCS/backend/cloud/hub/api/v1/hub.pb.go:1419.3,1419.12 1 0
github.com/frisky1985/yuleDKCS/backend/cloud/hub/api/v1/hub.pb.go:1421.2,1421.24 1 0
github.com/frisky1985/yuleDKCS/backend/cloud/hub/api/v1/hub.pb.go:1425.54,1427.2 1 0
github.com/frisky1985/yuleDKCS/backend/cloud/hub/api/v1/hub.pb.go:1429.49,1430.14 1 0
github.com/frisky1985/yuleDKCS/backend/cloud/hub/api/v1/hub.pb.go:1430.14,1432.3 1 0
github.com/frisky1985/yuleDKCS/backend/cloud/hub/api/v1/hub.pb.go:1433.2,1433.11 1 0
github.com/frisky1985/yuleDKCS/backend/cloud/hub/api/v1/hub.pb.go:1436.46,1437.14 1 0
github.com/frisky1985/yuleDKCS/backend/cloud/hub/api/v1/hub.pb.go:1437.14,1439.3 1 0
github.com/frisky1985/yuleDKCS/backend/cloud/hub/api/v1/hub.pb.go:1440.2,1440.11 1 0
github.com/frisky1985/yuleDKCS/backend/cloud/hub/api/v1/hub.pb.go:1443.49,1444.14 1 0
github.com/frisky1985/yuleDKCS/backend/cloud/hub/api/v1/hub.pb.go:1444.14,1446.3 1 0
github.com/frisky1985/yuleDKCS/backend/cloud/hub/api/v1/hub.pb.go:1447.2,1447.41 1 0
github.com/frisky1985/yuleDKCS/backend/cloud/hub/api/v1/hub.pb.go:1450.47,1451.14 1 0
github.com/frisky1985/yuleDKCS/backend/cloud/hub/api/v1/hub.pb.go:1451.14,1453.3 1 0
github.com/frisky1985/yuleDKCS/backend/cloud/hub/api/v1/hub.pb.go:1454.2,1454.10 1 0
github.com/frisky1985/yuleDKCS/backend/cloud/hub/api/v1/hub.pb.go:1457.49,1458.14 1 0
github.com/frisky1985/yuleDKCS/backend/cloud/hub/api/v1/hub.pb.go:1458.14,1460.3 1 0
github.com/frisky1985/yuleDKCS/backend/cloud/hub/api/v1/hub.pb.go:1461.2,1461.11 1 0
github.com/frisky1985/yuleDKCS/backend/cloud/hub/api/v1/hub.pb.go:1473.36,1478.2 4 0
github.com/frisky1985/yuleDKCS/backend/cloud/hub/api/v1/hub.pb.go:1480.44,1482.2 1 0
github.com/frisky1985/yuleDKCS/backend/cloud/hub/api/v1/hub.pb.go:1484.42,1484.43 0 0
github.com/frisky1985/yuleDKCS/backend/cloud/hub/api/v1/hub.pb.go:1486.64,1488.14 2 0
github.com/frisky1985/yuleDKCS/backend/cloud/hub/api/v1/hub.pb.go:1488.14,1490.34 2 0
github.com/frisky1985/yuleDKCS/backend/cloud/hub/api/v1/hub.pb.go:1490.34,1492.4 1 0
github.com/frisky1985/yuleDKCS/backend/cloud/hub/api/v1/hub.pb.go:1493.3,1493.12 1 0
github.com/frisky1985/yuleDKCS/backend/cloud/hub/api/v1/hub.pb.go:1495.2,1495.24 1 0
github.com/frisky1985/yuleDKCS/backend/cloud/hub/api/v1/hub.pb.go:1499.55,1501.2 1 0
github.com/frisky1985/yuleDKCS/backend/cloud/hub/api/v1/hub.pb.go:1503.52,1504.14 1 0
github.com/frisky1985/yuleDKCS/backend/cloud/hub/api/v1/hub.pb.go:1504.14,1506.3 1 0
github.com/frisky1985/yuleDKCS/backend/cloud/hub/api/v1/hub.pb.go:1507.2,1507.12 1 0
github.com/frisky1985/yuleDKCS/backend/cloud/hub/api/v1/hub.pb.go:1510.50,1511.14 1 0
github.com/frisky1985/yuleDKCS/backend/cloud/hub/api/v1/hub.pb.go:1511.14,1513.3 1 0
github.com/frisky1985/yuleDKCS/backend/cloud/hub/api/v1/hub.pb.go:1514.2,1514.11 1 0
github.com/frisky1985/yuleDKCS/backend/cloud/hub/api/v1/hub.pb.go:1517.45,1518.14 1 0
github.com/frisky1985/yuleDKCS/backend/cloud/hub/api/v1/hub.pb.go:1518.14,1520.3 1 0
github.com/frisky1985/yuleDKCS/backend/cloud/hub/api/v1/hub.pb.go:1521.2,1521.10 1 0
github.com/frisky1985/yuleDKCS/backend/cloud/hub/api/v1/hub.pb.go:1539.38,1544.2 4 0
github.com/frisky1985/yuleDKCS/backend/cloud/hub/api/v1/hub.pb.go:1546.46,1548.2 1 0
github.com/frisky1985/yuleDKCS/backend/cloud/hub/api/v1/hub.pb.go:1550.44,1550.45 0 0
github.com/frisky1985/yuleDKCS/backend/cloud/hub/api/v1/hub.pb.go:1552.66,1554.14 2 0
github.com/frisky1985/yuleDKCS/backend/cloud/hub/api/v1/hub.pb.go:1554.14,1556.34 2 0
github.com/frisky1985/yuleDKCS/backend/cloud/hub/api/v1/hub.pb.go:1556.34,1558.4 1 0
github.com/frisky1985/yuleDKCS/backend/cloud/hub/api/v1/hub.pb.go:1559.3,1559.12 1 0
github.com/frisky1985/yuleDKCS/backend/cloud/hub/api/v1/hub.pb.go:1561.2,1561.24 1 0
github.com/frisky1985/yuleDKCS/backend/cloud/hub/api/v1/hub.pb.go:1565.57,1567.2 1 0
github.com/frisky1985/yuleDKCS/backend/cloud/hub/api/v1/hub.pb.go:1569.48,1570.14 1 0
github.com/frisky1985/yuleDKCS/backend/cloud/hub/api/v1/hub.pb.go:1570.14,1572.3 1 0
github.com/frisky1985/yuleDKCS/backend/cloud/hub/api/v1/hub.pb.go:1573.2,1573.11 1 0
github.com/frisky1985/yuleDKCS/backend/cloud/hub/api/v1/hub.pb.go:1576.53,1577.14 1 0
github.com/frisky1985/yuleDKCS/backend/cloud/hub/api/v1/hub.pb.go:1577.14,1579.3 1 0
github.com/frisky1985/yuleDKCS/backend/cloud/hub/api/v1/hub.pb.go:1580.2,1580.11 1 0
github.com/frisky1985/yuleDKCS/backend/cloud/hub/api/v1/hub.pb.go:1583.56,1584.14 1 0
github.com/frisky1985/yuleDKCS/backend/cloud/hub/api/v1/hub.pb.go:1584.14,1586.3 1 0
github.com/frisky1985/yuleDKCS/backend/cloud/hub/api/v1/hub.pb.go:1587.2,1587.39 1 0
github.com/frisky1985/yuleDKCS/backend/cloud/hub/api/v1/hub.pb.go:1590.51,1591.14 1 0
github.com/frisky1985/yuleDKCS/backend/cloud/hub/api/v1/hub.pb.go:1591.14,1593.3 1 0
github.com/frisky1985/yuleDKCS/backend/cloud/hub/api/v1/hub.pb.go:1594.2,1594.11 1 0
github.com/frisky1985/yuleDKCS/backend/cloud/hub/api/v1/hub.pb.go:1597.60,1598.14 1 0
github.com/frisky1985/yuleDKCS/backend/cloud/hub/api/v1/hub.pb.go:1598.14,1600.3 1 0
github.com/frisky1985/yuleDKCS/backend/cloud/hub/api/v1/hub.pb.go:1601.2,1601.12 1 0
github.com/frisky1985/yuleDKCS/backend/cloud/hub/api/v1/hub.pb.go:1604.51,1605.14 1 0
github.com/frisky1985/yuleDKCS/backend/cloud/hub/api/v1/hub.pb.go:1605.14,1607.3 1 0
github.com/frisky1985/yuleDKCS/backend/cloud/hub/api/v1/hub.pb.go:1608.2,1608.10 1 0
github.com/frisky1985/yuleDKCS/backend/cloud/hub/api/v1/hub.pb.go:1611.52,1612.14 1 0
github.com/frisky1985/yuleDKCS/backend/cloud/hub/api/v1/hub.pb.go:1612.14,1614.3 1 0
github.com/frisky1985/yuleDKCS/backend/cloud/hub/api/v1/hub.pb.go:1615.2,1615.10 1 0
github.com/frisky1985/yuleDKCS/backend/cloud/hub/api/v1/hub.pb.go:1618.49,1619.14 1 0
github.com/frisky1985/yuleDKCS/backend/cloud/hub/api/v1/hub.pb.go:1619.14,1621.3 1 0
github.com/frisky1985/yuleDKCS/backend/cloud/hub/api/v1/hub.pb.go:1622.2,1622.10 1 0
github.com/frisky1985/yuleDKCS/backend/cloud/hub/api/v1/hub.pb.go:1625.50,1626.14 1 0
github.com/frisky1985/yuleDKCS/backend/cloud/hub/api/v1/hub.pb.go:1626.14,1628.3 1 0
github.com/frisky1985/yuleDKCS/backend/cloud/hub/api/v1/hub.pb.go:1629.2,1629.11 1 0
github.com/frisky1985/yuleDKCS/backend/cloud/hub/api/v1/hub.pb.go:1641.39,1646.2 4 0
github.com/frisky1985/yuleDKCS/backend/cloud/hub/api/v1/hub.pb.go:1648.47,1650.2 1 0
github.com/frisky1985/yuleDKCS/backend/cloud/hub/api/v1/hub.pb.go:1652.45,1652.46 0 0
github.com/frisky1985/yuleDKCS/backend/cloud/hub/api/v1/hub.pb.go:1654.67,1656.14 2 0
github.com/frisky1985/yuleDKCS/backend/cloud/hub/api/v1/hub.pb.go:1656.14,1658.34 2 0
github.com/frisky1985/yuleDKCS/backend/cloud/hub/api/v1/hub.pb.go:1658.34,1660.4 1 0
github.com/frisky1985/yuleDKCS/backend/cloud/hub/api/v1/hub.pb.go:1661.3,1661.12 1 0
github.com/frisky1985/yuleDKCS/backend/cloud/hub/api/v1/hub.pb.go:1663.2,1663.24 1 0
github.com/frisky1985/yuleDKCS/backend/cloud/hub/api/v1/hub.pb.go:1667.58,1669.2 1 0
github.com/frisky1985/yuleDKCS/backend/cloud/hub/api/v1/hub.pb.go:1671.51,1672.14 1 0
github.com/frisky1985/yuleDKCS/backend/cloud/hub/api/v1/hub.pb.go:1672.14,1674.3 1 0
github.com/frisky1985/yuleDKCS/backend/cloud/hub/api/v1/hub.pb.go:1675.2,1675.11 1 0
github.com/frisky1985/yuleDKCS/backend/cloud/hub/api/v1/hub.pb.go:1678.53,1679.14 1 0
github.com/frisky1985/yuleDKCS/backend/cloud/hub/api/v1/hub.pb.go:1679.14,1681.3 1 0
github.com/frisky1985/yuleDKCS/backend/cloud/hub/api/v1/hub.pb.go:1682.2,1682.11 1 0
github.com/frisky1985/yuleDKCS/backend/cloud/hub/api/v1/hub.pb.go:1685.53,1686.14 1 0
github.com/frisky1985/yuleDKCS/backend/cloud/hub/api/v1/hub.pb.go:1686.14,1688.3 1 0
github.com/frisky1985/yuleDKCS/backend/cloud/hub/api/v1/hub.pb.go:1689.2,1689.11 1 0
github.com/frisky1985/yuleDKCS/backend/cloud/hub/api/v1/hub.pb.go:1704.38,1709.2 4 0
github.com/frisky1985/yuleDKCS/backend/cloud/hub/api/v1/hub.pb.go:1711.46,1713.2 1 0
github.com/frisky1985/yuleDKCS/backend/cloud/hub/api/v1/hub.pb.go:1715.44,1715.45 0 0
github.com/frisky1985/yuleDKCS/backend/cloud/hub/api/v1/hub.pb.go:1717.66,1719.14 2 0
github.com/frisky1985/yuleDKCS/backend/cloud/hub/api/v1/hub.pb.go:1719.14,1721.34 2 0
github.com/frisky1985/yuleDKCS/backend/cloud/hub/api/v1/hub.pb.go:1721.34,1723.4 1 0
github.com/frisky1985/yuleDKCS/backend/cloud/hub/api/v1/hub.pb.go:1724.3,1724.12 1 0
github.com/frisky1985/yuleDKCS/backend/cloud/hub/api/v1/hub.pb.go:1726.2,1726.24 1 0
github.com/frisky1985/yuleDKCS/backend/cloud/hub/api/v1/hub.pb.go:1730.57,1732.2 1 0
github.com/frisky1985/yuleDKCS/backend/cloud/hub/api/v1/hub.pb.go:1734.52,1735.14 1 0
github.com/frisky1985/yuleDKCS/backend/cloud/hub/api/v1/hub.pb.go:1735.14,1737.3 1 0
github.com/frisky1985/yuleDKCS/backend/cloud/hub/api/v1/hub.pb.go:1738.2,1738.11 1 0
github.com/frisky1985/yuleDKCS/backend/cloud/hub/api/v1/hub.pb.go:1741.51,1742.14 1 0
github.com/frisky1985/yuleDKCS/backend/cloud/hub/api/v1/hub.pb.go:1742.14,1744.3 1 0
github.com/frisky1985/yuleDKCS/backend/cloud/hub/api/v1/hub.pb.go:1745.2,1745.11 1 0
github.com/frisky1985/yuleDKCS/backend/cloud/hub/api/v1/hub.pb.go:1748.49,1749.14 1 0
github.com/frisky1985/yuleDKCS/backend/cloud/hub/api/v1/hub.pb.go:1749.14,1751.3 1 0
github.com/frisky1985/yuleDKCS/backend/cloud/hub/api/v1/hub.pb.go:1752.2,1752.11 1 0
github.com/frisky1985/yuleDKCS/backend/cloud/hub/api/v1/hub.pb.go:1755.54,1756.14 1 0
github.com/frisky1985/yuleDKCS/backend/cloud/hub/api/v1/hub.pb.go:1756.14,1758.3 1 0
github.com/frisky1985/yuleDKCS/backend/cloud/hub/api/v1/hub.pb.go:1759.2,1759.39 1 0
github.com/frisky1985/yuleDKCS/backend/cloud/hub/api/v1/hub.pb.go:1762.55,1763.14 1 0
github.com/frisky1985/yuleDKCS/backend/cloud/hub/api/v1/hub.pb.go:1763.14,1765.3 1 0
github.com/frisky1985/yuleDKCS/backend/cloud/hub/api/v1/hub.pb.go:1766.2,1766.12 1 0
github.com/frisky1985/yuleDKCS/backend/cloud/hub/api/v1/hub.pb.go:1769.50,1770.14 1 0
github.com/frisky1985/yuleDKCS/backend/cloud/hub/api/v1/hub.pb.go:1770.14,1772.3 1 0
github.com/frisky1985/yuleDKCS/backend/cloud/hub/api/v1/hub.pb.go:1773.2,1773.11 1 0
github.com/frisky1985/yuleDKCS/backend/cloud/hub/api/v1/hub.pb.go:1785.39,1790.2 4 0
github.com/frisky1985/yuleDKCS/backend/cloud/hub/api/v1/hub.pb.go:1792.47,1794.2 1 0
github.com/frisky1985/yuleDKCS/backend/cloud/hub/api/v1/hub.pb.go:1796.45,1796.46 0 0
github.com/frisky1985/yuleDKCS/backend/cloud/hub/api/v1/hub.pb.go:1798.67,1800.14 2 0
github.com/frisky1985/yuleDKCS/backend/cloud/hub/api/v1/hub.pb.go:1800.14,1802.34 2 0
github.com/frisky1985/yuleDKCS/backend/cloud/hub/api/v1/hub.pb.go:1802.34,1804.4 1 0
github.com/frisky1985/yuleDKCS/backend/cloud/hub/api/v1/hub.pb.go:1805.3,1805.12 1 0
github.com/frisky1985/yuleDKCS/backend/cloud/hub/api/v1/hub.pb.go:1807.2,1807.24 1 0
github.com/frisky1985/yuleDKCS/backend/cloud/hub/api/v1/hub.pb.go:1811.58,1813.2 1 0
github.com/frisky1985/yuleDKCS/backend/cloud/hub/api/v1/hub.pb.go:1815.52,1816.14 1 0
github.com/frisky1985/yuleDKCS/backend/cloud/hub/api/v1/hub.pb.go:1816.14,1818.3 1 0
github.com/frisky1985/yuleDKCS/backend/cloud/hub/api/v1/hub.pb.go:1819.2,1819.12 1 0
github.com/frisky1985/yuleDKCS/backend/cloud/hub/api/v1/hub.pb.go:1822.56,1823.14 1 0
github.com/frisky1985/yuleDKCS/backend/cloud/hub/api/v1/hub.pb.go:1823.14,1825.3 1 0
github.com/frisky1985/yuleDKCS/backend/cloud/hub/api/v1/hub.pb.go:1826.2,1826.12 1 0
github.com/frisky1985/yuleDKCS/backend/cloud/hub/api/v1/hub.pb.go:1829.53,1830.14 1 0
github.com/frisky1985/yuleDKCS/backend/cloud/hub/api/v1/hub.pb.go:1830.14,1832.3 1 0
github.com/frisky1985/yuleDKCS/backend/cloud/hub/api/v1/hub.pb.go:1833.2,1833.11 1 0
github.com/frisky1985/yuleDKCS/backend/cloud/hub/api/v1/hub.pb.go:1844.38,1849.2 4 0
github.com/frisky1985/yuleDKCS/backend/cloud/hub/api/v1/hub.pb.go:1851.46,1853.2 1 0
github.com/frisky1985/yuleDKCS/backend/cloud/hub/api/v1/hub.pb.go:1855.44,1855.45 0 0
github.com/frisky1985/yuleDKCS/backend/cloud/hub/api/v1/hub.pb.go:1857.66,1859.14 2 0
github.com/frisky1985/yuleDKCS/backend/cloud/hub/api/v1/hub.pb.go:1859.14,1861.34 2 0
github.com/frisky1985/yuleDKCS/backend/cloud/hub/api/v1/hub.pb.go:1861.34,1863.4 1 0
github.com/frisky1985/yuleDKCS/backend/cloud/hub/api/v1/hub.pb.go:1864.3,1864.12 1 0
github.com/frisky1985/yuleDKCS/backend/cloud/hub/api/v1/hub.pb.go:1866.2,1866.24 1 0
github.com/frisky1985/yuleDKCS/backend/cloud/hub/api/v1/hub.pb.go:1870.57,1872.2 1 0
github.com/frisky1985/yuleDKCS/backend/cloud/hub/api/v1/hub.pb.go:1874.50,1875.14 1 0
github.com/frisky1985/yuleDKCS/backend/cloud/hub/api/v1/hub.pb.go:1875.14,1877.3 1 0
github.com/frisky1985/yuleDKCS/backend/cloud/hub/api/v1/hub.pb.go:1878.2,1878.11 1 0
github.com/frisky1985/yuleDKCS/backend/cloud/hub/api/v1/hub.pb.go:1881.50,1882.14 1 0
github.com/frisky1985/yuleDKCS/backend/cloud/hub/api/v1/hub.pb.go:1882.14,1884.3 1 0
github.com/frisky1985/yuleDKCS/backend/cloud/hub/api/v1/hub.pb.go:1885.2,1885.11 1 0
github.com/frisky1985/yuleDKCS/backend/cloud/hub/api/v1/hub.pb.go:1895.39,1900.2 4 0
github.com/frisky1985/yuleDKCS/backend/cloud/hub/api/v1/hub.pb.go:1902.47,1904.2 1 0
github.com/frisky1985/yuleDKCS/backend/cloud/hub/api/v1/hub.pb.go:1906.45,1906.46 0 0
github.com/frisky1985/yuleDKCS/backend/cloud/hub/api/v1/hub.pb.go:1908.67,1910.14 2 0
github.com/frisky1985/yuleDKCS/backend/cloud/hub/api/v1/hub.pb.go:1910.14,1912.34 2 0
github.com/frisky1985/yuleDKCS/backend/cloud/hub/api/v1/hub.pb.go:1912.34,1914.4 1 0
github.com/frisky1985/yuleDKCS/backend/cloud/hub/api/v1/hub.pb.go:1915.3,1915.12 1 0
github.com/frisky1985/yuleDKCS/backend/cloud/hub/api/v1/hub.pb.go:1917.2,1917.24 1 0
github.com/frisky1985/yuleDKCS/backend/cloud/hub/api/v1/hub.pb.go:1921.58,1923.2 1 0
github.com/frisky1985/yuleDKCS/backend/cloud/hub/api/v1/hub.pb.go:1925.53,1926.14 1 0
github.com/frisky1985/yuleDKCS/backend/cloud/hub/api/v1/hub.pb.go:1926.14,1928.3 1 0
github.com/frisky1985/yuleDKCS/backend/cloud/hub/api/v1/hub.pb.go:1929.2,1929.11 1 0
github.com/frisky1985/yuleDKCS/backend/cloud/hub/api/v1/hub.pb.go:1939.35,1944.2 4 0
github.com/frisky1985/yuleDKCS/backend/cloud/hub/api/v1/hub.pb.go:1946.43,1948.2 1 0
github.com/frisky1985/yuleDKCS/backend/cloud/hub/api/v1/hub.pb.go:1950.41,1950.42 0 0
github.com/frisky1985/yuleDKCS/backend/cloud/hub/api/v1/hub.pb.go:1952.63,1954.14 2 0
github.com/frisky1985/yuleDKCS/backend/cloud/hub/api/v1/hub.pb.go:1954.14,1956.34 2 0
github.com/frisky1985/yuleDKCS/backend/cloud/hub/api/v1/hub.pb.go:1956.34,1958.4 1 0
github.com/frisky1985/yuleDKCS/backend/cloud/hub/api/v1/hub.pb.go:1959.3,1959.12 1 0
github.com/frisky1985/yuleDKCS/backend/cloud/hub/api/v1/hub.pb.go:1961.2,1961.24 1 0
github.com/frisky1985/yuleDKCS/backend/cloud/hub/api/v1/hub.pb.go:1965.54,1967.2 1 0
github.com/frisky1985/yuleDKCS/backend/cloud/hub/api/v1/hub.pb.go:1969.47,1970.14 1 0
github.com/frisky1985/yuleDKCS/backend/cloud/hub/api/v1/hub.pb.go:1970.14,1972.3 1 0
github.com/frisky1985/yuleDKCS/backend/cloud/hub/api/v1/hub.pb.go:1973.2,1973.11 1 0
github.com/frisky1985/yuleDKCS/backend/cloud/hub/api/v1/hub.pb.go:1989.36,1994.2 4 0
github.com/frisky1985/yuleDKCS/backend/cloud/hub/api/v1/hub.pb.go:1996.44,1998.2 1 0
github.com/frisky1985/yuleDKCS/backend/cloud/hub/api/v1/hub.pb.go:2000.42,2000.43 0 0
github.com/frisky1985/yuleDKCS/backend/cloud/hub/api/v1/hub.pb.go:2002.64,2004.14 2 0
github.com/frisky1985/yuleDKCS/backend/cloud/hub/api/v1/hub.pb.go:2004.14,2006.34 2 0
github.com/frisky1985/yuleDKCS/backend/cloud/hub/api/v1/hub.pb.go:2006.34,2008.4 1 0
github.com/frisky1985/yuleDKCS/backend/cloud/hub/api/v1/hub.pb.go:2009.3,2009.12 1 0
github.com/frisky1985/yuleDKCS/backend/cloud/hub/api/v1/hub.pb.go:2011.2,2011.24 1 0
github.com/frisky1985/yuleDKCS/backend/cloud/hub/api/v1/hub.pb.go:2015.55,2017.2 1 0
github.com/frisky1985/yuleDKCS/backend/cloud/hub/api/v1/hub.pb.go:2019.48,2020.14 1 0
github.com/frisky1985/yuleDKCS/backend/cloud/hub/api/v1/hub.pb.go:2020.14,2022.3 1 0
github.com/frisky1985/yuleDKCS/backend/cloud/hub/api/v1/hub.pb.go:2023.2,2023.11 1 0
github.com/frisky1985/yuleDKCS/backend/cloud/hub/api/v1/hub.pb.go:2026.46,2027.14 1 0
github.com/frisky1985/yuleDKCS/backend/cloud/hub/api/v1/hub.pb.go:2027.14,2029.3 1 0
github.com/frisky1985/yuleDKCS/backend/cloud/hub/api/v1/hub.pb.go:2030.2,2030.11 1 0
github.com/frisky1985/yuleDKCS/backend/cloud/hub/api/v1/hub.pb.go:2033.51,2034.14 1 0
github.com/frisky1985/yuleDKCS/backend/cloud/hub/api/v1/hub.pb.go:2034.14,2036.3 1 0
github.com/frisky1985/yuleDKCS/backend/cloud/hub/api/v1/hub.pb.go:2037.2,2037.11 1 0
github.com/frisky1985/yuleDKCS/backend/cloud/hub/api/v1/hub.pb.go:2040.58,2041.14 1 0
github.com/frisky1985/yuleDKCS/backend/cloud/hub/api/v1/hub.pb.go:2041.14,2043.3 1 0
github.com/frisky1985/yuleDKCS/backend/cloud/hub/api/v1/hub.pb.go:2044.2,2044.12 1 0
github.com/frisky1985/yuleDKCS/backend/cloud/hub/api/v1/hub.pb.go:2047.49,2048.14 1 0
github.com/frisky1985/yuleDKCS/backend/cloud/hub/api/v1/hub.pb.go:2048.14,2050.3 1 0
github.com/frisky1985/yuleDKCS/backend/cloud/hub/api/v1/hub.pb.go:2051.2,2051.10 1 0
github.com/frisky1985/yuleDKCS/backend/cloud/hub/api/v1/hub.pb.go:2054.50,2055.14 1 0
github.com/frisky1985/yuleDKCS/backend/cloud/hub/api/v1/hub.pb.go:2055.14,2057.3 1 0
github.com/frisky1985/yuleDKCS/backend/cloud/hub/api/v1/hub.pb.go:2058.2,2058.10 1 0
github.com/frisky1985/yuleDKCS/backend/cloud/hub/api/v1/hub.pb.go:2061.50,2062.14 1 0
github.com/frisky1985/yuleDKCS/backend/cloud/hub/api/v1/hub.pb.go:2062.14,2064.3 1 0
github.com/frisky1985/yuleDKCS/backend/cloud/hub/api/v1/hub.pb.go:2065.2,2065.11 1 0
github.com/frisky1985/yuleDKCS/backend/cloud/hub/api/v1/hub.pb.go:2081.41,2086.2 4 0
github.com/frisky1985/yuleDKCS/backend/cloud/hub/api/v1/hub.pb.go:2088.49,2090.2 1 0
github.com/frisky1985/yuleDKCS/backend/cloud/hub/api/v1/hub.pb.go:2092.47,2092.48 0 0
github.com/frisky1985/yuleDKCS/backend/cloud/hub/api/v1/hub.pb.go:2094.69,2096.14 2 0
github.com/frisky1985/yuleDKCS/backend/cloud/hub/api/v1/hub.pb.go:2096.14,2098.34 2 0
github.com/frisky1985/yuleDKCS/backend/cloud/hub/api/v1/hub.pb.go:2098.34,2100.4 1 0
github.com/frisky1985/yuleDKCS/backend/cloud/hub/api/v1/hub.pb.go:2101.3,2101.12 1 0
github.com/frisky1985/yuleDKCS/backend/cloud/hub/api/v1/hub.pb.go:2103.2,2103.24 1 0
github.com/frisky1985/yuleDKCS/backend/cloud/hub/api/v1/hub.pb.go:2107.60,2109.2 1 0
github.com/frisky1985/yuleDKCS/backend/cloud/hub/api/v1/hub.pb.go:2111.55,2112.14 1 0
github.com/frisky1985/yuleDKCS/backend/cloud/hub/api/v1/hub.pb.go:2112.14,2114.3 1 0
github.com/frisky1985/yuleDKCS/backend/cloud/hub/api/v1/hub.pb.go:2115.2,2115.11 1 0
github.com/frisky1985/yuleDKCS/backend/cloud/hub/api/v1/hub.pb.go:2118.52,2119.14 1 0
github.com/frisky1985/yuleDKCS/backend/cloud/hub/api/v1/hub.pb.go:2119.14,2121.3 1 0
github.com/frisky1985/yuleDKCS/backend/cloud/hub/api/v1/hub.pb.go:2122.2,2122.11 1 0
github.com/frisky1985/yuleDKCS/backend/cloud/hub/api/v1/hub.pb.go:2125.51,2126.14 1 0
github.com/frisky1985/yuleDKCS/backend/cloud/hub/api/v1/hub.pb.go:2126.14,2128.3 1 0
github.com/frisky1985/yuleDKCS/backend/cloud/hub/api/v1/hub.pb.go:2129.2,2129.11 1 0
github.com/frisky1985/yuleDKCS/backend/cloud/hub/api/v1/hub.pb.go:2132.52,2133.14 1 0
github.com/frisky1985/yuleDKCS/backend/cloud/hub/api/v1/hub.pb.go:2133.14,2135.3 1 0
github.com/frisky1985/yuleDKCS/backend/cloud/hub/api/v1/hub.pb.go:2136.2,2136.11 1 0
github.com/frisky1985/yuleDKCS/backend/cloud/hub/api/v1/hub.pb.go:2139.52,2140.14 1 0
github.com/frisky1985/yuleDKCS/backend/cloud/hub/api/v1/hub.pb.go:2140.14,2142.3 1 0
github.com/frisky1985/yuleDKCS/backend/cloud/hub/api/v1/hub.pb.go:2143.2,2143.12 1 0
github.com/frisky1985/yuleDKCS/backend/cloud/hub/api/v1/hub.pb.go:2146.51,2147.14 1 0
github.com/frisky1985/yuleDKCS/backend/cloud/hub/api/v1/hub.pb.go:2147.14,2149.3 1 0
github.com/frisky1985/yuleDKCS/backend/cloud/hub/api/v1/hub.pb.go:2150.2,2150.10 1 0
github.com/frisky1985/yuleDKCS/backend/cloud/hub/api/v1/hub.pb.go:2153.53,2154.14 1 0
github.com/frisky1985/yuleDKCS/backend/cloud/hub/api/v1/hub.pb.go:2154.14,2156.3 1 0
github.com/frisky1985/yuleDKCS/backend/cloud/hub/api/v1/hub.pb.go:2157.2,2157.11 1 0
github.com/frisky1985/yuleDKCS/backend/cloud/hub/api/v1/hub.pb.go:2169.42,2174.2 4 0
github.com/frisky1985/yuleDKCS/backend/cloud/hub/api/v1/hub.pb.go:2176.50,2178.2 1 0
github.com/frisky1985/yuleDKCS/backend/cloud/hub/api/v1/hub.pb.go:2180.48,2180.49 0 0
github.com/frisky1985/yuleDKCS/backend/cloud/hub/api/v1/hub.pb.go:2182.70,2184.14 2 0
github.com/frisky1985/yuleDKCS/backend/cloud/hub/api/v1/hub.pb.go:2184.14,2186.34 2 0
github.com/frisky1985/yuleDKCS/backend/cloud/hub/api/v1/hub.pb.go:2186.34,2188.4 1 0
github.com/frisky1985/yuleDKCS/backend/cloud/hub/api/v1/hub.pb.go:2189.3,2189.12 1 0
github.com/frisky1985/yuleDKCS/backend/cloud/hub/api/v1/hub.pb.go:2191.2,2191.24 1 0
github.com/frisky1985/yuleDKCS/backend/cloud/hub/api/v1/hub.pb.go:2195.61,2197.2 1 0
github.com/frisky1985/yuleDKCS/backend/cloud/hub/api/v1/hub.pb.go:2199.52,2200.14 1 0
github.com/frisky1985/yuleDKCS/backend/cloud/hub/api/v1/hub.pb.go:2200.14,2202.3 1 0
github.com/frisky1985/yuleDKCS/backend/cloud/hub/api/v1/hub.pb.go:2203.2,2203.11 1 0
github.com/frisky1985/yuleDKCS/backend/cloud/hub/api/v1/hub.pb.go:2206.56,2207.14 1 0
github.com/frisky1985/yuleDKCS/backend/cloud/hub/api/v1/hub.pb.go:2207.14,2209.3 1 0
github.com/frisky1985/yuleDKCS/backend/cloud/hub/api/v1/hub.pb.go:2210.2,2210.10 1 0
github.com/frisky1985/yuleDKCS/backend/cloud/hub/api/v1/hub.pb.go:2213.55,2214.14 1 0
github.com/frisky1985/yuleDKCS/backend/cloud/hub/api/v1/hub.pb.go:2214.14,2216.3 1 0
github.com/frisky1985/yuleDKCS/backend/cloud/hub/api/v1/hub.pb.go:2217.2,2217.11 1 0
github.com/frisky1985/yuleDKCS/backend/cloud/hub/api/v1/hub.pb.go:2227.40,2232.2 4 0
github.com/frisky1985/yuleDKCS/backend/cloud/hub/api/v1/hub.pb.go:2234.48,2236.2 1 0
github.com/frisky1985/yuleDKCS/backend/cloud/hub/api/v1/hub.pb.go:2238.46,2238.47 0 0
github.com/frisky1985/yuleDKCS/backend/cloud/hub/api/v1/hub.pb.go:2240.68,2242.14 2 0
github.com/frisky1985/yuleDKCS/backend/cloud/hub/api/v1/hub.pb.go:2242.14,2244.34 2 0
github.com/frisky1985/yuleDKCS/backend/cloud/hub/api/v1/hub.pb.go:2244.34,2246.4 1 0
github.com/frisky1985/yuleDKCS/backend/cloud/hub/api/v1/hub.pb.go:2247.3,2247.12 1 0
github.com/frisky1985/yuleDKCS/backend/cloud/hub/api/v1/hub.pb.go:2249.2,2249.24 1 0
github.com/frisky1985/yuleDKCS/backend/cloud/hub/api/v1/hub.pb.go:2253.59,2255.2 1 0
github.com/frisky1985/yuleDKCS/backend/cloud/hub/api/v1/hub.pb.go:2257.54,2258.14 1 0
github.com/frisky1985/yuleDKCS/backend/cloud/hub/api/v1/hub.pb.go:2258.14,2260.3 1 0
github.com/frisky1985/yuleDKCS/backend/cloud/hub/api/v1/hub.pb.go:2261.2,2261.11 1 0
github.com/frisky1985/yuleDKCS/backend/cloud/hub/api/v1/hub.pb.go:2281.39,2286.2 4 0
github.com/frisky1985/yuleDKCS/backend/cloud/hub/api/v1/hub.pb.go:2288.47,2290.2 1 0
github.com/frisky1985/yuleDKCS/backend/cloud/hub/api/v1/hub.pb.go:2292.45,2292.46 0 0
github.com/frisky1985/yuleDKCS/backend/cloud/hub/api/v1/hub.pb.go:2294.67,2296.14 2 0
github.com/frisky1985/yuleDKCS/backend/cloud/hub/api/v1/hub.pb.go:2296.14,2298.34 2 0
github.com/frisky1985/yuleDKCS/backend/cloud/hub/api/v1/hub.pb.go:2298.34,2300.4 1 0
github.com/frisky1985/yuleDKCS/backend/cloud/hub/api/v1/hub.pb.go:2301.3,2301.12 1 0
github.com/frisky1985/yuleDKCS/backend/cloud/hub/api/v1/hub.pb.go:2303.2,2303.24 1 0
github.com/frisky1985/yuleDKCS/backend/cloud/hub/api/v1/hub.pb.go:2307.58,2309.2 1 0
github.com/frisky1985/yuleDKCS/backend/cloud/hub/api/v1/hub.pb.go:2311.53,2312.14 1 0
github.com/frisky1985/yuleDKCS/backend/cloud/hub/api/v1/hub.pb.go:2312.14,2314.3 1 0
github.com/frisky1985/yuleDKCS/backend/cloud/hub/api/v1/hub.pb.go:2315.2,2315.11 1 0
github.com/frisky1985/yuleDKCS/backend/cloud/hub/api/v1/hub.pb.go:2318.53,2319.14 1 0
github.com/frisky1985/yuleDKCS/backend/cloud/hub/api/v1/hub.pb.go:2319.14,2321.3 1 0
github.com/frisky1985/yuleDKCS/backend/cloud/hub/api/v1/hub.pb.go:2322.2,2322.10 1 0
github.com/frisky1985/yuleDKCS/backend/cloud/hub/api/v1/hub.pb.go:2325.55,2326.14 1 0
github.com/frisky1985/yuleDKCS/backend/cloud/hub/api/v1/hub.pb.go:2326.14,2328.3 1 0
github.com/frisky1985/yuleDKCS/backend/cloud/hub/api/v1/hub.pb.go:2329.2,2329.10 1 0
github.com/frisky1985/yuleDKCS/backend/cloud/hub/api/v1/hub.pb.go:2332.53,2333.14 1 0
github.com/frisky1985/yuleDKCS/backend/cloud/hub/api/v1/hub.pb.go:2333.14,2335.3 1 0
github.com/frisky1985/yuleDKCS/backend/cloud/hub/api/v1/hub.pb.go:2336.2,2336.10 1 0
github.com/frisky1985/yuleDKCS/backend/cloud/hub/api/v1/hub.pb.go:2339.55,2340.14 1 0
github.com/frisky1985/yuleDKCS/backend/cloud/hub/api/v1/hub.pb.go:2340.14,2342.3 1 0
github.com/frisky1985/yuleDKCS/backend/cloud/hub/api/v1/hub.pb.go:2343.2,2343.10 1 0
github.com/frisky1985/yuleDKCS/backend/cloud/hub/api/v1/hub.pb.go:2346.53,2347.14 1 0
github.com/frisky1985/yuleDKCS/backend/cloud/hub/api/v1/hub.pb.go:2347.14,2349.3 1 0
github.com/frisky1985/yuleDKCS/backend/cloud/hub/api/v1/hub.pb.go:2350.2,2350.10 1 0
github.com/frisky1985/yuleDKCS/backend/cloud/hub/api/v1/hub.pb.go:2353.55,2354.14 1 0
github.com/frisky1985/yuleDKCS/backend/cloud/hub/api/v1/hub.pb.go:2354.14,2356.3 1 0
github.com/frisky1985/yuleDKCS/backend/cloud/hub/api/v1/hub.pb.go:2357.2,2357.10 1 0
github.com/frisky1985/yuleDKCS/backend/cloud/hub/api/v1/hub.pb.go:2360.54,2361.14 1 0
github.com/frisky1985/yuleDKCS/backend/cloud/hub/api/v1/hub.pb.go:2361.14,2363.3 1 0
github.com/frisky1985/yuleDKCS/backend/cloud/hub/api/v1/hub.pb.go:2364.2,2364.10 1 0
github.com/frisky1985/yuleDKCS/backend/cloud/hub/api/v1/hub.pb.go:2367.53,2368.14 1 0
github.com/frisky1985/yuleDKCS/backend/cloud/hub/api/v1/hub.pb.go:2368.14,2370.3 1 0
github.com/frisky1985/yuleDKCS/backend/cloud/hub/api/v1/hub.pb.go:2371.2,2371.10 1 0
github.com/frisky1985/yuleDKCS/backend/cloud/hub/api/v1/hub.pb.go:2374.54,2375.14 1 0
github.com/frisky1985/yuleDKCS/backend/cloud/hub/api/v1/hub.pb.go:2375.14,2377.3 1 0
github.com/frisky1985/yuleDKCS/backend/cloud/hub/api/v1/hub.pb.go:2378.2,2378.10 1 0
github.com/frisky1985/yuleDKCS/backend/cloud/hub/api/v1/hub.pb.go:2381.52,2382.14 1 0
github.com/frisky1985/yuleDKCS/backend/cloud/hub/api/v1/hub.pb.go:2382.14,2384.3 1 0
github.com/frisky1985/yuleDKCS/backend/cloud/hub/api/v1/hub.pb.go:2385.2,2385.10 1 0
github.com/frisky1985/yuleDKCS/backend/cloud/hub/api/v1/hub.pb.go:2399.34,2404.2 4 0
github.com/frisky1985/yuleDKCS/backend/cloud/hub/api/v1/hub.pb.go:2406.42,2408.2 1 0
github.com/frisky1985/yuleDKCS/backend/cloud/hub/api/v1/hub.pb.go:2410.40,2410.41 0 0
github.com/frisky1985/yuleDKCS/backend/cloud/hub/api/v1/hub.pb.go:2412.62,2414.14 2 0
github.com/frisky1985/yuleDKCS/backend/cloud/hub/api/v1/hub.pb.go:2414.14,2416.34 2 0
github.com/frisky1985/yuleDKCS/backend/cloud/hub/api/v1/hub.pb.go:2416.34,2418.4 1 0
github.com/frisky1985/yuleDKCS/backend/cloud/hub/api/v1/hub.pb.go:2419.3,2419.12 1 0
github.com/frisky1985/yuleDKCS/backend/cloud/hub/api/v1/hub.pb.go:2421.2,2421.24 1 0
github.com/frisky1985/yuleDKCS/backend/cloud/hub/api/v1/hub.pb.go:2425.53,2427.2 1 0
github.com/frisky1985/yuleDKCS/backend/cloud/hub/api/v1/hub.pb.go:2429.50,2430.14 1 0
github.com/frisky1985/yuleDKCS/backend/cloud/hub/api/v1/hub.pb.go:2430.14,2432.3 1 0
github.com/frisky1985/yuleDKCS/backend/cloud/hub/api/v1/hub.pb.go:2433.2,2433.39 1 0
github.com/frisky1985/yuleDKCS/backend/cloud/hub/api/v1/hub.pb.go:2436.49,2437.14 1 0
github.com/frisky1985/yuleDKCS/backend/cloud/hub/api/v1/hub.pb.go:2437.14,2439.3 1 0
github.com/frisky1985/yuleDKCS/backend/cloud/hub/api/v1/hub.pb.go:2440.2,2440.38 1 0
github.com/frisky1985/yuleDKCS/backend/cloud/hub/api/v1/hub.pb.go:2443.48,2444.14 1 0
github.com/frisky1985/yuleDKCS/backend/cloud/hub/api/v1/hub.pb.go:2444.14,2446.3 1 0
github.com/frisky1985/yuleDKCS/backend/cloud/hub/api/v1/hub.pb.go:2447.2,2447.11 1 0
github.com/frisky1985/yuleDKCS/backend/cloud/hub/api/v1/hub.pb.go:2450.46,2451.14 1 0
github.com/frisky1985/yuleDKCS/backend/cloud/hub/api/v1/hub.pb.go:2451.14,2453.3 1 0
github.com/frisky1985/yuleDKCS/backend/cloud/hub/api/v1/hub.pb.go:2454.2,2454.12 1 0
github.com/frisky1985/yuleDKCS/backend/cloud/hub/api/v1/hub.pb.go:2457.46,2458.14 1 0
github.com/frisky1985/yuleDKCS/backend/cloud/hub/api/v1/hub.pb.go:2458.14,2460.3 1 0
github.com/frisky1985/yuleDKCS/backend/cloud/hub/api/v1/hub.pb.go:2461.2,2461.11 1 0
github.com/frisky1985/yuleDKCS/backend/cloud/hub/api/v1/hub.pb.go:2473.35,2478.2 4 0
github.com/frisky1985/yuleDKCS/backend/cloud/hub/api/v1/hub.pb.go:2480.43,2482.2 1 0
github.com/frisky1985/yuleDKCS/backend/cloud/hub/api/v1/hub.pb.go:2484.41,2484.42 0 0
github.com/frisky1985/yuleDKCS/backend/cloud/hub/api/v1/hub.pb.go:2486.63,2488.14 2 0
github.com/frisky1985/yuleDKCS/backend/cloud/hub/api/v1/hub.pb.go:2488.14,2490.34 2 0
github.com/frisky1985/yuleDKCS/backend/cloud/hub/api/v1/hub.pb.go:2490.34,2492.4 1 0
github.com/frisky1985/yuleDKCS/backend/cloud/hub/api/v1/hub.pb.go:2493.3,2493.12 1 0
github.com/frisky1985/yuleDKCS/backend/cloud/hub/api/v1/hub.pb.go:2495.2,2495.24 1 0
github.com/frisky1985/yuleDKCS/backend/cloud/hub/api/v1/hub.pb.go:2499.54,2501.2 1 0
github.com/frisky1985/yuleDKCS/backend/cloud/hub/api/v1/hub.pb.go:2503.47,2504.14 1 0
github.com/frisky1985/yuleDKCS/backend/cloud/hub/api/v1/hub.pb.go:2504.14,2506.3 1 0
github.com/frisky1985/yuleDKCS/backend/cloud/hub/api/v1/hub.pb.go:2507.2,2507.12 1 0
github.com/frisky1985/yuleDKCS/backend/cloud/hub/api/v1/hub.pb.go:2510.49,2511.14 1 0
github.com/frisky1985/yuleDKCS/backend/cloud/hub/api/v1/hub.pb.go:2511.14,2513.3 1 0
github.com/frisky1985/yuleDKCS/backend/cloud/hub/api/v1/hub.pb.go:2514.2,2514.11 1 0
github.com/frisky1985/yuleDKCS/backend/cloud/hub/api/v1/hub.pb.go:2517.48,2518.14 1 0
github.com/frisky1985/yuleDKCS/backend/cloud/hub/api/v1/hub.pb.go:2518.14,2520.3 1 0
github.com/frisky1985/yuleDKCS/backend/cloud/hub/api/v1/hub.pb.go:2521.2,2521.11 1 0
github.com/frisky1985/yuleDKCS/backend/cloud/hub/api/v1/hub.pb.go:2535.35,2540.2 4 0
github.com/frisky1985/yuleDKCS/backend/cloud/hub/api/v1/hub.pb.go:2542.43,2544.2 1 0
github.com/frisky1985/yuleDKCS/backend/cloud/hub/api/v1/hub.pb.go:2546.41,2546.42 0 0
github.com/frisky1985/yuleDKCS/backend/cloud/hub/api/v1/hub.pb.go:2548.63,2550.14 2 0
github.com/frisky1985/yuleDKCS/backend/cloud/hub/api/v1/hub.pb.go:2550.14,2552.34 2 0
github.com/frisky1985/yuleDKCS/backend/cloud/hub/api/v1/hub.pb.go:2552.34,2554.4 1 0
github.com/frisky1985/yuleDKCS/backend/cloud/hub/api/v1/hub.pb.go:2555.3,2555.12 1 0
github.com/frisky1985/yuleDKCS/backend/cloud/hub/api/v1/hub.pb.go:2557.2,2557.24 1 0
github.com/frisky1985/yuleDKCS/backend/cloud/hub/api/v1/hub.pb.go:2561.54,2563.2 1 0
github.com/frisky1985/yuleDKCS/backend/cloud/hub/api/v1/hub.pb.go:2565.51,2566.14 1 0
github.com/frisky1985/yuleDKCS/backend/cloud/hub/api/v1/hub.pb.go:2566.14,2568.3 1 0
github.com/frisky1985/yuleDKCS/backend/cloud/hub/api/v1/hub.pb.go:2569.2,2569.39 1 0
github.com/frisky1985/yuleDKCS/backend/cloud/hub/api/v1/hub.pb.go:2572.50,2573.14 1 0
github.com/frisky1985/yuleDKCS/backend/cloud/hub/api/v1/hub.pb.go:2573.14,2575.3 1 0
github.com/frisky1985/yuleDKCS/backend/cloud/hub/api/v1/hub.pb.go:2576.2,2576.38 1 0
github.com/frisky1985/yuleDKCS/backend/cloud/hub/api/v1/hub.pb.go:2579.49,2580.14 1 0
github.com/frisky1985/yuleDKCS/backend/cloud/hub/api/v1/hub.pb.go:2580.14,2582.3 1 0
github.com/frisky1985/yuleDKCS/backend/cloud/hub/api/v1/hub.pb.go:2583.2,2583.11 1 0
github.com/frisky1985/yuleDKCS/backend/cloud/hub/api/v1/hub.pb.go:2586.47,2587.14 1 0
github.com/frisky1985/yuleDKCS/backend/cloud/hub/api/v1/hub.pb.go:2587.14,2589.3 1 0
github.com/frisky1985/yuleDKCS/backend/cloud/hub/api/v1/hub.pb.go:2590.2,2590.12 1 0
github.com/frisky1985/yuleDKCS/backend/cloud/hub/api/v1/hub.pb.go:2593.50,2594.14 1 0
github.com/frisky1985/yuleDKCS/backend/cloud/hub/api/v1/hub.pb.go:2594.14,2596.3 1 0
github.com/frisky1985/yuleDKCS/backend/cloud/hub/api/v1/hub.pb.go:2597.2,2597.11 1 0
github.com/frisky1985/yuleDKCS/backend/cloud/hub/api/v1/hub.pb.go:2607.36,2612.2 4 0
github.com/frisky1985/yuleDKCS/backend/cloud/hub/api/v1/hub.pb.go:2614.44,2616.2 1 0
github.com/frisky1985/yuleDKCS/backend/cloud/hub/api/v1/hub.pb.go:2618.42,2618.43 0 0
github.com/frisky1985/yuleDKCS/backend/cloud/hub/api/v1/hub.pb.go:2620.64,2622.14 2 0
github.com/frisky1985/yuleDKCS/backend/cloud/hub/api/v1/hub.pb.go:2622.14,2624.34 2 0
github.com/frisky1985/yuleDKCS/backend/cloud/hub/api/v1/hub.pb.go:2624.34,2626.4 1 0
github.com/frisky1985/yuleDKCS/backend/cloud/hub/api/v1/hub.pb.go:2627.3,2627.12 1 0
github.com/frisky1985/yuleDKCS/backend/cloud/hub/api/v1/hub.pb.go:2629.2,2629.24 1 0
github.com/frisky1985/yuleDKCS/backend/cloud/hub/api/v1/hub.pb.go:2633.55,2635.2 1 0
github.com/frisky1985/yuleDKCS/backend/cloud/hub/api/v1/hub.pb.go:2637.50,2638.14 1 0
github.com/frisky1985/yuleDKCS/backend/cloud/hub/api/v1/hub.pb.go:2638.14,2640.3 1 0
github.com/frisky1985/yuleDKCS/backend/cloud/hub/api/v1/hub.pb.go:2641.2,2641.11 1 0
github.com/frisky1985/yuleDKCS/backend/cloud/hub/api/v1/hub.pb.go:2650.38,2655.2 4 0
github.com/frisky1985/yuleDKCS/backend/cloud/hub/api/v1/hub.pb.go:2657.46,2659.2 1 0
github.com/frisky1985/yuleDKCS/backend/cloud/hub/api/v1/hub.pb.go:2661.44,2661.45 0 0
github.com/frisky1985/yuleDKCS/backend/cloud/hub/api/v1/hub.pb.go:2663.66,2665.14 2 0
github.com/frisky1985/yuleDKCS/backend/cloud/hub/api/v1/hub.pb.go:2665.14,2667.34 2 0
github.com/frisky1985/yuleDKCS/backend/cloud/hub/api/v1/hub.pb.go:2667.34,2669.4 1 0
github.com/frisky1985/yuleDKCS/backend/cloud/hub/api/v1/hub.pb.go:2670.3,2670.12 1 0
github.com/frisky1985/yuleDKCS/backend/cloud/hub/api/v1/hub.pb.go:2672.2,2672.24 1 0
github.com/frisky1985/yuleDKCS/backend/cloud/hub/api/v1/hub.pb.go:2676.57,2678.2 1 0
github.com/frisky1985/yuleDKCS/backend/cloud/hub/api/v1/hub.pb.go:2688.39,2693.2 4 0
github.com/frisky1985/yuleDKCS/backend/cloud/hub/api/v1/hub.pb.go:2695.47,2697.2 1 0
github.com/frisky1985/yuleDKCS/backend/cloud/hub/api/v1/hub.pb.go:2699.45,2699.46 0 0
github.com/frisky1985/yuleDKCS/backend/cloud/hub/api/v1/hub.pb.go:2701.67,2703.14 2 0
github.com/frisky1985/yuleDKCS/backend/cloud/hub/api/v1/hub.pb.go:2703.14,2705.34 2 0
github.com/frisky1985/yuleDKCS/backend/cloud/hub/api/v1/hub.pb.go:2705.34,2707.4 1 0
github.com/frisky1985/yuleDKCS/backend/cloud/hub/api/v1/hub.pb.go:2708.3,2708.12 1 0
github.com/frisky1985/yuleDKCS/backend/cloud/hub/api/v1/hub.pb.go:2710.2,2710.24 1 0
github.com/frisky1985/yuleDKCS/backend/cloud/hub/api/v1/hub.pb.go:2714.58,2716.2 1 0
github.com/frisky1985/yuleDKCS/backend/cloud/hub/api/v1/hub.pb.go:2718.49,2719.14 1 0
github.com/frisky1985/yuleDKCS/backend/cloud/hub/api/v1/hub.pb.go:2719.14,2721.3 1 0
github.com/frisky1985/yuleDKCS/backend/cloud/hub/api/v1/hub.pb.go:2722.2,2722.14 1 0
github.com/frisky1985/yuleDKCS/backend/cloud/hub/api/v1/hub.pb.go:2725.62,2726.14 1 0
github.com/frisky1985/yuleDKCS/backend/cloud/hub/api/v1/hub.pb.go:2726.14,2728.3 1 0
github.com/frisky1985/yuleDKCS/backend/cloud/hub/api/v1/hub.pb.go:2729.2,2729.12 1 0
github.com/frisky1985/yuleDKCS/backend/cloud/hub/api/v1/hub.pb.go:2743.33,2748.2 4 0
github.com/frisky1985/yuleDKCS/backend/cloud/hub/api/v1/hub.pb.go:2750.41,2752.2 1 0
github.com/frisky1985/yuleDKCS/backend/cloud/hub/api/v1/hub.pb.go:2754.39,2754.40 0 0
github.com/frisky1985/yuleDKCS/backend/cloud/hub/api/v1/hub.pb.go:2756.61,2758.14 2 0
github.com/frisky1985/yuleDKCS/backend/cloud/hub/api/v1/hub.pb.go:2758.14,2760.34 2 0
github.com/frisky1985/yuleDKCS/backend/cloud/hub/api/v1/hub.pb.go:2760.34,2762.4 1 0
github.com/frisky1985/yuleDKCS/backend/cloud/hub/api/v1/hub.pb.go:2763.3,2763.12 1 0
github.com/frisky1985/yuleDKCS/backend/cloud/hub/api/v1/hub.pb.go:2765.2,2765.24 1 0
github.com/frisky1985/yuleDKCS/backend/cloud/hub/api/v1/hub.pb.go:2769.52,2771.2 1 0
github.com/frisky1985/yuleDKCS/backend/cloud/hub/api/v1/hub.pb.go:2773.44,2774.14 1 0
github.com/frisky1985/yuleDKCS/backend/cloud/hub/api/v1/hub.pb.go:2774.14,2776.3 1 0
github.com/frisky1985/yuleDKCS/backend/cloud/hub/api/v1/hub.pb.go:2777.2,2777.11 1 0
github.com/frisky1985/yuleDKCS/backend/cloud/hub/api/v1/hub.pb.go:2780.46,2781.14 1 0
github.com/frisky1985/yuleDKCS/backend/cloud/hub/api/v1/hub.pb.go:2781.14,2783.3 1 0
github.com/frisky1985/yuleDKCS/backend/cloud/hub/api/v1/hub.pb.go:2784.2,2784.11 1 0
github.com/frisky1985/yuleDKCS/backend/cloud/hub/api/v1/hub.pb.go:2787.43,2788.14 1 0
github.com/frisky1985/yuleDKCS/backend/cloud/hub/api/v1/hub.pb.go:2788.14,2790.3 1 0
github.com/frisky1985/yuleDKCS/backend/cloud/hub/api/v1/hub.pb.go:2791.2,2791.14 1 0
github.com/frisky1985/yuleDKCS/backend/cloud/hub/api/v1/hub.pb.go:2794.48,2795.14 1 0
github.com/frisky1985/yuleDKCS/backend/cloud/hub/api/v1/hub.pb.go:2795.14,2797.3 1 0
github.com/frisky1985/yuleDKCS/backend/cloud/hub/api/v1/hub.pb.go:2798.2,2798.10 1 0
github.com/frisky1985/yuleDKCS/backend/cloud/hub/api/v1/hub.pb.go:2801.46,2802.14 1 0
github.com/frisky1985/yuleDKCS/backend/cloud/hub/api/v1/hub.pb.go:2802.14,2804.3 1 0
github.com/frisky1985/yuleDKCS/backend/cloud/hub/api/v1/hub.pb.go:2805.2,2805.11 1 0
github.com/frisky1985/yuleDKCS/backend/cloud/hub/api/v1/hub.pb.go:3107.49,3108.46 1 0
github.com/frisky1985/yuleDKCS/backend/cloud/hub/api/v1/hub.pb.go:3108.46,3110.3 1 0
github.com/frisky1985/yuleDKCS/backend/cloud/hub/api/v1/hub.pb.go:3111.2,3111.42 1 0
github.com/frisky1985/yuleDKCS/backend/cloud/hub/api/v1/hub.pb.go:3226.13,3226.45 1 1
github.com/frisky1985/yuleDKCS/backend/cloud/hub/api/v1/hub.pb.go:3227.35,3228.34 1 1
github.com/frisky1985/yuleDKCS/backend/cloud/hub/api/v1/hub.pb.go:3228.34,3230.3 1 0
github.com/frisky1985/yuleDKCS/backend/cloud/hub/api/v1/hub.pb.go:3231.2,3248.37 5 1
github.com/frisky1985/yuleDKCS/backend/cloud/hub/api/v1/hub_grpc.pb.go:56.92,58.2 1 0
github.com/frisky1985/yuleDKCS/backend/cloud/hub/api/v1/hub_grpc.pb.go:60.138,64.16 4 0
github.com/frisky1985/yuleDKCS/backend/cloud/hub/api/v1/hub_grpc.pb.go:64.16,66.3 1 0
github.com/frisky1985/yuleDKCS/backend/cloud/hub/api/v1/hub_grpc.pb.go:67.2,67.17 1 0
github.com/frisky1985/yuleDKCS/backend/cloud/hub/api/v1/hub_grpc.pb.go:70.144,74.16 4 0
github.com/frisky1985/yuleDKCS/backend/cloud/hub/api/v1/hub_grpc.pb.go:74.16,76.3 1 0
github.com/frisky1985/yuleDKCS/backend/cloud/hub/api/v1/hub_grpc.pb.go:77.2,77.17 1 0
github.com/frisky1985/yuleDKCS/backend/cloud/hub/api/v1/hub_grpc.pb.go:80.147,84.16 4 0
github.com/frisky1985/yuleDKCS/backend/cloud/hub/api/v1/hub_grpc.pb.go:84.16,86.3 1 0
github.com/frisky1985/yuleDKCS/backend/cloud/hub/api/v1/hub_grpc.pb.go:87.2,87.17 1 0
github.com/frisky1985/yuleDKCS/backend/cloud/hub/api/v1/hub_grpc.pb.go:90.144,94.16 4 0
github.com/frisky1985/yuleDKCS/backend/cloud/hub/api/v1/hub_grpc.pb.go:94.16,96.3 1 0
github.com/frisky1985/yuleDKCS/backend/cloud/hub/api/v1/hub_grpc.pb.go:97.2,97.17 1 0
github.com/frisky1985/yuleDKCS/backend/cloud/hub/api/v1/hub_grpc.pb.go:100.144,104.16 4 0
github.com/frisky1985/yuleDKCS/backend/cloud/hub/api/v1/hub_grpc.pb.go:104.16,106.3 1 0
github.com/frisky1985/yuleDKCS/backend/cloud/hub/api/v1/hub_grpc.pb.go:107.2,107.17 1 0
github.com/frisky1985/yuleDKCS/backend/cloud/hub/api/v1/hub_grpc.pb.go:110.141,114.16 4 0
github.com/frisky1985/yuleDKCS/backend/cloud/hub/api/v1/hub_grpc.pb.go:114.16,116.3 1 0
github.com/frisky1985/yuleDKCS/backend/cloud/hub/api/v1/hub_grpc.pb.go:117.2,117.17 1 0
github.com/frisky1985/yuleDKCS/backend/cloud/hub/api/v1/hub_grpc.pb.go:120.135,124.16 4 0
github.com/frisky1985/yuleDKCS/backend/cloud/hub/api/v1/hub_grpc.pb.go:124.16,126.3 1 0
github.com/frisky1985/yuleDKCS/backend/cloud/hub/api/v1/hub_grpc.pb.go:127.2,127.17 1 0
github.com/frisky1985/yuleDKCS/backend/cloud/hub/api/v1/hub_grpc.pb.go:130.141,134.16 4 0
github.com/frisky1985/yuleDKCS/backend/cloud/hub/api/v1/hub_grpc.pb.go:134.16,136.3 1 0
github.com/frisky1985/yuleDKCS/backend/cloud/hub/api/v1/hub_grpc.pb.go:137.2,137.17 1 0
github.com/frisky1985/yuleDKCS/backend/cloud/hub/api/v1/hub_grpc.pb.go:168.116,170.2 1 0
github.com/frisky1985/yuleDKCS/backend/cloud/hub/api/v1/hub_grpc.pb.go:171.122,173.2 1 0
github.com/frisky1985/yuleDKCS/backend/cloud/hub/api/v1/hub_grpc.pb.go:174.125,176.2 1 0
github.com/frisky1985/yuleDKCS/backend/cloud/hub/api/v1/hub_grpc.pb.go:177.122,179.2 1 0
github.com/frisky1985/yuleDKCS/backend/cloud/hub/api/v1/hub_grpc.pb.go:180.122,182.2 1 0
github.com/frisky1985/yuleDKCS/backend/cloud/hub/api/v1/hub_grpc.pb.go:183.119,185.2 1 0
github.com/frisky1985/yuleDKCS/backend/cloud/hub/api/v1/hub_grpc.pb.go:186.113,188.2 1 0
github.com/frisky1985/yuleDKCS/backend/cloud/hub/api/v1/hub_grpc.pb.go:189.119,191.2 1 0
github.com/frisky1985/yuleDKCS/backend/cloud/hub/api/v1/hub_grpc.pb.go:192.100,192.101 0 0
github.com/frisky1985/yuleDKCS/backend/cloud/hub/api/v1/hub_grpc.pb.go:193.100,193.101 0 0
github.com/frisky1985/yuleDKCS/backend/cloud/hub/api/v1/hub_grpc.pb.go:202.98,207.59 1 0
github.com/frisky1985/yuleDKCS/backend/cloud/hub/api/v1/hub_grpc.pb.go:207.59,209.3 1 0
github.com/frisky1985/yuleDKCS/backend/cloud/hub/api/v1/hub_grpc.pb.go:210.2,210.59 1 0
github.com/frisky1985/yuleDKCS/backend/cloud/hub/api/v1/hub_grpc.pb.go:213.173,215.32 2 0
github.com/frisky1985/yuleDKCS/backend/cloud/hub/api/v1/hub_grpc.pb.go:215.32,217.3 1 0
github.com/frisky1985/yuleDKCS/backend/cloud/hub/api/v1/hub_grpc.pb.go:218.2,218.24 1 0
github.com/frisky1985/yuleDKCS/backend/cloud/hub/api/v1/hub_grpc.pb.go:218.24,220.3 1 0
github.com/frisky1985/yuleDKCS/backend/cloud/hub/api/v1/hub_grpc.pb.go:221.2,225.77 2 0
github.com/frisky1985/yuleDKCS/backend/cloud/hub/api/v1/hub_grpc.pb.go:225.77,227.3 1 0
github.com/frisky1985/yuleDKCS/backend/cloud/hub/api/v1/hub_grpc.pb.go:228.2,228.44 1 0
github.com/frisky1985/yuleDKCS/backend/cloud/hub/api/v1/hub_grpc.pb.go:231.175,233.32 2 0
github.com/frisky1985/yuleDKCS/backend/cloud/hub/api/v1/hub_grpc.pb.go:233.32,235.3 1 0
github.com/frisky1985/yuleDKCS/backend/cloud/hub/api/v1/hub_grpc.pb.go:236.2,236.24 1 0
github.com/frisky1985/yuleDKCS/backend/cloud/hub/api/v1/hub_grpc.pb.go:236.24,238.3 1 0
github.com/frisky1985/yuleDKCS/backend/cloud/hub/api/v1/hub_grpc.pb.go:239.2,243.77 2 0
github.com/frisky1985/yuleDKCS/backend/cloud/hub/api/v1/hub_grpc.pb.go:243.77,245.3 1 0
github.com/frisky1985/yuleDKCS/backend/cloud/hub/api/v1/hub_grpc.pb.go:246.2,246.44 1 0
github.com/frisky1985/yuleDKCS/backend/cloud/hub/api/v1/hub_grpc.pb.go:249.176,251.32 2 0
github.com/frisky1985/yuleDKCS/backend/cloud/hub/api/v1/hub_grpc.pb.go:251.32,253.3 1 0
github.com/frisky1985/yuleDKCS/backend/cloud/hub/api/v1/hub_grpc.pb.go:254.2,254.24 1 0
github.com/frisky1985/yuleDKCS/backend/cloud/hub/api/v1/hub_grpc.pb.go:254.24,256.3 1 0
github.com/frisky1985/yuleDKCS/backend/cloud/hub/api/v1/hub_grpc.pb.go:257.2,261.77 2 0
github.com/frisky1985/yuleDKCS/backend/cloud/hub/api/v1/hub_grpc.pb.go:261.77,263.3 1 0
github.com/frisky1985/yuleDKCS/backend/cloud/hub/api/v1/hub_grpc.pb.go:264.2,264.44 1 0
github.com/frisky1985/yuleDKCS/backend/cloud/hub/api/v1/hub_grpc.pb.go:267.175,269.32 2 0
github.com/frisky1985/yuleDKCS/backend/cloud/hub/api/v1/hub_grpc.pb.go:269.32,271.3 1 0
github.com/frisky1985/yuleDKCS/backend/cloud/hub/api/v1/hub_grpc.pb.go:272.2,272.24 1 0
github.com/frisky1985/yuleDKCS/backend/cloud/hub/api/v1/hub_grpc.pb.go:272.24,274.3 1 0
github.com/frisky1985/yuleDKCS/backend/cloud/hub/api/v1/hub_grpc.pb.go:275.2,279.77 2 0
github.com/frisky1985/yuleDKCS/backend/cloud/hub/api/v1/hub_grpc.pb.go:279.77,281.3 1 0
github.com/frisky1985/yuleDKCS/backend/cloud/hub/api/v1/hub_grpc.pb.go:282.2,282.44 1 0
github.com/frisky1985/yuleDKCS/backend/cloud/hub/api/v1/hub_grpc.pb.go:285.175,287.32 2 0
github.com/frisky1985/yuleDKCS/backend/cloud/hub/api/v1/hub_grpc.pb.go:287.32,289.3 1 0
github.com/frisky1985/yuleDKCS/backend/cloud/hub/api/v1/hub_grpc.pb.go:290.2,290.24 1 0
github.com/frisky1985/yuleDKCS/backend/cloud/hub/api/v1/hub_grpc.pb.go:290.24,292.3 1 0
github.com/frisky1985/yuleDKCS/backend/cloud/hub/api/v1/hub_grpc.pb.go:293.2,297.77 2 0
github.com/frisky1985/yuleDKCS/backend/cloud/hub/api/v1/hub_grpc.pb.go:297.77,299.3 1 0
github.com/frisky1985/yuleDKCS/backend/cloud/hub/api/v1/hub_grpc.pb.go:300.2,300.44 1 0
github.com/frisky1985/yuleDKCS/backend/cloud/hub/api/v1/hub_grpc.pb.go:303.174,305.32 2 0
github.com/frisky1985/yuleDKCS/backend/cloud/hub/api/v1/hub_grpc.pb.go:305.32,307.3 1 0
github.com/frisky1985/yuleDKCS/backend/cloud/hub/api/v1/hub_grpc.pb.go:308.2,308.24 1 0
github.com/frisky1985/yuleDKCS/backend/cloud/hub/api/v1/hub_grpc.pb.go:308.24,310.3 1 0
github.com/frisky1985/yuleDKCS/backend/cloud/hub/api/v1/hub_grpc.pb.go:311.2,315.77 2 0
github.com/frisky1985/yuleDKCS/backend/cloud/hub/api/v1/hub_grpc.pb.go:315.77,317.3 1 0
github.com/frisky1985/yuleDKCS/backend/cloud/hub/api/v1/hub_grpc.pb.go:318.2,318.44 1 0
github.com/frisky1985/yuleDKCS/backend/cloud/hub/api/v1/hub_grpc.pb.go:321.172,323.32 2 0
github.com/frisky1985/yuleDKCS/backend/cloud/hub/api/v1/hub_grpc.pb.go:323.32,325.3 1 0
github.com/frisky1985/yuleDKCS/backend/cloud/hub/api/v1/hub_grpc.pb.go:326.2,326.24 1 0
github.com/frisky1985/yuleDKCS/backend/cloud/hub/api/v1/hub_grpc.pb.go:326.24,328.3 1 0
github.com/frisky1985/yuleDKCS/backend/cloud/hub/api/v1/hub_grpc.pb.go:329.2,333.77 2 0
github.com/frisky1985/yuleDKCS/backend/cloud/hub/api/v1/hub_grpc.pb.go:333.77,335.3 1 0
github.com/frisky1985/yuleDKCS/backend/cloud/hub/api/v1/hub_grpc.pb.go:336.2,336.44 1 0
github.com/frisky1985/yuleDKCS/backend/cloud/hub/api/v1/hub_grpc.pb.go:339.174,341.32 2 0
github.com/frisky1985/yuleDKCS/backend/cloud/hub/api/v1/hub_grpc.pb.go:341.32,343.3 1 0
github.com/frisky1985/yuleDKCS/backend/cloud/hub/api/v1/hub_grpc.pb.go:344.2,344.24 1 0
github.com/frisky1985/yuleDKCS/backend/cloud/hub/api/v1/hub_grpc.pb.go:344.24,346.3 1 0
github.com/frisky1985/yuleDKCS/backend/cloud/hub/api/v1/hub_grpc.pb.go:347.2,351.77 2 0
github.com/frisky1985/yuleDKCS/backend/cloud/hub/api/v1/hub_grpc.pb.go:351.77,353.3 1 0
github.com/frisky1985/yuleDKCS/backend/cloud/hub/api/v1/hub_grpc.pb.go:354.2,354.44 1 0
github.com/frisky1985/yuleDKCS/backend/cloud/hub/api/v1/hub_grpc.pb.go:422.82,424.2 1 0
github.com/frisky1985/yuleDKCS/backend/cloud/hub/api/v1/hub_grpc.pb.go:426.145,430.16 4 0
github.com/frisky1985/yuleDKCS/backend/cloud/hub/api/v1/hub_grpc.pb.go:430.16,432.3 1 0
github.com/frisky1985/yuleDKCS/backend/cloud/hub/api/v1/hub_grpc.pb.go:433.2,433.17 1 0
github.com/frisky1985/yuleDKCS/backend/cloud/hub/api/v1/hub_grpc.pb.go:436.145,440.16 4 0
github.com/frisky1985/yuleDKCS/backend/cloud/hub/api/v1/hub_grpc.pb.go:440.16,442.3 1 0
github.com/frisky1985/yuleDKCS/backend/cloud/hub/api/v1/hub_grpc.pb.go:443.2,443.17 1 0
github.com/frisky1985/yuleDKCS/backend/cloud/hub/api/v1/hub_grpc.pb.go:446.145,450.16 4 0
github.com/frisky1985/yuleDKCS/backend/cloud/hub/api/v1/hub_grpc.pb.go:450.16,452.3 1 0
github.com/frisky1985/yuleDKCS/backend/cloud/hub/api/v1/hub_grpc.pb.go:453.2,453.17 1 0
github.com/frisky1985/yuleDKCS/backend/cloud/hub/api/v1/hub_grpc.pb.go:456.136,460.16 4 0
github.com/frisky1985/yuleDKCS/backend/cloud/hub/api/v1/hub_grpc.pb.go:460.16,462.3 1 0
github.com/frisky1985/yuleDKCS/backend/cloud/hub/api/v1/hub_grpc.pb.go:463.2,463.17 1 0
github.com/frisky1985/yuleDKCS/backend/cloud/hub/api/v1/hub_grpc.pb.go:484.123,486.2 1 0
github.com/frisky1985/yuleDKCS/backend/cloud/hub/api/v1/hub_grpc.pb.go:487.123,489.2 1 0
github.com/frisky1985/yuleDKCS/backend/cloud/hub/api/v1/hub_grpc.pb.go:490.123,492.2 1 0
github.com/frisky1985/yuleDKCS/backend/cloud/hub/api/v1/hub_grpc.pb.go:493.114,495.2 1 0
github.com/frisky1985/yuleDKCS/backend/cloud/hub/api/v1/hub_grpc.pb.go:496.90,496.91 0 0
github.com/frisky1985/yuleDKCS/backend/cloud/hub/api/v1/hub_grpc.pb.go:497.90,497.91 0 0
github.com/frisky1985/yuleDKCS/backend/cloud/hub/api/v1/hub_grpc.pb.go:506.88,511.59 1 0
github.com/frisky1985/yuleDKCS/backend/cloud/hub/api/v1/hub_grpc.pb.go:511.59,513.3 1 0
github.com/frisky1985/yuleDKCS/backend/cloud/hub/api/v1/hub_grpc.pb.go:514.2,514.54 1 0
github.com/frisky1985/yuleDKCS/backend/cloud/hub/api/v1/hub_grpc.pb.go:517.172,519.32 2 0
github.com/frisky1985/yuleDKCS/backend/cloud/hub/api/v1/hub_grpc.pb.go:519.32,521.3 1 0
github.com/frisky1985/yuleDKCS/backend/cloud/hub/api/v1/hub_grpc.pb.go:522.2,522.24 1 0
github.com/frisky1985/yuleDKCS/backend/cloud/hub/api/v1/hub_grpc.pb.go:522.24,524.3 1 0
github.com/frisky1985/yuleDKCS/backend/cloud/hub/api/v1/hub_grpc.pb.go:525.2,529.77 2 0
github.com/frisky1985/yuleDKCS/backend/cloud/hub/api/v1/hub_grpc.pb.go:529.77,531.3 1 0
github.com/frisky1985/yuleDKCS/backend/cloud/hub/api/v1/hub_grpc.pb.go:532.2,532.44 1 0
github.com/frisky1985/yuleDKCS/backend/cloud/hub/api/v1/hub_grpc.pb.go:535.172,537.32 2 0
github.com/frisky1985/yuleDKCS/backend/cloud/hub/api/v1/hub_grpc.pb.go:537.32,539.3 1 0
github.com/frisky1985/yuleDKCS/backend/cloud/hub/api/v1/hub_grpc.pb.go:540.2,540.24 1 0
github.com/frisky1985/yuleDKCS/backend/cloud/hub/api/v1/hub_grpc.pb.go:540.24,542.3 1 0
github.com/frisky1985/yuleDKCS/backend/cloud/hub/api/v1/hub_grpc.pb.go:543.2,547.77 2 0
github.com/frisky1985/yuleDKCS/backend/cloud/hub/api/v1/hub_grpc.pb.go:547.77,549.3 1 0
github.com/frisky1985/yuleDKCS/backend/cloud/hub/api/v1/hub_grpc.pb.go:550.2,550.44 1 0
github.com/frisky1985/yuleDKCS/backend/cloud/hub/api/v1/hub_grpc.pb.go:553.172,555.32 2 0
github.com/frisky1985/yuleDKCS/backend/cloud/hub/api/v1/hub_grpc.pb.go:555.32,557.3 1 0
github.com/frisky1985/yuleDKCS/backend/cloud/hub/api/v1/hub_grpc.pb.go:558.2,558.24 1 0
github.com/frisky1985/yuleDKCS/backend/cloud/hub/api/v1/hub_grpc.pb.go:558.24,560.3 1 0
github.com/frisky1985/yuleDKCS/backend/cloud/hub/api/v1/hub_grpc.pb.go:561.2,565.77 2 0
github.com/frisky1985/yuleDKCS/backend/cloud/hub/api/v1/hub_grpc.pb.go:565.77,567.3 1 0
github.com/frisky1985/yuleDKCS/backend/cloud/hub/api/v1/hub_grpc.pb.go:568.2,568.44 1 0
github.com/frisky1985/yuleDKCS/backend/cloud/hub/api/v1/hub_grpc.pb.go:571.169,573.32 2 0
github.com/frisky1985/yuleDKCS/backend/cloud/hub/api/v1/hub_grpc.pb.go:573.32,575.3 1 0
github.com/frisky1985/yuleDKCS/backend/cloud/hub/api/v1/hub_grpc.pb.go:576.2,576.24 1 0
github.com/frisky1985/yuleDKCS/backend/cloud/hub/api/v1/hub_grpc.pb.go:576.24,578.3 1 0
github.com/frisky1985/yuleDKCS/backend/cloud/hub/api/v1/hub_grpc.pb.go:579.2,583.77 2 0
github.com/frisky1985/yuleDKCS/backend/cloud/hub/api/v1/hub_grpc.pb.go:583.77,585.3 1 0
github.com/frisky1985/yuleDKCS/backend/cloud/hub/api/v1/hub_grpc.pb.go:586.2,586.44 1 0
github.com/frisky1985/yuleDKCS/backend/cloud/hub/api/v1/hub_grpc.pb.go:634.94,636.2 1 0
github.com/frisky1985/yuleDKCS/backend/cloud/hub/api/v1/hub_grpc.pb.go:638.157,642.16 4 0
github.com/frisky1985/yuleDKCS/backend/cloud/hub/api/v1/hub_grpc.pb.go:642.16,644.3 1 0
github.com/frisky1985/yuleDKCS/backend/cloud/hub/api/v1/hub_grpc.pb.go:645.2,645.17 1 0
github.com/frisky1985/yuleDKCS/backend/cloud/hub/api/v1/hub_grpc.pb.go:648.181,651.16 3 0
github.com/frisky1985/yuleDKCS/backend/cloud/hub/api/v1/hub_grpc.pb.go:651.16,653.3 1 0
github.com/frisky1985/yuleDKCS/backend/cloud/hub/api/v1/hub_grpc.pb.go:654.2,655.51 2 0
github.com/frisky1985/yuleDKCS/backend/cloud/hub/api/v1/hub_grpc.pb.go:655.51,657.3 1 0
github.com/frisky1985/yuleDKCS/backend/cloud/hub/api/v1/hub_grpc.pb.go:658.2,658.51 1 0
github.com/frisky1985/yuleDKCS/backend/cloud/hub/api/v1/hub_grpc.pb.go:658.51,660.3 1 0
github.com/frisky1985/yuleDKCS/backend/cloud/hub/api/v1/hub_grpc.pb.go:661.2,661.15 1 0
github.com/frisky1985/yuleDKCS/backend/cloud/hub/api/v1/hub_grpc.pb.go:683.135,685.2 1 0
github.com/frisky1985/yuleDKCS/backend/cloud/hub/api/v1/hub_grpc.pb.go:686.140,688.2 1 0
github.com/frisky1985/yuleDKCS/backend/cloud/hub/api/v1/hub_grpc.pb.go:689.102,689.103 0 0
github.com/frisky1985/yuleDKCS/backend/cloud/hub/api/v1/hub_grpc.pb.go:690.102,690.103 0 0
github.com/frisky1985/yuleDKCS/backend/cloud/hub/api/v1/hub_grpc.pb.go:699.100,704.59 1 0
github.com/frisky1985/yuleDKCS/backend/cloud/hub/api/v1/hub_grpc.pb.go:704.59,706.3 1 0
github.com/frisky1985/yuleDKCS/backend/cloud/hub/api/v1/hub_grpc.pb.go:707.2,707.60 1 0
github.com/frisky1985/yuleDKCS/backend/cloud/hub/api/v1/hub_grpc.pb.go:710.178,712.32 2 0
github.com/frisky1985/yuleDKCS/backend/cloud/hub/api/v1/hub_grpc.pb.go:712.32,714.3 1 0
github.com/frisky1985/yuleDKCS/backend/cloud/hub/api/v1/hub_grpc.pb.go:715.2,715.24 1 0
github.com/frisky1985/yuleDKCS/backend/cloud/hub/api/v1/hub_grpc.pb.go:715.24,717.3 1 0
github.com/frisky1985/yuleDKCS/backend/cloud/hub/api/v1/hub_grpc.pb.go:718.2,722.77 2 0
github.com/frisky1985/yuleDKCS/backend/cloud/hub/api/v1/hub_grpc.pb.go:722.77,724.3 1 0
github.com/frisky1985/yuleDKCS/backend/cloud/hub/api/v1/hub_grpc.pb.go:725.2,725.44 1 0
github.com/frisky1985/yuleDKCS/backend/cloud/hub/api/v1/hub_grpc.pb.go:728.99,730.42 2 0
github.com/frisky1985/yuleDKCS/backend/cloud/hub/api/v1/hub_grpc.pb.go:730.42,732.3 1 0
github.com/frisky1985/yuleDKCS/backend/cloud/hub/api/v1/hub_grpc.pb.go:733.2,733.150 1 0
github.com/frisky1985/yuleDKCS/backend/cloud/hub/api/v1/hub_grpc.pb.go:783.90,785.2 1 0
github.com/frisky1985/yuleDKCS/backend/cloud/hub/api/v1/hub_grpc.pb.go:787.145,791.16 4 0
github.com/frisky1985/yuleDKCS/backend/cloud/hub/api/v1/hub_grpc.pb.go:791.16,793.3 1 0
github.com/frisky1985/yuleDKCS/backend/cloud/hub/api/v1/hub_grpc.pb.go:794.2,794.17 1 0
github.com/frisky1985/yuleDKCS/backend/cloud/hub/api/v1/hub_grpc.pb.go:797.146,801.16 4 0
github.com/frisky1985/yuleDKCS/backend/cloud/hub/api/v1/hub_grpc.pb.go:801.16,803.3 1 0
github.com/frisky1985/yuleDKCS/backend/cloud/hub/api/v1/hub_grpc.pb.go:804.2,804.17 1 0
github.com/frisky1985/yuleDKCS/backend/cloud/hub/api/v1/hub_grpc.pb.go:807.149,811.16 4 0
github.com/frisky1985/yuleDKCS/backend/cloud/hub/api/v1/hub_grpc.pb.go:811.16,813.3 1 0
github.com/frisky1985/yuleDKCS/backend/cloud/hub/api/v1/hub_grpc.pb.go:814.2,814.17 1 0
github.com/frisky1985/yuleDKCS/backend/cloud/hub/api/v1/hub_grpc.pb.go:837.123,839.2 1 0
github.com/frisky1985/yuleDKCS/backend/cloud/hub/api/v1/hub_grpc.pb.go:840.124,842.2 1 0
github.com/frisky1985/yuleDKCS/backend/cloud/hub/api/v1/hub_grpc.pb.go:843.127,845.2 1 0
github.com/frisky1985/yuleDKCS/backend/cloud/hub/api/v1/hub_grpc.pb.go:846.98,846.99 0 0
github.com/frisky1985/yuleDKCS/backend/cloud/hub/api/v1/hub_grpc.pb.go:847.98,847.99 0 0
github.com/frisky1985/yuleDKCS/backend/cloud/hub/api/v1/hub_grpc.pb.go:856.96,861.59 1 0
github.com/frisky1985/yuleDKCS/backend/cloud/hub/api/v1/hub_grpc.pb.go:861.59,863.3 1 0
github.com/frisky1985/yuleDKCS/backend/cloud/hub/api/v1/hub_grpc.pb.go:864.2,864.58 1 0
github.com/frisky1985/yuleDKCS/backend/cloud/hub/api/v1/hub_grpc.pb.go:867.180,869.32 2 0
github.com/frisky1985/yuleDKCS/backend/cloud/hub/api/v1/hub_grpc.pb.go:869.32,871.3 1 0
github.com/frisky1985/yuleDKCS/backend/cloud/hub/api/v1/hub_grpc.pb.go:872.2,872.24 1 0
github.com/frisky1985/yuleDKCS/backend/cloud/hub/api/v1/hub_grpc.pb.go:872.24,874.3 1 0
github.com/frisky1985/yuleDKCS/backend/cloud/hub/api/v1/hub_grpc.pb.go:875.2,879.77 2 0
github.com/frisky1985/yuleDKCS/backend/cloud/hub/api/v1/hub_grpc.pb.go:879.77,881.3 1 0
github.com/frisky1985/yuleDKCS/backend/cloud/hub/api/v1/hub_grpc.pb.go:882.2,882.44 1 0
github.com/frisky1985/yuleDKCS/backend/cloud/hub/api/v1/hub_grpc.pb.go:885.179,887.32 2 0
github.com/frisky1985/yuleDKCS/backend/cloud/hub/api/v1/hub_grpc.pb.go:887.32,889.3 1 0
github.com/frisky1985/yuleDKCS/backend/cloud/hub/api/v1/hub_grpc.pb.go:890.2,890.24 1 0
github.com/frisky1985/yuleDKCS/backend/cloud/hub/api/v1/hub_grpc.pb.go:890.24,892.3 1 0
github.com/frisky1985/yuleDKCS/backend/cloud/hub/api/v1/hub_grpc.pb.go:893.2,897.77 2 0
github.com/frisky1985/yuleDKCS/backend/cloud/hub/api/v1/hub_grpc.pb.go:897.77,899.3 1 0
github.com/frisky1985/yuleDKCS/backend/cloud/hub/api/v1/hub_grpc.pb.go:900.2,900.44 1 0
github.com/frisky1985/yuleDKCS/backend/cloud/hub/api/v1/hub_grpc.pb.go:903.176,905.32 2 0
github.com/frisky1985/yuleDKCS/backend/cloud/hub/api/v1/hub_grpc.pb.go:905.32,907.3 1 0
github.com/frisky1985/yuleDKCS/backend/cloud/hub/api/v1/hub_grpc.pb.go:908.2,908.24 1 0
github.com/frisky1985/yuleDKCS/backend/cloud/hub/api/v1/hub_grpc.pb.go:908.24,910.3 1 0
github.com/frisky1985/yuleDKCS/backend/cloud/hub/api/v1/hub_grpc.pb.go:911.2,915.77 2 0
github.com/frisky1985/yuleDKCS/backend/cloud/hub/api/v1/hub_grpc.pb.go:915.77,917.3 1 0
github.com/frisky1985/yuleDKCS/backend/cloud/hub/api/v1/hub_grpc.pb.go:918.2,918.44 1 0
github.com/frisky1985/yuleDKCS/backend/cloud/hub/internal/telemetry/telemetry.go:122.61,133.2 3 0
github.com/frisky1985/yuleDKCS/backend/cloud/hub/internal/telemetry/telemetry.go:136.90,154.9 5 0
github.com/frisky1985/yuleDKCS/backend/cloud/hub/internal/telemetry/telemetry.go:155.24,155.24 0 0
github.com/frisky1985/yuleDKCS/backend/cloud/hub/internal/telemetry/telemetry.go:156.10,156.10 0 0
github.com/frisky1985/yuleDKCS/backend/cloud/hub/internal/telemetry/telemetry.go:162.99,167.28 2 0
github.com/frisky1985/yuleDKCS/backend/cloud/hub/internal/telemetry/telemetry.go:167.28,169.3 1 0
github.com/frisky1985/yuleDKCS/backend/cloud/hub/internal/telemetry/telemetry.go:170.2,170.31 1 0
github.com/frisky1985/yuleDKCS/backend/cloud/hub/internal/telemetry/telemetry.go:174.51,178.2 3 0
github.com/frisky1985/yuleDKCS/backend/cloud/hub/internal/telemetry/telemetry.go:181.55,185.2 3 0
github.com/frisky1985/yuleDKCS/backend/cloud/hub/internal/telemetry/telemetry.go:188.57,192.2 3 0
github.com/frisky1985/yuleDKCS/backend/cloud/hub/internal/telemetry/telemetry.go:195.36,200.33 3 0
github.com/frisky1985/yuleDKCS/backend/cloud/hub/internal/telemetry/telemetry.go:200.33,201.10 1 0
github.com/frisky1985/yuleDKCS/backend/cloud/hub/internal/telemetry/telemetry.go:202.25,202.25 0 0
github.com/frisky1985/yuleDKCS/backend/cloud/hub/internal/telemetry/telemetry.go:203.11,203.11 0 0
github.com/frisky1985/yuleDKCS/backend/cloud/hub/internal/telemetry/telemetry.go:206.2,206.16 1 0
github.com/frisky1985/yuleDKCS/backend/cloud/hub/internal/telemetry/telemetry.go:210.43,211.29 1 0
github.com/frisky1985/yuleDKCS/backend/cloud/hub/internal/telemetry/telemetry.go:211.29,213.3 1 0
github.com/frisky1985/yuleDKCS/backend/cloud/hub/internal/telemetry/telemetry.go:217.61,221.2 2 0
github.com/frisky1985/yuleDKCS/backend/cloud/hub/internal/telemetry/telemetry.go:224.92,231.2 1 0
github.com/frisky1985/yuleDKCS/backend/cloud/hub/internal/telemetry/telemetry.go:233.101,239.22 2 0
github.com/frisky1985/yuleDKCS/backend/cloud/hub/internal/telemetry/telemetry.go:239.22,241.3 1 0
github.com/frisky1985/yuleDKCS/backend/cloud/hub/internal/telemetry/telemetry.go:242.2,242.34 1 0
github.com/frisky1985/yuleDKCS/backend/cloud/hub/internal/telemetry/telemetry.go:245.114,250.28 2 0
github.com/frisky1985/yuleDKCS/backend/cloud/hub/internal/telemetry/telemetry.go:250.28,252.3 1 0
github.com/frisky1985/yuleDKCS/backend/cloud/hub/internal/telemetry/telemetry.go:253.2,253.36 1 0
github.com/frisky1985/yuleDKCS/backend/cloud/hub/internal/telemetry/telemetry.go:256.96,263.2 1 0
github.com/frisky1985/yuleDKCS/backend/cloud/hub/internal/telemetry/telemetry.go:265.79,271.2 1 0
github.com/frisky1985/yuleDKCS/backend/cloud/hub/internal/telemetry/telemetry.go:273.90,279.2 1 0
github.com/frisky1985/yuleDKCS/backend/cloud/hub/internal/telemetry/telemetry.go:282.31,284.2 1 0
github.com/frisky1985/yuleDKCS/backend/cloud/hub/internal/telemetry/telemetry.go:287.33,290.19 3 0
github.com/frisky1985/yuleDKCS/backend/cloud/hub/internal/telemetry/telemetry.go:290.19,292.3 1 0
github.com/frisky1985/yuleDKCS/backend/cloud/hub/internal/telemetry/telemetry.go:293.2,293.18 1 0
github.com/frisky1985/yuleDKCS/backend/cloud/hub/internal/telemetry/telemetry.go:300.35,302.2 1 0
github.com/frisky1985/yuleDKCS/backend/cloud/hub/internal/telemetry/telemetry.go:305.34,306.28 1 0
github.com/frisky1985/yuleDKCS/backend/cloud/hub/internal/telemetry/telemetry.go:306.28,310.3 1 0
github.com/frisky1985/yuleDKCS/backend/cloud/hub/internal/telemetry/telemetry.go:311.2,311.24 1 0
github.com/frisky1985/yuleDKCS/backend/cloud/hub/internal/telemetry/telemetry.go:315.68,317.2 1 0
github.com/frisky1985/yuleDKCS/backend/cloud/hub/internal/logger/logger.go:28.32,29.11 1 0
github.com/frisky1985/yuleDKCS/backend/cloud/hub/internal/logger/logger.go:30.18,31.17 1 0
github.com/frisky1985/yuleDKCS/backend/cloud/hub/internal/logger/logger.go:32.18,33.17 1 0
github.com/frisky1985/yuleDKCS/backend/cloud/hub/internal/logger/logger.go:34.17,35.16 1 0
github.com/frisky1985/yuleDKCS/backend/cloud/hub/internal/logger/logger.go:36.17,37.16 1 0
github.com/frisky1985/yuleDKCS/backend/cloud/hub/internal/logger/logger.go:38.18,39.17 1 0
github.com/frisky1985/yuleDKCS/backend/cloud/hub/internal/logger/logger.go:40.18,41.17 1 0
github.com/frisky1985/yuleDKCS/backend/cloud/hub/internal/logger/logger.go:42.10,43.19 1 0
github.com/frisky1985/yuleDKCS/backend/cloud/hub/internal/logger/logger.go:86.40,88.2 1 0
github.com/frisky1985/yuleDKCS/backend/cloud/hub/internal/logger/logger.go:91.33,93.2 1 0
github.com/frisky1985/yuleDKCS/backend/cloud/hub/internal/logger/logger.go:96.39,98.2 1 0
github.com/frisky1985/yuleDKCS/backend/cloud/hub/internal/logger/logger.go:101.36,103.2 1 0
github.com/frisky1985/yuleDKCS/backend/cloud/hub/internal/logger/logger.go:106.33,108.2 1 0
github.com/frisky1985/yuleDKCS/backend/cloud/hub/internal/logger/logger.go:111.37,113.2 1 0
github.com/frisky1985/yuleDKCS/backend/cloud/hub/internal/logger/logger.go:116.34,118.2 1 0
github.com/frisky1985/yuleDKCS/backend/cloud/hub/internal/logger/logger.go:121.36,123.2 1 0
github.com/frisky1985/yuleDKCS/backend/cloud/hub/internal/logger/logger.go:126.53,128.2 1 0
github.com/frisky1985/yuleDKCS/backend/cloud/hub/internal/logger/logger.go:161.52,162.26 1 0
github.com/frisky1985/yuleDKCS/backend/cloud/hub/internal/logger/logger.go:162.26,164.3 1 0
github.com/frisky1985/yuleDKCS/backend/cloud/hub/internal/logger/logger.go:165.2,171.3 1 0
github.com/frisky1985/yuleDKCS/backend/cloud/hub/internal/logger/logger.go:175.47,177.2 1 0
github.com/frisky1985/yuleDKCS/backend/cloud/hub/internal/logger/logger.go:180.83,181.21 1 0
github.com/frisky1985/yuleDKCS/backend/cloud/hub/internal/logger/logger.go:181.21,183.3 1 0
github.com/frisky1985/yuleDKCS/backend/cloud/hub/internal/logger/logger.go:185.2,195.27 2 0
github.com/frisky1985/yuleDKCS/backend/cloud/hub/internal/logger/logger.go:195.27,197.3 1 0
github.com/frisky1985/yuleDKCS/backend/cloud/hub/internal/logger/logger.go:199.2,202.18 3 0
github.com/frisky1985/yuleDKCS/backend/cloud/hub/internal/logger/logger.go:202.18,205.3 2 0
github.com/frisky1985/yuleDKCS/backend/cloud/hub/internal/logger/logger.go:205.8,208.34 2 0
github.com/frisky1985/yuleDKCS/backend/cloud/hub/internal/logger/logger.go:208.34,210.4 1 0
github.com/frisky1985/yuleDKCS/backend/cloud/hub/internal/logger/logger.go:211.3,212.54 1 0
github.com/frisky1985/yuleDKCS/backend/cloud/hub/internal/logger/logger.go:217.60,219.2 1 0
github.com/frisky1985/yuleDKCS/backend/cloud/hub/internal/logger/logger.go:222.60,224.2 1 0
github.com/frisky1985/yuleDKCS/backend/cloud/hub/internal/logger/logger.go:227.59,229.2 1 0
github.com/frisky1985/yuleDKCS/backend/cloud/hub/internal/logger/logger.go:232.59,234.2 1 0
github.com/frisky1985/yuleDKCS/backend/cloud/hub/internal/logger/logger.go:237.60,239.2 1 0
github.com/frisky1985/yuleDKCS/backend/cloud/hub/internal/logger/logger.go:242.60,244.2 1 0
github.com/frisky1985/yuleDKCS/backend/cloud/hub/internal/logger/logger.go:247.65,250.2 1 0
github.com/frisky1985/yuleDKCS/backend/cloud/hub/internal/logger/logger.go:259.61,264.2 1 0
github.com/frisky1985/yuleDKCS/backend/cloud/hub/internal/logger/logger.go:267.59,269.2 1 0
github.com/frisky1985/yuleDKCS/backend/cloud/hub/internal/logger/logger.go:272.59,274.2 1 0
github.com/frisky1985/yuleDKCS/backend/cloud/hub/internal/logger/logger.go:277.58,279.2 1 0
github.com/frisky1985/yuleDKCS/backend/cloud/hub/internal/logger/logger.go:282.58,284.2 1 0
github.com/frisky1985/yuleDKCS/backend/cloud/hub/internal/logger/logger.go:287.59,289.2 1 0
github.com/frisky1985/yuleDKCS/backend/cloud/hub/internal/logger/logger.go:292.59,294.2 1 0
github.com/frisky1985/yuleDKCS/backend/cloud/hub/internal/logger/logger.go:297.50,297.78 1 0
github.com/frisky1985/yuleDKCS/backend/cloud/hub/internal/logger/logger.go:298.50,298.80 1 0
github.com/frisky1985/yuleDKCS/backend/cloud/hub/internal/logger/logger.go:299.50,299.78 1 0
github.com/frisky1985/yuleDKCS/backend/cloud/hub/internal/logger/logger.go:300.50,300.77 1 0
github.com/frisky1985/yuleDKCS/backend/cloud/hub/internal/logger/logger.go:301.50,301.77 1 0
github.com/frisky1985/yuleDKCS/backend/cloud/hub/internal/logger/logger.go:302.50,302.77 1 0
github.com/frisky1985/yuleDKCS/backend/cloud/hub/internal/logger/logger.go:303.50,303.77 1 0
github.com/frisky1985/yuleDKCS/backend/cloud/hub/internal/logger/logger.go:304.51,304.84 1 0
github.com/frisky1985/yuleDKCS/backend/cloud/hub/internal/logger/logger.go:305.50,305.82 1 0
github.com/frisky1985/yuleDKCS/backend/cloud/hub/internal/logger/logger.go:306.51,306.82 1 0
github.com/frisky1985/yuleDKCS/backend/cloud/hub/internal/logger/logger.go:307.51,307.82 1 0
github.com/frisky1985/yuleDKCS/backend/cloud/hub/internal/logger/logger.go:308.51,308.77 1 0
github.com/frisky1985/yuleDKCS/backend/cloud/hub/internal/logger/logger.go:309.51,309.80 1 0
github.com/frisky1985/yuleDKCS/backend/cloud/hub/internal/logger/logger.go:310.51,310.79 1 0
github.com/frisky1985/yuleDKCS/backend/cloud/hub/internal/logger/logger.go:311.50,311.78 1 0
github.com/frisky1985/yuleDKCS/backend/cloud/hub/internal/logger/logger.go:317.32,319.2 1 0
github.com/frisky1985/yuleDKCS/backend/cloud/hub/internal/logger/logger.go:322.31,323.26 1 0
github.com/frisky1985/yuleDKCS/backend/cloud/hub/internal/logger/logger.go:323.26,329.3 1 0
github.com/frisky1985/yuleDKCS/backend/cloud/hub/internal/logger/logger.go:330.2,330.22 1 0
github.com/frisky1985/yuleDKCS/backend/cloud/hub/internal/logger/logger.go:334.53,334.103 1 0
github.com/frisky1985/yuleDKCS/backend/cloud/hub/internal/logger/logger.go:335.53,335.103 1 0
github.com/frisky1985/yuleDKCS/backend/cloud/hub/internal/logger/logger.go:336.52,336.101 1 0
github.com/frisky1985/yuleDKCS/backend/cloud/hub/internal/logger/logger.go:337.52,337.101 1 0
github.com/frisky1985/yuleDKCS/backend/cloud/hub/internal/logger/logger.go:338.53,338.103 1 0
github.com/frisky1985/yuleDKCS/backend/cloud/hub/internal/logger/logger.go:339.53,339.103 1 0
github.com/frisky1985/yuleDKCS/backend/cloud/hub/internal/service/device_service.go:61.58,68.2 1 0
github.com/frisky1985/yuleDKCS/backend/cloud/hub/internal/service/device_service.go:71.118,80.31 6 0
github.com/frisky1985/yuleDKCS/backend/cloud/hub/internal/service/device_service.go:80.31,82.3 1 0
github.com/frisky1985/yuleDKCS/backend/cloud/hub/internal/service/device_service.go:84.2,102.20 5 0
github.com/frisky1985/yuleDKCS/backend/cloud/hub/internal/service/device_service.go:106.90,111.9 4 0
github.com/frisky1985/yuleDKCS/backend/cloud/hub/internal/service/device_service.go:111.9,113.3 1 0
github.com/frisky1985/yuleDKCS/backend/cloud/hub/internal/service/device_service.go:114.2,114.20 1 0
github.com/frisky1985/yuleDKCS/backend/cloud/hub/internal/service/device_service.go:118.96,124.31 5 0
github.com/frisky1985/yuleDKCS/backend/cloud/hub/internal/service/device_service.go:124.31,125.33 1 0
github.com/frisky1985/yuleDKCS/backend/cloud/hub/internal/service/device_service.go:125.33,127.4 1 0
github.com/frisky1985/yuleDKCS/backend/cloud/hub/internal/service/device_service.go:129.2,129.20 1 0
github.com/frisky1985/yuleDKCS/backend/cloud/hub/internal/service/device_service.go:134.142,140.9 4 0
github.com/frisky1985/yuleDKCS/backend/cloud/hub/internal/service/device_service.go:140.9,142.3 1 0
github.com/frisky1985/yuleDKCS/backend/cloud/hub/internal/service/device_service.go:143.2,143.29 1 0
github.com/frisky1985/yuleDKCS/backend/cloud/hub/internal/service/device_service.go:143.29,145.3 1 0
github.com/frisky1985/yuleDKCS/backend/cloud/hub/internal/service/device_service.go:148.2,149.37 2 0
github.com/frisky1985/yuleDKCS/backend/cloud/hub/internal/service/device_service.go:149.37,150.55 1 0
github.com/frisky1985/yuleDKCS/backend/cloud/hub/internal/service/device_service.go:150.55,157.4 2 0
github.com/frisky1985/yuleDKCS/backend/cloud/hub/internal/service/device_service.go:161.2,163.40 3 0
github.com/frisky1985/yuleDKCS/backend/cloud/hub/internal/service/device_service.go:163.40,165.3 1 0
github.com/frisky1985/yuleDKCS/backend/cloud/hub/internal/service/device_service.go:165.8,167.3 1 0
github.com/frisky1985/yuleDKCS/backend/cloud/hub/internal/service/device_service.go:168.2,191.21 6 0
github.com/frisky1985/yuleDKCS/backend/cloud/hub/internal/service/device_service.go:195.117,200.9 4 0
github.com/frisky1985/yuleDKCS/backend/cloud/hub/internal/service/device_service.go:200.9,202.3 1 0
github.com/frisky1985/yuleDKCS/backend/cloud/hub/internal/service/device_service.go:203.2,203.29 1 0
github.com/frisky1985/yuleDKCS/backend/cloud/hub/internal/service/device_service.go:203.29,205.3 1 0
github.com/frisky1985/yuleDKCS/backend/cloud/hub/internal/service/device_service.go:207.2,209.29 3 0
github.com/frisky1985/yuleDKCS/backend/cloud/hub/internal/service/device_service.go:209.29,210.27 1 0
github.com/frisky1985/yuleDKCS/backend/cloud/hub/internal/service/device_service.go:210.27,213.4 2 0
github.com/frisky1985/yuleDKCS/backend/cloud/hub/internal/service/device_service.go:216.2,222.21 2 0
github.com/frisky1985/yuleDKCS/backend/cloud/hub/internal/service/device_service.go:226.90,231.9 4 0
github.com/frisky1985/yuleDKCS/backend/cloud/hub/internal/service/device_service.go:231.9,233.3 1 0
github.com/frisky1985/yuleDKCS/backend/cloud/hub/internal/service/device_service.go:234.2,234.29 1 0
github.com/frisky1985/yuleDKCS/backend/cloud/hub/internal/service/device_service.go:234.29,236.3 1 0
github.com/frisky1985/yuleDKCS/backend/cloud/hub/internal/service/device_service.go:239.2,239.41 1 0
github.com/frisky1985/yuleDKCS/backend/cloud/hub/internal/service/device_service.go:239.41,241.3 1 0
github.com/frisky1985/yuleDKCS/backend/cloud/hub/internal/service/device_service.go:244.2,246.29 3 0
github.com/frisky1985/yuleDKCS/backend/cloud/hub/internal/service/device_service.go:246.29,247.21 1 0
github.com/frisky1985/yuleDKCS/backend/cloud/hub/internal/service/device_service.go:247.21,249.4 1 0
github.com/frisky1985/yuleDKCS/backend/cloud/hub/internal/service/device_service.go:251.2,261.12 4 0
github.com/frisky1985/yuleDKCS/backend/cloud/hub/internal/service/dk_server.go:50.40,52.2 1 0
github.com/frisky1985/yuleDKCS/backend/cloud/hub/internal/service/dk_server.go:54.94,64.2 2 0
github.com/frisky1985/yuleDKCS/backend/cloud/hub/internal/service/dk_server.go:66.85,68.2 1 0
github.com/frisky1985/yuleDKCS/backend/cloud/hub/internal/service/dk_server.go:81.38,83.2 1 0
github.com/frisky1985/yuleDKCS/backend/cloud/hub/internal/service/dk_server.go:86.70,90.2 1 0
github.com/frisky1985/yuleDKCS/backend/cloud/hub/internal/service/hub_transport.go:17.98,22.2 1 0
github.com/frisky1985/yuleDKCS/backend/cloud/hub/internal/service/hub_transport.go:25.121,33.9 3 0
github.com/frisky1985/yuleDKCS/backend/cloud/hub/internal/service/hub_transport.go:33.9,38.3 1 0
github.com/frisky1985/yuleDKCS/backend/cloud/hub/internal/service/hub_transport.go:41.2,41.23 1 0
github.com/frisky1985/yuleDKCS/backend/cloud/hub/internal/service/hub_transport.go:42.14,42.14 0 0
github.com/frisky1985/yuleDKCS/backend/cloud/hub/internal/service/hub_transport.go:44.16,44.16 0 0
github.com/frisky1985/yuleDKCS/backend/cloud/hub/internal/service/hub_transport.go:46.15,46.15 0 0
github.com/frisky1985/yuleDKCS/backend/cloud/hub/internal/service/hub_transport.go:48.16,48.16 0 0
github.com/frisky1985/yuleDKCS/backend/cloud/hub/internal/service/hub_transport.go:50.10,53.9 1 0
github.com/frisky1985/yuleDKCS/backend/cloud/hub/internal/service/hub_transport.go:56.2,57.35 2 0
github.com/frisky1985/yuleDKCS/backend/cloud/hub/internal/service/hub_transport.go:61.122,72.2 2 0
github.com/frisky1985/yuleDKCS/backend/cloud/hub/internal/service/hub_transport.go:75.125,78.30 3 0
github.com/frisky1985/yuleDKCS/backend/cloud/hub/internal/service/hub_transport.go:78.30,79.18 1 0
github.com/frisky1985/yuleDKCS/backend/cloud/hub/internal/service/hub_transport.go:79.18,81.9 2 0
github.com/frisky1985/yuleDKCS/backend/cloud/hub/internal/service/hub_transport.go:84.2,87.8 1 0
github.com/frisky1985/yuleDKCS/backend/cloud/hub/internal/service/key_management.go:69.46,73.2 1 0
github.com/frisky1985/yuleDKCS/backend/cloud/hub/internal/service/key_management.go:75.89,79.9 4 0
github.com/frisky1985/yuleDKCS/backend/cloud/hub/internal/service/key_management.go:79.9,81.3 1 0
github.com/frisky1985/yuleDKCS/backend/cloud/hub/internal/service/key_management.go:82.2,82.29 1 0
github.com/frisky1985/yuleDKCS/backend/cloud/hub/internal/service/key_management.go:85.90,89.9 4 0
github.com/frisky1985/yuleDKCS/backend/cloud/hub/internal/service/key_management.go:89.9,91.3 1 0
github.com/frisky1985/yuleDKCS/backend/cloud/hub/internal/service/key_management.go:92.2,92.24 1 0
github.com/frisky1985/yuleDKCS/backend/cloud/hub/internal/service/key_management.go:95.94,99.9 4 0
github.com/frisky1985/yuleDKCS/backend/cloud/hub/internal/service/key_management.go:99.9,101.3 1 0
github.com/frisky1985/yuleDKCS/backend/cloud/hub/internal/service/key_management.go:103.2,104.17 2 0
github.com/frisky1985/yuleDKCS/backend/cloud/hub/internal/service/key_management.go:107.76,113.2 5 0
github.com/frisky1985/yuleDKCS/backend/cloud/hub/internal/service/key_management.go:115.88,119.9 4 0
github.com/frisky1985/yuleDKCS/backend/cloud/hub/internal/service/key_management.go:119.9,121.3 1 0
github.com/frisky1985/yuleDKCS/backend/cloud/hub/internal/service/key_management.go:122.2,123.12 2 0
github.com/frisky1985/yuleDKCS/backend/cloud/hub/internal/service/key_management.go:126.99,130.29 4 0
github.com/frisky1985/yuleDKCS/backend/cloud/hub/internal/service/key_management.go:130.29,131.32 1 0
github.com/frisky1985/yuleDKCS/backend/cloud/hub/internal/service/key_management.go:131.32,134.4 2 0
github.com/frisky1985/yuleDKCS/backend/cloud/hub/internal/service/key_management.go:136.2,136.20 1 0
github.com/frisky1985/yuleDKCS/backend/cloud/hub/internal/service/key_management.go:147.100,153.2 1 0
github.com/frisky1985/yuleDKCS/backend/cloud/hub/internal/service/key_management.go:156.80,159.2 2 0
github.com/frisky1985/yuleDKCS/backend/cloud/hub/internal/service/key_management.go:162.86,165.2 2 0
github.com/frisky1985/yuleDKCS/backend/cloud/hub/internal/service/key_management.go:171.72,173.9 2 0
github.com/frisky1985/yuleDKCS/backend/cloud/hub/internal/service/key_management.go:173.9,175.3 1 0
github.com/frisky1985/yuleDKCS/backend/cloud/hub/internal/service/key_management.go:176.2,178.19 3 0
github.com/frisky1985/yuleDKCS/backend/cloud/hub/internal/service/key_management.go:178.19,180.3 1 0
github.com/frisky1985/yuleDKCS/backend/cloud/hub/internal/service/key_management.go:181.2,181.20 1 0
github.com/frisky1985/yuleDKCS/backend/cloud/hub/internal/service/key_management.go:181.20,183.3 1 0
github.com/frisky1985/yuleDKCS/backend/cloud/hub/internal/service/key_management.go:184.2,184.8 1 0
github.com/frisky1985/yuleDKCS/backend/cloud/hub/internal/service/key_management.go:188.36,190.2 1 0
github.com/frisky1985/yuleDKCS/backend/cloud/hub/internal/service/key_management.go:194.99,197.23 2 0
github.com/frisky1985/yuleDKCS/backend/cloud/hub/internal/service/key_management.go:197.23,199.3 1 0
github.com/frisky1985/yuleDKCS/backend/cloud/hub/internal/service/key_management.go:201.2,202.16 2 0
github.com/frisky1985/yuleDKCS/backend/cloud/hub/internal/service/key_management.go:202.16,209.3 2 0
github.com/frisky1985/yuleDKCS/backend/cloud/hub/internal/service/key_management.go:211.2,211.23 1 0
github.com/frisky1985/yuleDKCS/backend/cloud/hub/internal/service/key_management.go:211.23,218.3 2 0
github.com/frisky1985/yuleDKCS/backend/cloud/hub/internal/service/key_management.go:220.2,220.13 1 0
github.com/frisky1985/yuleDKCS/backend/cloud/hub/internal/service/key_management.go:225.114,234.9 3 0
github.com/frisky1985/yuleDKCS/backend/cloud/hub/internal/service/key_management.go:234.9,239.3 1 0
github.com/frisky1985/yuleDKCS/backend/cloud/hub/internal/service/key_management.go:242.2,243.16 2 0
github.com/frisky1985/yuleDKCS/backend/cloud/hub/internal/service/key_management.go:243.16,249.3 2 0
github.com/frisky1985/yuleDKCS/backend/cloud/hub/internal/service/key_management.go:252.2,252.60 1 0
github.com/frisky1985/yuleDKCS/backend/cloud/hub/internal/service/key_management.go:252.60,262.59 3 0
github.com/frisky1985/yuleDKCS/backend/cloud/hub/internal/service/key_management.go:262.59,269.4 2 0
github.com/frisky1985/yuleDKCS/backend/cloud/hub/internal/service/key_management.go:273.2,275.18 2 0
github.com/frisky1985/yuleDKCS/backend/cloud/hub/internal/service/key_management.go:278.120,283.18 3 0
github.com/frisky1985/yuleDKCS/backend/cloud/hub/internal/service/key_management.go:283.18,286.3 2 0
github.com/frisky1985/yuleDKCS/backend/cloud/hub/internal/service/key_management.go:287.2,287.51 1 0
github.com/frisky1985/yuleDKCS/backend/cloud/hub/internal/service/key_management.go:287.51,291.3 2 0
github.com/frisky1985/yuleDKCS/backend/cloud/hub/internal/service/key_management.go:294.2,295.19 2 0
github.com/frisky1985/yuleDKCS/backend/cloud/hub/internal/service/key_management.go:295.19,298.3 2 0
github.com/frisky1985/yuleDKCS/backend/cloud/hub/internal/service/key_management.go:301.2,302.9 2 0
github.com/frisky1985/yuleDKCS/backend/cloud/hub/internal/service/key_management.go:302.9,307.3 2 0
github.com/frisky1985/yuleDKCS/backend/cloud/hub/internal/service/key_management.go:310.2,310.52 1 0
github.com/frisky1985/yuleDKCS/backend/cloud/hub/internal/service/key_management.go:310.52,316.3 3 0
github.com/frisky1985/yuleDKCS/backend/cloud/hub/internal/service/key_management.go:318.2,319.37 2 0
github.com/frisky1985/yuleDKCS/backend/cloud/hub/internal/service/key_management.go:322.123,327.18 3 0
github.com/frisky1985/yuleDKCS/backend/cloud/hub/internal/service/key_management.go:327.18,330.3 2 0
github.com/frisky1985/yuleDKCS/backend/cloud/hub/internal/service/key_management.go:331.2,331.51 1 0
github.com/frisky1985/yuleDKCS/backend/cloud/hub/internal/service/key_management.go:331.51,335.3 2 0
github.com/frisky1985/yuleDKCS/backend/cloud/hub/internal/service/key_management.go:338.2,339.19 2 0
github.com/frisky1985/yuleDKCS/backend/cloud/hub/internal/service/key_management.go:339.19,342.3 2 0
github.com/frisky1985/yuleDKCS/backend/cloud/hub/internal/service/key_management.go:345.2,345.77 1 0
github.com/frisky1985/yuleDKCS/backend/cloud/hub/internal/service/key_management.go:345.77,351.3 1 0
github.com/frisky1985/yuleDKCS/backend/cloud/hub/internal/service/key_management.go:354.2,354.59 1 0
github.com/frisky1985/yuleDKCS/backend/cloud/hub/internal/service/key_management.go:354.59,355.68 1 0
github.com/frisky1985/yuleDKCS/backend/cloud/hub/internal/service/key_management.go:355.68,360.4 1 0
github.com/frisky1985/yuleDKCS/backend/cloud/hub/internal/service/key_management.go:361.8,366.3 1 0
github.com/frisky1985/yuleDKCS/backend/cloud/hub/internal/service/key_management.go:368.2,369.38 2 0
github.com/frisky1985/yuleDKCS/backend/cloud/hub/internal/service/key_management.go:372.120,377.18 3 0
github.com/frisky1985/yuleDKCS/backend/cloud/hub/internal/service/key_management.go:377.18,380.3 2 0
github.com/frisky1985/yuleDKCS/backend/cloud/hub/internal/service/key_management.go:381.2,381.51 1 0
github.com/frisky1985/yuleDKCS/backend/cloud/hub/internal/service/key_management.go:381.51,385.3 2 0
github.com/frisky1985/yuleDKCS/backend/cloud/hub/internal/service/key_management.go:388.2,389.19 2 0
github.com/frisky1985/yuleDKCS/backend/cloud/hub/internal/service/key_management.go:389.19,392.3 2 0
github.com/frisky1985/yuleDKCS/backend/cloud/hub/internal/service/key_management.go:395.2,395.74 1 0
github.com/frisky1985/yuleDKCS/backend/cloud/hub/internal/service/key_management.go:395.74,400.3 1 0
github.com/frisky1985/yuleDKCS/backend/cloud/hub/internal/service/key_management.go:403.2,403.59 1 0
github.com/frisky1985/yuleDKCS/backend/cloud/hub/internal/service/key_management.go:403.59,404.67 1 0
github.com/frisky1985/yuleDKCS/backend/cloud/hub/internal/service/key_management.go:404.67,409.4 1 0
github.com/frisky1985/yuleDKCS/backend/cloud/hub/internal/service/key_management.go:410.8,414.3 1 0
github.com/frisky1985/yuleDKCS/backend/cloud/hub/internal/service/key_management.go:416.2,417.37 2 0
github.com/frisky1985/yuleDKCS/backend/cloud/hub/internal/service/key_management.go:420.120,425.18 3 0
github.com/frisky1985/yuleDKCS/backend/cloud/hub/internal/service/key_management.go:425.18,428.3 2 0
github.com/frisky1985/yuleDKCS/backend/cloud/hub/internal/service/key_management.go:429.2,429.51 1 0
github.com/frisky1985/yuleDKCS/backend/cloud/hub/internal/service/key_management.go:429.51,433.3 2 0
github.com/frisky1985/yuleDKCS/backend/cloud/hub/internal/service/key_management.go:436.2,437.19 2 0
github.com/frisky1985/yuleDKCS/backend/cloud/hub/internal/service/key_management.go:437.19,440.3 2 0
github.com/frisky1985/yuleDKCS/backend/cloud/hub/internal/service/key_management.go:443.2,444.8 2 0
github.com/frisky1985/yuleDKCS/backend/cloud/hub/internal/service/key_management.go:444.8,445.68 1 0
github.com/frisky1985/yuleDKCS/backend/cloud/hub/internal/service/key_management.go:445.68,448.4 2 0
github.com/frisky1985/yuleDKCS/backend/cloud/hub/internal/service/key_management.go:449.8,451.3 1 0
github.com/frisky1985/yuleDKCS/backend/cloud/hub/internal/service/key_management.go:454.2,457.72 2 0
github.com/frisky1985/yuleDKCS/backend/cloud/hub/internal/service/key_management.go:457.72,460.3 1 0
github.com/frisky1985/yuleDKCS/backend/cloud/hub/internal/service/key_management.go:462.2,467.37 3 0
github.com/frisky1985/yuleDKCS/backend/cloud/hub/internal/service/key_management.go:471.103,472.26 1 0
github.com/frisky1985/yuleDKCS/backend/cloud/hub/internal/service/key_management.go:472.26,479.3 3 0
github.com/frisky1985/yuleDKCS/backend/cloud/hub/internal/service/key_management.go:481.2,496.69 3 0
github.com/frisky1985/yuleDKCS/backend/cloud/hub/internal/service/key_management.go:496.69,504.3 3 0
github.com/frisky1985/yuleDKCS/backend/cloud/hub/internal/service/key_management.go:506.2,511.12 3 0
github.com/frisky1985/yuleDKCS/backend/cloud/hub/internal/service/key_management.go:514.117,519.18 3 0
github.com/frisky1985/yuleDKCS/backend/cloud/hub/internal/service/key_management.go:519.18,522.3 2 0
github.com/frisky1985/yuleDKCS/backend/cloud/hub/internal/service/key_management.go:523.2,523.51 1 0
github.com/frisky1985/yuleDKCS/backend/cloud/hub/internal/service/key_management.go:523.51,527.3 2 0
github.com/frisky1985/yuleDKCS/backend/cloud/hub/internal/service/key_management.go:532.2,533.36 2 0
github.com/frisky1985/yuleDKCS/backend/cloud/hub/internal/service/key_management.go:536.111,539.18 2 0
github.com/frisky1985/yuleDKCS/backend/cloud/hub/internal/service/key_management.go:539.18,541.3 1 0
github.com/frisky1985/yuleDKCS/backend/cloud/hub/internal/service/key_management.go:542.2,542.51 1 0
github.com/frisky1985/yuleDKCS/backend/cloud/hub/internal/service/key_management.go:542.51,545.3 1 0
github.com/frisky1985/yuleDKCS/backend/cloud/hub/internal/service/key_management.go:547.2,547.34 1 0
github.com/frisky1985/yuleDKCS/backend/cloud/hub/internal/service/key_management.go:550.117,554.18 2 0
github.com/frisky1985/yuleDKCS/backend/cloud/hub/internal/service/key_management.go:554.18,556.3 1 0
github.com/frisky1985/yuleDKCS/backend/cloud/hub/internal/service/key_management.go:559.2,559.46 1 0
github.com/frisky1985/yuleDKCS/backend/cloud/hub/internal/service/key_management.go:559.46,560.25 1 0
github.com/frisky1985/yuleDKCS/backend/cloud/hub/internal/service/key_management.go:560.25,563.4 1 0
github.com/frisky1985/yuleDKCS/backend/cloud/hub/internal/service/key_management.go:565.3,565.22 1 0
github.com/frisky1985/yuleDKCS/backend/cloud/hub/internal/service/key_management.go:568.2,569.16 2 0
github.com/frisky1985/yuleDKCS/backend/cloud/hub/internal/service/key_management.go:569.16,571.3 1 0
github.com/frisky1985/yuleDKCS/backend/cloud/hub/internal/service/key_management.go:574.3,574.29 1 0
github.com/frisky1985/yuleDKCS/backend/cloud/hub/internal/service/key_management.go:574.29,576.4 1 0
github.com/frisky1985/yuleDKCS/backend/cloud/hub/internal/service/key_management.go:577.2,577.36 1 0
github.com/frisky1985/yuleDKCS/backend/cloud/hub/internal/service/key_management.go:581.107,592.2 1 0
github.com/frisky1985/yuleDKCS/backend/cloud/hub/internal/service/key_share.go:17.90,22.2 1 0
github.com/frisky1985/yuleDKCS/backend/cloud/hub/internal/service/key_share.go:24.121,33.9 3 0
github.com/frisky1985/yuleDKCS/backend/cloud/hub/internal/service/key_share.go:33.9,37.3 1 0
github.com/frisky1985/yuleDKCS/backend/cloud/hub/internal/service/key_share.go:39.2,39.29 1 0
github.com/frisky1985/yuleDKCS/backend/cloud/hub/internal/service/key_share.go:42.121,46.9 3 0
github.com/frisky1985/yuleDKCS/backend/cloud/hub/internal/service/key_share.go:46.9,48.3 1 0
github.com/frisky1985/yuleDKCS/backend/cloud/hub/internal/service/key_share.go:50.2,50.32 1 0
github.com/frisky1985/yuleDKCS/backend/cloud/hub/internal/service/key_share.go:53.121,55.2 1 0
github.com/frisky1985/yuleDKCS/backend/cloud/hub/internal/service/key_share.go:57.112,59.2 1 0
github.com/frisky1985/yuleDKCS/backend/cloud/hub/internal/service/unified_key_service.go:24.94,41.2 2 0
github.com/frisky1985/yuleDKCS/backend/cloud/hub/internal/service/unified_key_service.go:49.135,85.16 6 0
github.com/frisky1985/yuleDKCS/backend/cloud/hub/internal/service/unified_key_service.go:85.16,87.3 1 0
github.com/frisky1985/yuleDKCS/backend/cloud/hub/internal/service/unified_key_service.go:89.2,100.8 2 0
github.com/frisky1985/yuleDKCS/backend/cloud/hub/internal/service/unified_key_service.go:109.111,122.9 5 0
github.com/frisky1985/yuleDKCS/backend/cloud/hub/internal/service/unified_key_service.go:122.9,125.10 2 0
github.com/frisky1985/yuleDKCS/backend/cloud/hub/internal/service/unified_key_service.go:125.10,130.4 1 0
github.com/frisky1985/yuleDKCS/backend/cloud/hub/internal/service/unified_key_service.go:134.2,138.16 3 0
github.com/frisky1985/yuleDKCS/backend/cloud/hub/internal/service/unified_key_service.go:138.16,144.3 2 0
github.com/frisky1985/yuleDKCS/backend/cloud/hub/internal/service/unified_key_service.go:147.2,149.53 3 0
github.com/frisky1985/yuleDKCS/backend/cloud/hub/internal/service/unified_key_service.go:149.53,151.3 1 0
github.com/frisky1985/yuleDKCS/backend/cloud/hub/internal/service/unified_key_service.go:152.2,158.18 4 0
github.com/frisky1985/yuleDKCS/backend/cloud/hub/internal/service/unified_key_service.go:162.117,167.35 3 0
github.com/frisky1985/yuleDKCS/backend/cloud/hub/internal/service/unified_key_service.go:167.35,168.68 1 0
github.com/frisky1985/yuleDKCS/backend/cloud/hub/internal/service/unified_key_service.go:168.68,170.76 1 0
github.com/frisky1985/yuleDKCS/backend/cloud/hub/internal/service/unified_key_service.go:170.76,176.5 3 0
github.com/frisky1985/yuleDKCS/backend/cloud/hub/internal/service/unified_key_service.go:180.2,181.37 2 0
github.com/frisky1985/yuleDKCS/backend/cloud/hub/internal/service/unified_key_service.go:185.120,190.35 3 0
github.com/frisky1985/yuleDKCS/backend/cloud/hub/internal/service/unified_key_service.go:190.35,191.68 1 0
github.com/frisky1985/yuleDKCS/backend/cloud/hub/internal/service/unified_key_service.go:191.69,193.4 0 0
github.com/frisky1985/yuleDKCS/backend/cloud/hub/internal/service/unified_key_service.go:196.2,196.38 1 0
github.com/frisky1985/yuleDKCS/backend/cloud/hub/internal/service/unified_key_service.go:200.117,203.2 2 0
github.com/frisky1985/yuleDKCS/backend/cloud/hub/internal/service/unified_key_service.go:206.117,214.35 3 0
github.com/frisky1985/yuleDKCS/backend/cloud/hub/internal/service/unified_key_service.go:214.35,215.68 1 0
github.com/frisky1985/yuleDKCS/backend/cloud/hub/internal/service/unified_key_service.go:215.68,217.20 2 0
github.com/frisky1985/yuleDKCS/backend/cloud/hub/internal/service/unified_key_service.go:217.20,223.5 3 0
github.com/frisky1985/yuleDKCS/backend/cloud/hub/internal/service/unified_key_service.go:227.2,228.37 2 0
github.com/frisky1985/yuleDKCS/backend/cloud/hub/internal/service/unified_key_service.go:232.114,240.35 3 0
github.com/frisky1985/yuleDKCS/backend/cloud/hub/internal/service/unified_key_service.go:240.35,241.68 1 0
github.com/frisky1985/yuleDKCS/backend/cloud/hub/internal/service/unified_key_service.go:241.68,243.20 2 0
github.com/frisky1985/yuleDKCS/backend/cloud/hub/internal/service/unified_key_service.go:243.20,249.5 3 0
github.com/frisky1985/yuleDKCS/backend/cloud/hub/internal/service/unified_key_service.go:253.2,254.36 2 0
github.com/frisky1985/yuleDKCS/backend/cloud/hub/internal/service/unified_key_service.go:258.108,263.9 4 0
github.com/frisky1985/yuleDKCS/backend/cloud/hub/internal/service/unified_key_service.go:263.9,266.3 1 0
github.com/frisky1985/yuleDKCS/backend/cloud/hub/internal/service/unified_key_service.go:268.2,274.8 3 0
github.com/frisky1985/yuleDKCS/backend/cloud/hub/internal/service/unified_key_service.go:278.114,286.35 4 0
github.com/frisky1985/yuleDKCS/backend/cloud/hub/internal/service/unified_key_service.go:286.35,287.28 1 0
github.com/frisky1985/yuleDKCS/backend/cloud/hub/internal/service/unified_key_service.go:287.28,291.4 1 0
github.com/frisky1985/yuleDKCS/backend/cloud/hub/internal/service/unified_key_service.go:294.2,296.8 1 0
github.com/frisky1985/yuleDKCS/backend/cloud/hub/internal/service/unified_key_service.go:304.123,316.17 4 0
github.com/frisky1985/yuleDKCS/backend/cloud/hub/internal/service/unified_key_service.go:316.17,319.3 1 0
github.com/frisky1985/yuleDKCS/backend/cloud/hub/internal/service/unified_key_service.go:320.2,320.49 1 0
github.com/frisky1985/yuleDKCS/backend/cloud/hub/internal/service/unified_key_service.go:320.49,322.3 1 0
github.com/frisky1985/yuleDKCS/backend/cloud/hub/internal/service/unified_key_service.go:323.2,323.19 1 0
github.com/frisky1985/yuleDKCS/backend/cloud/hub/internal/service/unified_key_service.go:323.19,325.3 1 0
github.com/frisky1985/yuleDKCS/backend/cloud/hub/internal/service/unified_key_service.go:328.2,349.70 6 0
github.com/frisky1985/yuleDKCS/backend/cloud/hub/internal/service/unified_key_service.go:349.70,351.3 1 0
github.com/frisky1985/yuleDKCS/backend/cloud/hub/internal/service/unified_key_service.go:353.2,357.8 2 0
github.com/frisky1985/yuleDKCS/backend/cloud/hub/internal/service/unified_key_service.go:361.123,372.59 4 0
github.com/frisky1985/yuleDKCS/backend/cloud/hub/internal/service/unified_key_service.go:372.59,374.19 2 0
github.com/frisky1985/yuleDKCS/backend/cloud/hub/internal/service/unified_key_service.go:374.19,380.4 3 0
github.com/frisky1985/yuleDKCS/backend/cloud/hub/internal/service/unified_key_service.go:383.2,385.39 3 0
github.com/frisky1985/yuleDKCS/backend/cloud/hub/internal/service/unified_key_service.go:389.123,396.2 3 0
github.com/frisky1985/yuleDKCS/backend/cloud/hub/internal/service/unified_key_service.go:399.114,405.2 2 0
github.com/frisky1985/yuleDKCS/backend/cloud/hub/internal/service/unified_key_service.go:412.129,422.9 4 0
github.com/frisky1985/yuleDKCS/backend/cloud/hub/internal/service/unified_key_service.go:422.9,426.3 1 0
github.com/frisky1985/yuleDKCS/backend/cloud/hub/internal/service/unified_key_service.go:429.2,439.18 4 0
github.com/frisky1985/yuleDKCS/backend/cloud/hub/internal/service/unified_key_service.go:439.18,443.3 1 0
github.com/frisky1985/yuleDKCS/backend/cloud/hub/internal/service/unified_key_service.go:445.2,451.16 3 0
github.com/frisky1985/yuleDKCS/backend/cloud/hub/internal/service/unified_key_service.go:451.16,453.3 1 0
github.com/frisky1985/yuleDKCS/backend/cloud/hub/internal/service/unified_key_service.go:456.2,456.81 1 0
github.com/frisky1985/yuleDKCS/backend/cloud/hub/internal/service/unified_key_service.go:456.81,460.3 1 0
github.com/frisky1985/yuleDKCS/backend/cloud/hub/internal/service/unified_key_service.go:462.2,464.42 2 0
github.com/frisky1985/yuleDKCS/backend/cloud/hub/internal/service/unified_key_service.go:468.130,476.2 3 0
github.com/frisky1985/yuleDKCS/backend/cloud/hub/internal/service/unified_key_service.go:484.119,492.63 4 0
github.com/frisky1985/yuleDKCS/backend/cloud/hub/internal/service/unified_key_service.go:492.63,497.17 3 0
github.com/frisky1985/yuleDKCS/backend/cloud/hub/internal/service/unified_key_service.go:497.17,499.4 1 0
github.com/frisky1985/yuleDKCS/backend/cloud/hub/internal/service/unified_key_service.go:502.2,502.35 1 0
github.com/frisky1985/yuleDKCS/backend/cloud/hub/internal/service/unified_key_service.go:509.120,516.21 3 0
github.com/frisky1985/yuleDKCS/backend/cloud/hub/internal/service/unified_key_service.go:516.21,518.3 1 0
github.com/frisky1985/yuleDKCS/backend/cloud/hub/internal/service/unified_key_service.go:521.2,521.26 1 0
github.com/frisky1985/yuleDKCS/backend/cloud/hub/internal/service/unified_key_service.go:521.26,529.17 4 0
github.com/frisky1985/yuleDKCS/backend/cloud/hub/internal/service/unified_key_service.go:529.17,533.93 2 0
github.com/frisky1985/yuleDKCS/backend/cloud/hub/internal/service/unified_key_service.go:533.93,538.5 1 0
github.com/frisky1985/yuleDKCS/backend/cloud/hub/internal/service/unified_key_service.go:540.3,540.13 1 0
github.com/frisky1985/yuleDKCS/backend/cloud/hub/internal/service/unified_key_service.go:543.2,543.36 1 0
github.com/frisky1985/yuleDKCS/backend/cloud/hub/internal/service/unified_key_service.go:547.123,554.2 2 0
github.com/frisky1985/yuleDKCS/backend/cloud/hub/internal/service/unified_key_service.go:560.93,563.42 2 0
github.com/frisky1985/yuleDKCS/backend/cloud/hub/internal/service/unified_key_service.go:563.42,565.3 1 0
github.com/frisky1985/yuleDKCS/backend/cloud/hub/internal/service/unified_key_service.go:568.2,568.20 1 0
github.com/frisky1985/yuleDKCS/backend/cloud/hub/internal/service/unified_key_service.go:568.20,570.3 1 0
github.com/frisky1985/yuleDKCS/backend/cloud/hub/internal/service/unified_key_service.go:572.2,573.9 2 0
github.com/frisky1985/yuleDKCS/backend/cloud/hub/internal/service/unified_key_service.go:574.38,575.30 1 0
github.com/frisky1985/yuleDKCS/backend/cloud/hub/internal/service/unified_key_service.go:576.21,577.30 1 0
github.com/frisky1985/yuleDKCS/backend/cloud/hub/internal/service/unified_key_service.go:578.38,579.33 1 0
github.com/frisky1985/yuleDKCS/backend/cloud/hub/internal/service/unified_key_service.go:580.38,581.33 1 0
github.com/frisky1985/yuleDKCS/backend/cloud/hub/internal/service/unified_key_service.go:582.10,583.33 1 0
github.com/frisky1985/yuleDKCS/backend/cloud/hub/internal/service/unified_key_service.go:587.81,588.11 1 0
github.com/frisky1985/yuleDKCS/backend/cloud/hub/internal/service/unified_key_service.go:589.14,590.28 1 0
github.com/frisky1985/yuleDKCS/backend/cloud/hub/internal/service/unified_key_service.go:591.16,592.30 1 0
github.com/frisky1985/yuleDKCS/backend/cloud/hub/internal/service/unified_key_service.go:593.22,594.35 1 0
github.com/frisky1985/yuleDKCS/backend/cloud/hub/internal/service/unified_key_service.go:595.21,596.34 1 0
github.com/frisky1985/yuleDKCS/backend/cloud/hub/internal/service/unified_key_service.go:597.20,598.33 1 0
github.com/frisky1985/yuleDKCS/backend/cloud/hub/internal/service/unified_key_service.go:599.21,600.34 1 0
github.com/frisky1985/yuleDKCS/backend/cloud/hub/internal/service/unified_key_service.go:601.14,602.31 1 0
github.com/frisky1985/yuleDKCS/backend/cloud/hub/internal/service/unified_key_service.go:603.20,604.33 1 0
github.com/frisky1985/yuleDKCS/backend/cloud/hub/internal/service/unified_key_service.go:605.21,606.34 1 0
github.com/frisky1985/yuleDKCS/backend/cloud/hub/internal/service/unified_key_service.go:607.10,608.35 1 0
github.com/frisky1985/yuleDKCS/backend/cloud/hub/internal/service/unified_key_service.go:612.104,621.2 1 0
github.com/frisky1985/yuleDKCS/backend/cloud/hub/internal/service/vehicle_control.go:16.74,20.2 1 0
github.com/frisky1985/yuleDKCS/backend/cloud/hub/internal/service/vehicle_control.go:22.133,45.2 2 0
github.com/frisky1985/yuleDKCS/backend/cloud/hub/internal/service/vehicle_control.go:47.134,55.6 4 0
github.com/frisky1985/yuleDKCS/backend/cloud/hub/internal/service/vehicle_control.go:55.6,56.10 1 0
github.com/frisky1985/yuleDKCS/backend/cloud/hub/internal/service/vehicle_control.go:57.34,58.33 1 0
github.com/frisky1985/yuleDKCS/backend/cloud/hub/internal/service/vehicle_control.go:59.19,65.46 2 0
github.com/frisky1985/yuleDKCS/backend/cloud/hub/internal/service/vehicle_control.go:65.46,67.5 1 0
github.com/frisky1985/yuleDKCS/backend/cloud/hub/tests/compliance/common/test_utils.go:31.39,32.11 1 0
github.com/frisky1985/yuleDKCS/backend/cloud/hub/tests/compliance/common/test_utils.go:33.19,34.15 1 0
github.com/frisky1985/yuleDKCS/backend/cloud/hub/tests/compliance/common/test_utils.go:35.20,36.16 1 0
github.com/frisky1985/yuleDKCS/backend/cloud/hub/tests/compliance/common/test_utils.go:37.21,38.17 1 0
github.com/frisky1985/yuleDKCS/backend/cloud/hub/tests/compliance/common/test_utils.go:39.10,40.19 1 0
github.com/frisky1985/yuleDKCS/backend/cloud/hub/tests/compliance/common/test_utils.go:67.36,78.2 1 0
github.com/frisky1985/yuleDKCS/backend/cloud/hub/tests/compliance/common/test_utils.go:82.38,91.2 1 0
github.com/frisky1985/yuleDKCS/backend/cloud/hub/tests/compliance/common/test_utils.go:95.42,106.2 1 0
github.com/frisky1985/yuleDKCS/backend/cloud/hub/tests/compliance/common/test_utils.go:109.37,118.2 1 0
github.com/frisky1985/yuleDKCS/backend/cloud/hub/tests/compliance/common/test_utils.go:159.135,161.16 2 0
github.com/frisky1985/yuleDKCS/backend/cloud/hub/tests/compliance/common/test_utils.go:161.16,163.3 1 0
github.com/frisky1985/yuleDKCS/backend/cloud/hub/tests/compliance/common/test_utils.go:164.2,180.16 4 0
github.com/frisky1985/yuleDKCS/backend/cloud/hub/tests/compliance/common/test_utils.go:180.16,182.3 1 0
github.com/frisky1985/yuleDKCS/backend/cloud/hub/tests/compliance/common/test_utils.go:183.2,184.16 2 0
github.com/frisky1985/yuleDKCS/backend/cloud/hub/tests/compliance/common/test_utils.go:184.16,186.3 1 0
github.com/frisky1985/yuleDKCS/backend/cloud/hub/tests/compliance/common/test_utils.go:188.2,199.8 1 0
github.com/frisky1985/yuleDKCS/backend/cloud/hub/tests/compliance/common/test_utils.go:203.88,221.2 8 0
github.com/frisky1985/yuleDKCS/backend/cloud/hub/tests/compliance/common/test_utils.go:224.68,228.2 3 0
github.com/frisky1985/yuleDKCS/backend/cloud/hub/tests/compliance/common/test_utils.go:231.60,235.32 4 0
github.com/frisky1985/yuleDKCS/backend/cloud/hub/tests/compliance/common/test_utils.go:235.32,237.3 1 0
github.com/frisky1985/yuleDKCS/backend/cloud/hub/tests/compliance/common/test_utils.go:238.2,238.13 1 0
github.com/frisky1985/yuleDKCS/backend/cloud/hub/tests/compliance/common/test_utils.go:242.63,245.32 3 0
github.com/frisky1985/yuleDKCS/backend/cloud/hub/tests/compliance/common/test_utils.go:245.32,246.31 1 0
github.com/frisky1985/yuleDKCS/backend/cloud/hub/tests/compliance/common/test_utils.go:246.31,248.4 1 0
github.com/frisky1985/yuleDKCS/backend/cloud/hub/tests/compliance/common/test_utils.go:250.2,250.14 1 0
github.com/frisky1985/yuleDKCS/backend/cloud/hub/tests/compliance/common/test_utils.go:254.67,256.2 1 0
github.com/frisky1985/yuleDKCS/backend/cloud/hub/tests/compliance/common/test_utils.go:259.51,262.2 2 0
github.com/frisky1985/yuleDKCS/backend/cloud/hub/tests/compliance/common/test_utils.go:310.85,312.16 2 0
github.com/frisky1985/yuleDKCS/backend/cloud/hub/tests/compliance/common/test_utils.go:312.16,314.3 1 0
github.com/frisky1985/yuleDKCS/backend/cloud/hub/tests/compliance/common/test_utils.go:315.2,331.16 4 0
github.com/frisky1985/yuleDKCS/backend/cloud/hub/tests/compliance/common/test_utils.go:331.16,333.3 1 0
github.com/frisky1985/yuleDKCS/backend/cloud/hub/tests/compliance/common/test_utils.go:334.2,335.16 2 0
github.com/frisky1985/yuleDKCS/backend/cloud/hub/tests/compliance/common/test_utils.go:335.16,337.3 1 0
github.com/frisky1985/yuleDKCS/backend/cloud/hub/tests/compliance/common/test_utils.go:339.2,354.8 1 0
github.com/frisky1985/yuleDKCS/backend/cloud/hub/tests/compliance/common/test_utils.go:358.55,362.53 4 0
github.com/frisky1985/yuleDKCS/backend/cloud/hub/tests/compliance/common/test_utils.go:362.53,364.3 1 0
github.com/frisky1985/yuleDKCS/backend/cloud/hub/tests/compliance/common/test_utils.go:368.62,372.2 3 0
github.com/frisky1985/yuleDKCS/backend/cloud/hub/tests/compliance/common/test_utils.go:375.55,380.2 4 0
github.com/frisky1985/yuleDKCS/backend/cloud/hub/tests/compliance/common/test_utils.go:383.71,386.13 3 0
github.com/frisky1985/yuleDKCS/backend/cloud/hub/tests/compliance/common/test_utils.go:387.14,390.28 3 0
github.com/frisky1985/yuleDKCS/backend/cloud/hub/tests/compliance/common/test_utils.go:391.16,394.30 3 0
github.com/frisky1985/yuleDKCS/backend/cloud/hub/tests/compliance/common/test_utils.go:395.22,398.36 3 0
github.com/frisky1985/yuleDKCS/backend/cloud/hub/tests/compliance/common/test_utils.go:399.21,402.35 3 0
github.com/frisky1985/yuleDKCS/backend/cloud/hub/tests/compliance/common/test_utils.go:403.10,404.52 1 0
github.com/frisky1985/yuleDKCS/backend/cloud/hub/tests/compliance/common/test_utils.go:413.86,415.52 2 0
github.com/frisky1985/yuleDKCS/backend/cloud/hub/tests/compliance/common/test_utils.go:415.52,416.26 1 0
github.com/frisky1985/yuleDKCS/backend/cloud/hub/tests/compliance/common/test_utils.go:416.26,419.4 1 0
github.com/frisky1985/yuleDKCS/backend/cloud/hub/tests/compliance/common/test_utils.go:422.2,422.44 1 0
github.com/frisky1985/yuleDKCS/backend/cloud/hub/tests/compliance/common/test_utils.go:422.44,428.3 5 0
github.com/frisky1985/yuleDKCS/backend/cloud/hub/tests/compliance/common/test_utils.go:429.2,429.17 1 0
github.com/frisky1985/yuleDKCS/backend/cloud/hub/tests/compliance/common/test_utils.go:433.74,439.16 2 0
github.com/frisky1985/yuleDKCS/backend/cloud/hub/tests/compliance/common/test_utils.go:439.16,440.44 1 0
github.com/frisky1985/yuleDKCS/backend/cloud/hub/tests/compliance/common/test_utils.go:442.2,442.12 1 0
github.com/frisky1985/yuleDKCS/backend/cloud/hub/tests/compliance/common/test_utils.go:446.76,452.16 2 0
github.com/frisky1985/yuleDKCS/backend/cloud/hub/tests/compliance/common/test_utils.go:452.16,453.46 1 0
github.com/frisky1985/yuleDKCS/backend/cloud/hub/tests/compliance/common/test_utils.go:455.2,455.12 1 0
github.com/frisky1985/yuleDKCS/backend/cloud/hub/tests/compliance/common/test_utils.go:459.80,464.16 2 0
github.com/frisky1985/yuleDKCS/backend/cloud/hub/tests/compliance/common/test_utils.go:464.16,465.50 1 0
github.com/frisky1985/yuleDKCS/backend/cloud/hub/tests/compliance/common/test_utils.go:467.2,467.12 1 0
github.com/frisky1985/yuleDKCS/backend/cloud/hub/tests/compliance/common/test_utils.go:471.75,477.16 2 0
github.com/frisky1985/yuleDKCS/backend/cloud/hub/tests/compliance/common/test_utils.go:477.16,478.45 1 0
github.com/frisky1985/yuleDKCS/backend/cloud/hub/tests/compliance/common/test_utils.go:480.2,480.12 1 0
github.com/frisky1985/yuleDKCS/backend/cloud/hub/tests/compliance/common/test_utils.go:484.70,486.16 2 0
github.com/frisky1985/yuleDKCS/backend/cloud/hub/tests/compliance/common/test_utils.go:486.16,487.42 1 0
github.com/frisky1985/yuleDKCS/backend/cloud/hub/tests/compliance/common/test_utils.go:489.2,489.10 1 0
github.com/frisky1985/yuleDKCS/backend/cloud/hub/internal/codec/bertlv/decoder.go:37.38,39.2 1 1
github.com/frisky1985/yuleDKCS/backend/cloud/hub/internal/codec/bertlv/decoder.go:42.39,46.2 1 1
github.com/frisky1985/yuleDKCS/backend/cloud/hub/internal/codec/bertlv/decoder.go:49.40,52.2 2 1
github.com/frisky1985/yuleDKCS/backend/cloud/hub/internal/codec/bertlv/decoder.go:55.42,60.16 3 1
github.com/frisky1985/yuleDKCS/backend/cloud/hub/internal/codec/bertlv/decoder.go:60.16,62.3 1 1
github.com/frisky1985/yuleDKCS/backend/cloud/hub/internal/codec/bertlv/decoder.go:65.2,66.16 2 1
github.com/frisky1985/yuleDKCS/backend/cloud/hub/internal/codec/bertlv/decoder.go:66.16,68.3 1 1
github.com/frisky1985/yuleDKCS/backend/cloud/hub/internal/codec/bertlv/decoder.go:71.2,71.29 1 1
github.com/frisky1985/yuleDKCS/backend/cloud/hub/internal/codec/bertlv/decoder.go:71.29,73.3 1 1
github.com/frisky1985/yuleDKCS/backend/cloud/hub/internal/codec/bertlv/decoder.go:76.2,77.16 2 1
github.com/frisky1985/yuleDKCS/backend/cloud/hub/internal/codec/bertlv/decoder.go:77.16,79.57 2 1
github.com/frisky1985/yuleDKCS/backend/cloud/hub/internal/codec/bertlv/decoder.go:79.57,81.4 1 0
github.com/frisky1985/yuleDKCS/backend/cloud/hub/internal/codec/bertlv/decoder.go:82.8,84.3 1 1
github.com/frisky1985/yuleDKCS/backend/cloud/hub/internal/codec/bertlv/decoder.go:87.2,98.8 6 1
github.com/frisky1985/yuleDKCS/backend/cloud/hub/internal/codec/bertlv/decoder.go:102.45,106.31 3 1
github.com/frisky1985/yuleDKCS/backend/cloud/hub/internal/codec/bertlv/decoder.go:106.31,108.17 2 1
github.com/frisky1985/yuleDKCS/backend/cloud/hub/internal/codec/bertlv/decoder.go:108.17,110.4 1 1
github.com/frisky1985/yuleDKCS/backend/cloud/hub/internal/codec/bertlv/decoder.go:111.3,111.27 1 1
github.com/frisky1985/yuleDKCS/backend/cloud/hub/internal/codec/bertlv/decoder.go:114.2,114.18 1 1
github.com/frisky1985/yuleDKCS/backend/cloud/hub/internal/codec/bertlv/decoder.go:118.46,120.2 1 1
github.com/frisky1985/yuleDKCS/backend/cloud/hub/internal/codec/bertlv/decoder.go:123.46,124.22 1 1
github.com/frisky1985/yuleDKCS/backend/cloud/hub/internal/codec/bertlv/decoder.go:124.22,126.3 1 1
github.com/frisky1985/yuleDKCS/backend/cloud/hub/internal/codec/bertlv/decoder.go:127.2,127.24 1 1
github.com/frisky1985/yuleDKCS/backend/cloud/hub/internal/codec/bertlv/decoder.go:131.48,132.22 1 1
github.com/frisky1985/yuleDKCS/backend/cloud/hub/internal/codec/bertlv/decoder.go:132.22,134.3 1 1
github.com/frisky1985/yuleDKCS/backend/cloud/hub/internal/codec/bertlv/decoder.go:135.2,135.46 1 1
github.com/frisky1985/yuleDKCS/backend/cloud/hub/internal/codec/bertlv/decoder.go:139.48,140.22 1 1
github.com/frisky1985/yuleDKCS/backend/cloud/hub/internal/codec/bertlv/decoder.go:140.22,142.3 1 1
github.com/frisky1985/yuleDKCS/backend/cloud/hub/internal/codec/bertlv/decoder.go:143.2,143.46 1 1
github.com/frisky1985/yuleDKCS/backend/cloud/hub/internal/codec/bertlv/decoder.go:147.48,148.22 1 1
github.com/frisky1985/yuleDKCS/backend/cloud/hub/internal/codec/bertlv/decoder.go:148.22,150.3 1 1
github.com/frisky1985/yuleDKCS/backend/cloud/hub/internal/codec/bertlv/decoder.go:151.2,151.46 1 1
github.com/frisky1985/yuleDKCS/backend/cloud/hub/internal/codec/bertlv/decoder.go:155.44,158.2 2 1
github.com/frisky1985/yuleDKCS/backend/cloud/hub/internal/codec/bertlv/decoder.go:161.46,164.2 2 1
github.com/frisky1985/yuleDKCS/backend/cloud/hub/internal/codec/bertlv/decoder.go:167.46,170.2 2 1
github.com/frisky1985/yuleDKCS/backend/cloud/hub/internal/codec/bertlv/decoder.go:173.46,176.2 2 1
github.com/frisky1985/yuleDKCS/backend/cloud/hub/internal/codec/bertlv/decoder.go:179.48,181.2 1 1
github.com/frisky1985/yuleDKCS/backend/cloud/hub/internal/codec/bertlv/decoder.go:184.47,186.2 1 1
github.com/frisky1985/yuleDKCS/backend/cloud/hub/internal/codec/bertlv/decoder.go:189.44,190.22 1 1
github.com/frisky1985/yuleDKCS/backend/cloud/hub/internal/codec/bertlv/decoder.go:190.22,192.3 1 1
github.com/frisky1985/yuleDKCS/backend/cloud/hub/internal/codec/bertlv/decoder.go:193.2,193.29 1 1
github.com/frisky1985/yuleDKCS/backend/cloud/hub/internal/codec/bertlv/decoder.go:197.42,201.16 3 1
github.com/frisky1985/yuleDKCS/backend/cloud/hub/internal/codec/bertlv/decoder.go:201.16,203.3 1 1
github.com/frisky1985/yuleDKCS/backend/cloud/hub/internal/codec/bertlv/decoder.go:205.2,208.28 2 1
github.com/frisky1985/yuleDKCS/backend/cloud/hub/internal/codec/bertlv/decoder.go:208.28,209.7 1 1
github.com/frisky1985/yuleDKCS/backend/cloud/hub/internal/codec/bertlv/decoder.go:209.7,210.27 1 1
github.com/frisky1985/yuleDKCS/backend/cloud/hub/internal/codec/bertlv/decoder.go:210.27,212.5 1 1
github.com/frisky1985/yuleDKCS/backend/cloud/hub/internal/codec/bertlv/decoder.go:213.4,214.18 2 1
github.com/frisky1985/yuleDKCS/backend/cloud/hub/internal/codec/bertlv/decoder.go:214.18,216.5 1 0
github.com/frisky1985/yuleDKCS/backend/cloud/hub/internal/codec/bertlv/decoder.go:217.4,219.26 2 1
github.com/frisky1985/yuleDKCS/backend/cloud/hub/internal/codec/bertlv/decoder.go:219.26,220.10 1 1
github.com/frisky1985/yuleDKCS/backend/cloud/hub/internal/codec/bertlv/decoder.go:225.2,225.17 1 1
github.com/frisky1985/yuleDKCS/backend/cloud/hub/internal/codec/bertlv/decoder.go:229.45,231.16 2 1
github.com/frisky1985/yuleDKCS/backend/cloud/hub/internal/codec/bertlv/decoder.go:231.16,233.3 1 1
github.com/frisky1985/yuleDKCS/backend/cloud/hub/internal/codec/bertlv/decoder.go:236.2,236.22 1 1
github.com/frisky1985/yuleDKCS/backend/cloud/hub/internal/codec/bertlv/decoder.go:236.22,238.3 1 1
github.com/frisky1985/yuleDKCS/backend/cloud/hub/internal/codec/bertlv/decoder.go:241.2,242.21 2 1
github.com/frisky1985/yuleDKCS/backend/cloud/hub/internal/codec/bertlv/decoder.go:242.21,244.3 1 1
github.com/frisky1985/yuleDKCS/backend/cloud/hub/internal/codec/bertlv/decoder.go:246.2,246.34 1 1
github.com/frisky1985/yuleDKCS/backend/cloud/hub/internal/codec/bertlv/decoder.go:246.34,248.3 1 0
github.com/frisky1985/yuleDKCS/backend/cloud/hub/internal/codec/bertlv/decoder.go:250.2,251.35 2 1
github.com/frisky1985/yuleDKCS/backend/cloud/hub/internal/codec/bertlv/decoder.go:251.35,253.17 2 1
github.com/frisky1985/yuleDKCS/backend/cloud/hub/internal/codec/bertlv/decoder.go:253.17,255.4 1 0
github.com/frisky1985/yuleDKCS/backend/cloud/hub/internal/codec/bertlv/decoder.go:256.3,256.34 1 1
github.com/frisky1985/yuleDKCS/backend/cloud/hub/internal/codec/bertlv/decoder.go:259.2,259.20 1 1
github.com/frisky1985/yuleDKCS/backend/cloud/hub/internal/codec/bertlv/decoder.go:263.50,264.19 1 1
github.com/frisky1985/yuleDKCS/backend/cloud/hub/internal/codec/bertlv/decoder.go:264.19,266.3 1 1
github.com/frisky1985/yuleDKCS/backend/cloud/hub/internal/codec/bertlv/decoder.go:267.2,267.20 1 1
github.com/frisky1985/yuleDKCS/backend/cloud/hub/internal/codec/bertlv/decoder.go:267.20,269.3 1 1
github.com/frisky1985/yuleDKCS/backend/cloud/hub/internal/codec/bertlv/decoder.go:270.2,270.22 1 1
github.com/frisky1985/yuleDKCS/backend/cloud/hub/internal/codec/bertlv/decoder.go:270.22,272.3 1 1
github.com/frisky1985/yuleDKCS/backend/cloud/hub/internal/codec/bertlv/decoder.go:273.2,273.10 1 0
github.com/frisky1985/yuleDKCS/backend/cloud/hub/internal/codec/bertlv/decoder.go:277.60,282.15 3 1
github.com/frisky1985/yuleDKCS/backend/cloud/hub/internal/codec/bertlv/decoder.go:282.15,284.3 1 1
github.com/frisky1985/yuleDKCS/backend/cloud/hub/internal/codec/bertlv/decoder.go:284.8,284.24 1 1
github.com/frisky1985/yuleDKCS/backend/cloud/hub/internal/codec/bertlv/decoder.go:284.24,286.3 1 1
github.com/frisky1985/yuleDKCS/backend/cloud/hub/internal/codec/bertlv/decoder.go:286.8,286.26 1 1
github.com/frisky1985/yuleDKCS/backend/cloud/hub/internal/codec/bertlv/decoder.go:286.26,288.3 1 1
github.com/frisky1985/yuleDKCS/backend/cloud/hub/internal/codec/bertlv/decoder.go:288.8,290.3 1 1
github.com/frisky1985/yuleDKCS/backend/cloud/hub/internal/codec/bertlv/decoder.go:293.2,293.28 1 1
github.com/frisky1985/yuleDKCS/backend/cloud/hub/internal/codec/bertlv/decoder.go:293.28,295.3 1 0
github.com/frisky1985/yuleDKCS/backend/cloud/hub/internal/codec/bertlv/decoder.go:297.2,297.14 1 1
github.com/frisky1985/yuleDKCS/backend/cloud/hub/internal/codec/bertlv/decoder.go:301.51,302.19 1 1
github.com/frisky1985/yuleDKCS/backend/cloud/hub/internal/codec/bertlv/decoder.go:302.19,304.3 1 1
github.com/frisky1985/yuleDKCS/backend/cloud/hub/internal/codec/bertlv/decoder.go:306.2,308.20 2 1
github.com/frisky1985/yuleDKCS/backend/cloud/hub/internal/codec/bertlv/decoder.go:308.20,310.3 1 1
github.com/frisky1985/yuleDKCS/backend/cloud/hub/internal/codec/bertlv/decoder.go:310.8,310.29 1 1
github.com/frisky1985/yuleDKCS/backend/cloud/hub/internal/codec/bertlv/decoder.go:310.29,312.3 1 1
github.com/frisky1985/yuleDKCS/backend/cloud/hub/internal/codec/bertlv/decoder.go:312.8,314.3 1 0
github.com/frisky1985/yuleDKCS/backend/cloud/hub/internal/codec/bertlv/decoder.go:316.2,316.14 1 1
github.com/frisky1985/yuleDKCS/backend/cloud/hub/internal/codec/bertlv/decoder.go:320.32,322.16 2 1
github.com/frisky1985/yuleDKCS/backend/cloud/hub/internal/codec/bertlv/decoder.go:322.16,324.3 1 1
github.com/frisky1985/yuleDKCS/backend/cloud/hub/internal/codec/bertlv/decoder.go:325.2,326.12 2 1
github.com/frisky1985/yuleDKCS/backend/cloud/hub/internal/codec/bertlv/decoder.go:330.42,331.24 1 1
github.com/frisky1985/yuleDKCS/backend/cloud/hub/internal/codec/bertlv/decoder.go:331.24,333.3 1 1
github.com/frisky1985/yuleDKCS/backend/cloud/hub/internal/codec/bertlv/decoder.go:336.2,343.17 4 1
github.com/frisky1985/yuleDKCS/backend/cloud/hub/internal/codec/bertlv/decoder.go:347.66,351.37 3 1
github.com/frisky1985/yuleDKCS/backend/cloud/hub/internal/codec/bertlv/decoder.go:351.37,353.17 2 1
github.com/frisky1985/yuleDKCS/backend/cloud/hub/internal/codec/bertlv/decoder.go:353.17,355.4 1 1
github.com/frisky1985/yuleDKCS/backend/cloud/hub/internal/codec/bertlv/decoder.go:356.3,356.29 1 1
github.com/frisky1985/yuleDKCS/backend/cloud/hub/internal/codec/bertlv/decoder.go:356.29,361.4 1 1
github.com/frisky1985/yuleDKCS/backend/cloud/hub/internal/codec/bertlv/decoder.go:362.3,362.31 1 1
github.com/frisky1985/yuleDKCS/backend/cloud/hub/internal/codec/bertlv/decoder.go:365.2,365.20 1 1
github.com/frisky1985/yuleDKCS/backend/cloud/hub/internal/codec/bertlv/decoder.go:369.42,371.27 2 1
github.com/frisky1985/yuleDKCS/backend/cloud/hub/internal/codec/bertlv/decoder.go:371.27,373.3 1 1
github.com/frisky1985/yuleDKCS/backend/cloud/hub/internal/codec/bertlv/decoder.go:374.2,374.15 1 1
github.com/frisky1985/yuleDKCS/backend/cloud/hub/internal/codec/bertlv/encoder.go:17.28,19.2 1 1
github.com/frisky1985/yuleDKCS/backend/cloud/hub/internal/codec/bertlv/encoder.go:23.57,25.52 2 1
github.com/frisky1985/yuleDKCS/backend/cloud/hub/internal/codec/bertlv/encoder.go:25.52,27.3 1 1
github.com/frisky1985/yuleDKCS/backend/cloud/hub/internal/codec/bertlv/encoder.go:28.2,28.29 1 1
github.com/frisky1985/yuleDKCS/backend/cloud/hub/internal/codec/bertlv/encoder.go:32.67,34.42 2 1
github.com/frisky1985/yuleDKCS/backend/cloud/hub/internal/codec/bertlv/encoder.go:34.42,36.3 1 0
github.com/frisky1985/yuleDKCS/backend/cloud/hub/internal/codec/bertlv/encoder.go:37.2,37.48 1 1
github.com/frisky1985/yuleDKCS/backend/cloud/hub/internal/codec/bertlv/encoder.go:37.48,39.3 1 1
github.com/frisky1985/yuleDKCS/backend/cloud/hub/internal/codec/bertlv/encoder.go:40.2,41.29 2 1
github.com/frisky1985/yuleDKCS/backend/cloud/hub/internal/codec/bertlv/encoder.go:45.65,46.27 1 1
github.com/frisky1985/yuleDKCS/backend/cloud/hub/internal/codec/bertlv/encoder.go:47.11,48.38 1 1
github.com/frisky1985/yuleDKCS/backend/cloud/hub/internal/codec/bertlv/encoder.go:49.12,50.38 1 1
github.com/frisky1985/yuleDKCS/backend/cloud/hub/internal/codec/bertlv/encoder.go:51.13,52.38 1 1
github.com/frisky1985/yuleDKCS/backend/cloud/hub/internal/codec/bertlv/encoder.go:53.13,54.38 1 1
github.com/frisky1985/yuleDKCS/backend/cloud/hub/internal/codec/bertlv/encoder.go:55.13,56.31 1 1
github.com/frisky1985/yuleDKCS/backend/cloud/hub/internal/codec/bertlv/encoder.go:57.12,58.37 1 1
github.com/frisky1985/yuleDKCS/backend/cloud/hub/internal/codec/bertlv/encoder.go:59.13,60.37 1 1
github.com/frisky1985/yuleDKCS/backend/cloud/hub/internal/codec/bertlv/encoder.go:61.14,62.37 1 1
github.com/frisky1985/yuleDKCS/backend/cloud/hub/internal/codec/bertlv/encoder.go:63.14,64.37 1 1
github.com/frisky1985/yuleDKCS/backend/cloud/hub/internal/codec/bertlv/encoder.go:65.14,66.29 1 1
github.com/frisky1985/yuleDKCS/backend/cloud/hub/internal/codec/bertlv/encoder.go:67.14,68.44 1 1
github.com/frisky1985/yuleDKCS/backend/cloud/hub/internal/codec/bertlv/encoder.go:69.14,70.36 1 1
github.com/frisky1985/yuleDKCS/backend/cloud/hub/internal/codec/bertlv/encoder.go:71.16,72.36 1 1
github.com/frisky1985/yuleDKCS/backend/cloud/hub/internal/codec/bertlv/encoder.go:73.16,74.53 1 1
github.com/frisky1985/yuleDKCS/backend/cloud/hub/internal/codec/bertlv/encoder.go:75.10,76.57 1 1
github.com/frisky1985/yuleDKCS/backend/cloud/hub/internal/codec/bertlv/encoder.go:83.70,85.28 2 1
github.com/frisky1985/yuleDKCS/backend/cloud/hub/internal/codec/bertlv/encoder.go:85.28,87.3 1 1
github.com/frisky1985/yuleDKCS/backend/cloud/hub/internal/codec/bertlv/encoder.go:88.2,90.58 3 1
github.com/frisky1985/yuleDKCS/backend/cloud/hub/internal/codec/bertlv/encoder.go:94.58,99.2 4 1
github.com/frisky1985/yuleDKCS/backend/cloud/hub/internal/codec/bertlv/encoder.go:102.69,103.40 1 1
github.com/frisky1985/yuleDKCS/backend/cloud/hub/internal/codec/bertlv/encoder.go:103.40,105.3 1 0
github.com/frisky1985/yuleDKCS/backend/cloud/hub/internal/codec/bertlv/encoder.go:106.2,106.46 1 1
github.com/frisky1985/yuleDKCS/backend/cloud/hub/internal/codec/bertlv/encoder.go:106.46,108.3 1 0
github.com/frisky1985/yuleDKCS/backend/cloud/hub/internal/codec/bertlv/encoder.go:109.2,110.12 2 1
github.com/frisky1985/yuleDKCS/backend/cloud/hub/internal/codec/bertlv/encoder.go:116.43,120.15 2 1
github.com/frisky1985/yuleDKCS/backend/cloud/hub/internal/codec/bertlv/encoder.go:120.15,122.3 1 1
github.com/frisky1985/yuleDKCS/backend/cloud/hub/internal/codec/bertlv/encoder.go:125.2,126.9 2 1
github.com/frisky1985/yuleDKCS/backend/cloud/hub/internal/codec/bertlv/encoder.go:127.19,128.36 1 1
github.com/frisky1985/yuleDKCS/backend/cloud/hub/internal/codec/bertlv/encoder.go:129.21,130.51 1 1
github.com/frisky1985/yuleDKCS/backend/cloud/hub/internal/codec/bertlv/encoder.go:131.10,132.66 1 1
github.com/frisky1985/yuleDKCS/backend/cloud/hub/internal/codec/bertlv/encoder.go:134.2,135.12 2 1
github.com/frisky1985/yuleDKCS/backend/cloud/hub/internal/codec/bertlv/encoder.go:139.49,140.16 1 1
github.com/frisky1985/yuleDKCS/backend/cloud/hub/internal/codec/bertlv/encoder.go:140.16,142.3 1 1
github.com/frisky1985/yuleDKCS/backend/cloud/hub/internal/codec/bertlv/encoder.go:144.2,144.20 1 1
github.com/frisky1985/yuleDKCS/backend/cloud/hub/internal/codec/bertlv/encoder.go:144.20,146.3 1 1
github.com/frisky1985/yuleDKCS/backend/cloud/hub/internal/codec/bertlv/encoder.go:148.2,148.37 1 1
github.com/frisky1985/yuleDKCS/backend/cloud/hub/internal/codec/bertlv/encoder.go:148.37,149.68 1 1
github.com/frisky1985/yuleDKCS/backend/cloud/hub/internal/codec/bertlv/encoder.go:149.68,151.4 1 0
github.com/frisky1985/yuleDKCS/backend/cloud/hub/internal/codec/bertlv/encoder.go:152.3,152.13 1 1
github.com/frisky1985/yuleDKCS/backend/cloud/hub/internal/codec/bertlv/encoder.go:154.2,154.22 1 1
github.com/frisky1985/yuleDKCS/backend/cloud/hub/internal/codec/bertlv/encoder.go:154.22,158.45 4 1
github.com/frisky1985/yuleDKCS/backend/cloud/hub/internal/codec/bertlv/encoder.go:158.45,160.4 1 0
github.com/frisky1985/yuleDKCS/backend/cloud/hub/internal/codec/bertlv/encoder.go:161.3,161.13 1 1
github.com/frisky1985/yuleDKCS/backend/cloud/hub/internal/codec/bertlv/encoder.go:164.2,164.23 1 1
github.com/frisky1985/yuleDKCS/backend/cloud/hub/internal/codec/bertlv/encoder.go:164.23,166.3 1 1
github.com/frisky1985/yuleDKCS/backend/cloud/hub/internal/codec/bertlv/encoder.go:167.2,172.44 6 1
github.com/frisky1985/yuleDKCS/backend/cloud/hub/internal/codec/bertlv/encoder.go:172.44,174.3 1 0
github.com/frisky1985/yuleDKCS/backend/cloud/hub/internal/codec/bertlv/encoder.go:175.2,175.12 1 1
github.com/frisky1985/yuleDKCS/backend/cloud/hub/internal/codec/bertlv/encoder.go:179.69,181.28 2 1
github.com/frisky1985/yuleDKCS/backend/cloud/hub/internal/codec/bertlv/encoder.go:181.28,183.3 1 1
github.com/frisky1985/yuleDKCS/backend/cloud/hub/internal/codec/bertlv/encoder.go:184.2,184.40 1 1
github.com/frisky1985/yuleDKCS/backend/cloud/hub/internal/codec/bertlv/encoder.go:184.40,186.3 1 0
github.com/frisky1985/yuleDKCS/backend/cloud/hub/internal/codec/bertlv/encoder.go:187.2,187.48 1 1
github.com/frisky1985/yuleDKCS/backend/cloud/hub/internal/codec/bertlv/encoder.go:187.48,189.3 1 0
github.com/frisky1985/yuleDKCS/backend/cloud/hub/internal/codec/bertlv/encoder.go:190.2,190.28 1 1
github.com/frisky1985/yuleDKCS/backend/cloud/hub/internal/codec/bertlv/encoder.go:190.28,192.3 1 1
github.com/frisky1985/yuleDKCS/backend/cloud/hub/internal/codec/bertlv/encoder.go:193.2,193.12 1 1
github.com/frisky1985/yuleDKCS/backend/cloud/hub/internal/codec/bertlv/encoder.go:196.27,197.12 1 1
github.com/frisky1985/yuleDKCS/backend/cloud/hub/internal/codec/bertlv/encoder.go:197.12,199.3 1 1
github.com/frisky1985/yuleDKCS/backend/cloud/hub/internal/codec/bertlv/encoder.go:201.2,202.16 2 1
github.com/frisky1985/yuleDKCS/backend/cloud/hub/internal/codec/bertlv/encoder.go:202.16,204.3 1 1
github.com/frisky1985/yuleDKCS/backend/cloud/hub/internal/codec/bertlv/encoder.go:205.2,206.18 2 1
github.com/frisky1985/yuleDKCS/backend/cloud/hub/internal/codec/bertlv/encoder.go:206.18,209.3 2 1
github.com/frisky1985/yuleDKCS/backend/cloud/hub/internal/codec/bertlv/encoder.go:210.2,210.14 1 1
github.com/frisky1985/yuleDKCS/backend/cloud/hub/internal/codec/bertlv/encoder.go:213.29,214.12 1 1
github.com/frisky1985/yuleDKCS/backend/cloud/hub/internal/codec/bertlv/encoder.go:214.12,216.3 1 1
github.com/frisky1985/yuleDKCS/backend/cloud/hub/internal/codec/bertlv/encoder.go:217.2,218.12 2 1
github.com/frisky1985/yuleDKCS/backend/cloud/hub/internal/codec/bertlv/encoder.go:218.12,221.3 2 1
github.com/frisky1985/yuleDKCS/backend/cloud/hub/internal/codec/bertlv/encoder.go:222.2,222.20 1 1
github.com/frisky1985/yuleDKCS/backend/cloud/hub/internal/codec/bertlv/encoder.go:226.45,228.25 2 1
github.com/frisky1985/yuleDKCS/backend/cloud/hub/internal/codec/bertlv/encoder.go:228.25,230.17 2 1
github.com/frisky1985/yuleDKCS/backend/cloud/hub/internal/codec/bertlv/encoder.go:230.17,232.4 1 1
github.com/frisky1985/yuleDKCS/backend/cloud/hub/internal/codec/bertlv/encoder.go:233.3,233.34 1 1
github.com/frisky1985/yuleDKCS/backend/cloud/hub/internal/codec/bertlv/encoder.go:235.2,235.20 1 1
github.com/frisky1985/yuleDKCS/backend/cloud/hub/internal/codec/bertlv/encoder.go:239.55,241.27 2 1
github.com/frisky1985/yuleDKCS/backend/cloud/hub/internal/codec/bertlv/encoder.go:242.14,243.10 1 1
github.com/frisky1985/yuleDKCS/backend/cloud/hub/internal/codec/bertlv/encoder.go:244.14,245.18 1 1
github.com/frisky1985/yuleDKCS/backend/cloud/hub/internal/codec/bertlv/encoder.go:246.38,248.29 2 1
github.com/frisky1985/yuleDKCS/backend/cloud/hub/internal/codec/bertlv/encoder.go:249.12,250.17 1 1
github.com/frisky1985/yuleDKCS/backend/cloud/hub/internal/codec/bertlv/encoder.go:251.13,252.17 1 1
github.com/frisky1985/yuleDKCS/backend/cloud/hub/internal/codec/bertlv/encoder.go:253.14,254.17 1 1
github.com/frisky1985/yuleDKCS/backend/cloud/hub/internal/codec/bertlv/encoder.go:255.14,256.17 1 1
github.com/frisky1985/yuleDKCS/backend/cloud/hub/internal/codec/bertlv/encoder.go:257.14,258.10 1 1
github.com/frisky1985/yuleDKCS/backend/cloud/hub/internal/codec/bertlv/encoder.go:260.3,263.18 4 1
github.com/frisky1985/yuleDKCS/backend/cloud/hub/internal/codec/bertlv/encoder.go:264.43,266.29 2 1
github.com/frisky1985/yuleDKCS/backend/cloud/hub/internal/codec/bertlv/encoder.go:267.13,268.18 1 1
github.com/frisky1985/yuleDKCS/backend/cloud/hub/internal/codec/bertlv/encoder.go:269.14,270.18 1 1
github.com/frisky1985/yuleDKCS/backend/cloud/hub/internal/codec/bertlv/encoder.go:271.15,272.18 1 1
github.com/frisky1985/yuleDKCS/backend/cloud/hub/internal/codec/bertlv/encoder.go:273.15,274.18 1 1
github.com/frisky1985/yuleDKCS/backend/cloud/hub/internal/codec/bertlv/encoder.go:275.15,276.10 1 1
github.com/frisky1985/yuleDKCS/backend/cloud/hub/internal/codec/bertlv/encoder.go:278.3,281.18 4 1
github.com/frisky1985/yuleDKCS/backend/cloud/hub/internal/codec/bertlv/encoder.go:282.10,283.62 1 1
github.com/frisky1985/yuleDKCS/backend/cloud/hub/internal/codec/bertlv/encoder.go:285.2,285.58 1 1
github.com/frisky1985/yuleDKCS/backend/cloud/hub/internal/codec/bertlv/encoder.go:289.31,298.2 3 1
github.com/frisky1985/yuleDKCS/backend/cloud/hub/internal/codec/bertlv/errors.go:25.38,26.18 1 1
github.com/frisky1985/yuleDKCS/backend/cloud/hub/internal/codec/bertlv/errors.go:26.18,28.3 1 1
github.com/frisky1985/yuleDKCS/backend/cloud/hub/internal/codec/bertlv/errors.go:29.2,29.50 1 1
github.com/frisky1985/yuleDKCS/backend/cloud/hub/internal/codec/bertlv/errors.go:33.65,35.21 2 1
github.com/frisky1985/yuleDKCS/backend/cloud/hub/internal/codec/bertlv/errors.go:35.21,37.3 1 1
github.com/frisky1985/yuleDKCS/backend/cloud/hub/internal/codec/bertlv/errors.go:38.2,38.64 1 1
github.com/frisky1985/yuleDKCS/backend/cloud/hub/internal/codec/bertlv/errors.go:42.70,45.2 1 1
github.com/frisky1985/yuleDKCS/backend/cloud/hub/internal/codec/bertlv/errors.go:48.57,51.2 1 1
github.com/frisky1985/yuleDKCS/backend/cloud/hub/internal/codec/bertlv/errors.go:54.46,56.2 1 1
github.com/frisky1985/yuleDKCS/backend/cloud/hub/internal/codec/bertlv/errors.go:59.62,61.2 1 1
github.com/frisky1985/yuleDKCS/backend/cloud/hub/internal/codec/bertlv/errors.go:64.62,67.2 1 1
github.com/frisky1985/yuleDKCS/backend/cloud/hub/internal/codec/bertlv/errors.go:78.31,81.2 1 1
github.com/frisky1985/yuleDKCS/backend/cloud/hub/internal/codec/bertlv/errors.go:84.36,86.2 1 1
github.com/frisky1985/yuleDKCS/backend/cloud/hub/internal/codec/bertlv/errors.go:89.33,90.24 1 1
github.com/frisky1985/yuleDKCS/backend/cloud/hub/internal/codec/bertlv/errors.go:90.24,92.3 1 0
github.com/frisky1985/yuleDKCS/backend/cloud/hub/internal/codec/bertlv/errors.go:93.2,94.17 2 1
github.com/frisky1985/yuleDKCS/backend/cloud/hub/internal/codec/bertlv/tags.go:51.30,52.11 1 1
github.com/frisky1985/yuleDKCS/backend/cloud/hub/internal/codec/bertlv/tags.go:53.19,54.20 1 1
github.com/frisky1985/yuleDKCS/backend/cloud/hub/internal/codec/bertlv/tags.go:55.20,56.21 1 1
github.com/frisky1985/yuleDKCS/backend/cloud/hub/internal/codec/bertlv/tags.go:57.16,58.17 1 1
github.com/frisky1985/yuleDKCS/backend/cloud/hub/internal/codec/bertlv/tags.go:59.20,60.21 1 1
github.com/frisky1985/yuleDKCS/backend/cloud/hub/internal/codec/bertlv/tags.go:61.21,62.22 1 1
github.com/frisky1985/yuleDKCS/backend/cloud/hub/internal/codec/bertlv/tags.go:63.20,64.21 1 1
github.com/frisky1985/yuleDKCS/backend/cloud/hub/internal/codec/bertlv/tags.go:65.20,66.21 1 1
github.com/frisky1985/yuleDKCS/backend/cloud/hub/internal/codec/bertlv/tags.go:67.20,68.21 1 1
github.com/frisky1985/yuleDKCS/backend/cloud/hub/internal/codec/bertlv/tags.go:69.22,70.23 1 1
github.com/frisky1985/yuleDKCS/backend/cloud/hub/internal/codec/bertlv/tags.go:71.17,72.18 1 1
github.com/frisky1985/yuleDKCS/backend/cloud/hub/internal/codec/bertlv/tags.go:73.19,74.20 1 1
github.com/frisky1985/yuleDKCS/backend/cloud/hub/internal/codec/bertlv/tags.go:75.17,76.18 1 1
github.com/frisky1985/yuleDKCS/backend/cloud/hub/internal/codec/bertlv/tags.go:77.17,78.18 1 1
github.com/frisky1985/yuleDKCS/backend/cloud/hub/internal/codec/bertlv/tags.go:79.21,80.22 1 1
github.com/frisky1985/yuleDKCS/backend/cloud/hub/internal/codec/bertlv/tags.go:81.18,82.19 1 1
github.com/frisky1985/yuleDKCS/backend/cloud/hub/internal/codec/bertlv/tags.go:83.22,84.23 1 1
github.com/frisky1985/yuleDKCS/backend/cloud/hub/internal/codec/bertlv/tags.go:85.18,86.19 1 1
github.com/frisky1985/yuleDKCS/backend/cloud/hub/internal/codec/bertlv/tags.go:87.22,88.23 1 1
github.com/frisky1985/yuleDKCS/backend/cloud/hub/internal/codec/bertlv/tags.go:89.21,90.22 1 1
github.com/frisky1985/yuleDKCS/backend/cloud/hub/internal/codec/bertlv/tags.go:91.10,92.19 1 1
github.com/frisky1985/yuleDKCS/backend/cloud/hub/internal/codec/bertlv/tags.go:97.35,99.2 1 1
github.com/frisky1985/yuleDKCS/backend/cloud/hub/internal/codec/bertlv/tags.go:102.29,104.2 1 1
github.com/frisky1985/yuleDKCS/backend/cloud/hub/internal/codec/bertlv/tags.go:107.36,110.2 1 1
github.com/frisky1985/yuleDKCS/backend/cloud/hub/internal/adapter/ccc_adapter.go:21.67,26.2 1 1
github.com/frisky1985/yuleDKCS/backend/cloud/hub/internal/adapter/ccc_adapter.go:28.40,28.59 1 1
github.com/frisky1985/yuleDKCS/backend/cloud/hub/internal/adapter/ccc_adapter.go:29.40,29.60 1 1
github.com/frisky1985/yuleDKCS/backend/cloud/hub/internal/adapter/ccc_adapter.go:31.104,79.2 4 1
github.com/frisky1985/yuleDKCS/backend/cloud/hub/internal/adapter/ccc_adapter.go:81.73,87.2 2 1
github.com/frisky1985/yuleDKCS/backend/cloud/hub/internal/adapter/ccc_adapter.go:89.91,94.2 2 1
github.com/frisky1985/yuleDKCS/backend/cloud/hub/internal/adapter/ccc_adapter.go:96.113,110.2 2 1
github.com/frisky1985/yuleDKCS/backend/cloud/hub/internal/adapter/ccc_adapter.go:112.116,124.2 2 1
github.com/frisky1985/yuleDKCS/backend/cloud/hub/internal/adapter/ccc_adapter.go:126.109,131.2 2 1
github.com/frisky1985/yuleDKCS/backend/cloud/hub/internal/adapter/ccc_adapter.go:133.82,143.2 1 1
github.com/frisky1985/yuleDKCS/backend/cloud/hub/internal/adapter/icce_adapter.go:18.69,23.2 1 1
github.com/frisky1985/yuleDKCS/backend/cloud/hub/internal/adapter/icce_adapter.go:25.41,25.60 1 1
github.com/frisky1985/yuleDKCS/backend/cloud/hub/internal/adapter/icce_adapter.go:26.41,26.58 1 1
github.com/frisky1985/yuleDKCS/backend/cloud/hub/internal/adapter/icce_adapter.go:28.105,56.2 4 1
github.com/frisky1985/yuleDKCS/backend/cloud/hub/internal/adapter/icce_adapter.go:58.74,66.2 1 1
github.com/frisky1985/yuleDKCS/backend/cloud/hub/internal/adapter/icce_adapter.go:68.92,70.2 1 1
github.com/frisky1985/yuleDKCS/backend/cloud/hub/internal/adapter/icce_adapter.go:72.114,77.2 1 1
github.com/frisky1985/yuleDKCS/backend/cloud/hub/internal/adapter/icce_adapter.go:79.117,88.2 1 1
github.com/frisky1985/yuleDKCS/backend/cloud/hub/internal/adapter/icce_adapter.go:90.110,92.2 1 1
github.com/frisky1985/yuleDKCS/backend/cloud/hub/internal/adapter/icce_adapter.go:94.83,101.2 1 1
github.com/frisky1985/yuleDKCS/backend/cloud/hub/internal/adapter/iccoa_adapter.go:19.71,24.2 1 1
github.com/frisky1985/yuleDKCS/backend/cloud/hub/internal/adapter/iccoa_adapter.go:26.42,26.61 1 1
github.com/frisky1985/yuleDKCS/backend/cloud/hub/internal/adapter/iccoa_adapter.go:27.42,27.65 1 1
github.com/frisky1985/yuleDKCS/backend/cloud/hub/internal/adapter/iccoa_adapter.go:29.106,65.2 4 1
github.com/frisky1985/yuleDKCS/backend/cloud/hub/internal/adapter/iccoa_adapter.go:67.75,75.2 2 1
github.com/frisky1985/yuleDKCS/backend/cloud/hub/internal/adapter/iccoa_adapter.go:77.93,81.2 2 1
github.com/frisky1985/yuleDKCS/backend/cloud/hub/internal/adapter/iccoa_adapter.go:83.115,92.2 2 1
github.com/frisky1985/yuleDKCS/backend/cloud/hub/internal/adapter/iccoa_adapter.go:94.118,104.2 2 1
github.com/frisky1985/yuleDKCS/backend/cloud/hub/internal/adapter/iccoa_adapter.go:106.111,108.2 1 1
github.com/frisky1985/yuleDKCS/backend/cloud/hub/internal/adapter/iccoa_adapter.go:110.84,117.2 1 1
github.com/frisky1985/yuleDKCS/backend/cloud/hub/internal/adapter/registry.go:40.48,45.2 1 1
github.com/frisky1985/yuleDKCS/backend/cloud/hub/internal/adapter/registry.go:47.65,56.2 5 1
github.com/frisky1985/yuleDKCS/backend/cloud/hub/internal/adapter/registry.go:58.72,64.2 5 1
github.com/frisky1985/yuleDKCS/backend/cloud/hub/internal/adapter/registry.go:67.63,70.31 3 1
github.com/frisky1985/yuleDKCS/backend/cloud/hub/internal/adapter/registry.go:70.31,71.27 1 1
github.com/frisky1985/yuleDKCS/backend/cloud/hub/internal/adapter/registry.go:71.27,73.4 1 1
github.com/frisky1985/yuleDKCS/backend/cloud/hub/internal/adapter/registry.go:75.2,75.19 1 1
github.com/frisky1985/yuleDKCS/backend/cloud/hub/internal/adapter/registry.go:78.72,82.31 4 1
github.com/frisky1985/yuleDKCS/backend/cloud/hub/internal/adapter/registry.go:82.31,84.17 2 1
github.com/frisky1985/yuleDKCS/backend/cloud/hub/internal/adapter/registry.go:84.17,98.4 2 1
github.com/frisky1985/yuleDKCS/backend/cloud/hub/internal/adapter/registry.go:99.3,99.38 1 1
github.com/frisky1985/yuleDKCS/backend/cloud/hub/internal/adapter/registry.go:101.2,101.17 1 1
github.com/frisky1985/yuleDKCS/backend/cloud/hub/internal/unified/codec.go:26.40,30.2 1 1
github.com/frisky1985/yuleDKCS/backend/cloud/hub/internal/unified/codec.go:33.74,35.2 1 1
github.com/frisky1985/yuleDKCS/backend/cloud/hub/internal/unified/codec.go:38.70,41.2 2 1
github.com/frisky1985/yuleDKCS/backend/cloud/hub/internal/unified/codec.go:50.61,55.2 1 1
github.com/frisky1985/yuleDKCS/backend/cloud/hub/internal/unified/codec.go:58.88,60.9 2 1
github.com/frisky1985/yuleDKCS/backend/cloud/hub/internal/unified/codec.go:60.9,62.3 1 1
github.com/frisky1985/yuleDKCS/backend/cloud/hub/internal/unified/codec.go:63.2,63.26 1 1
github.com/frisky1985/yuleDKCS/backend/cloud/hub/internal/unified/codec.go:68.73,69.19 1 1
github.com/frisky1985/yuleDKCS/backend/cloud/hub/internal/unified/codec.go:69.19,71.3 1 1
github.com/frisky1985/yuleDKCS/backend/cloud/hub/internal/unified/codec.go:73.2,75.9 3 1
github.com/frisky1985/yuleDKCS/backend/cloud/hub/internal/unified/codec.go:75.9,77.3 1 1
github.com/frisky1985/yuleDKCS/backend/cloud/hub/internal/unified/codec.go:79.2,79.27 1 1
github.com/frisky1985/yuleDKCS/backend/cloud/hub/internal/unified/codec.go:83.65,89.19 1 1
github.com/frisky1985/yuleDKCS/backend/cloud/hub/internal/unified/codec.go:89.19,91.3 1 1
github.com/frisky1985/yuleDKCS/backend/cloud/hub/internal/unified/codec.go:93.2,96.36 2 1
github.com/frisky1985/yuleDKCS/backend/cloud/hub/internal/unified/codec.go:96.36,98.29 1 1
github.com/frisky1985/yuleDKCS/backend/cloud/hub/internal/unified/codec.go:98.29,100.4 1 1
github.com/frisky1985/yuleDKCS/backend/cloud/hub/internal/unified/codec.go:101.3,101.22 1 0
github.com/frisky1985/yuleDKCS/backend/cloud/hub/internal/unified/codec.go:105.2,105.53 1 1
github.com/frisky1985/yuleDKCS/backend/cloud/hub/internal/unified/codec.go:105.53,107.3 1 1
github.com/frisky1985/yuleDKCS/backend/cloud/hub/internal/unified/codec.go:110.2,110.36 1 1
github.com/frisky1985/yuleDKCS/backend/cloud/hub/internal/unified/codec.go:110.36,112.3 1 1
github.com/frisky1985/yuleDKCS/backend/cloud/hub/internal/unified/codec.go:115.2,115.36 1 1
github.com/frisky1985/yuleDKCS/backend/cloud/hub/internal/unified/codec.go:115.36,117.3 1 1
github.com/frisky1985/yuleDKCS/backend/cloud/hub/internal/unified/codec.go:120.2,120.24 1 1
github.com/frisky1985/yuleDKCS/backend/cloud/hub/internal/unified/codec.go:124.57,125.19 1 1
github.com/frisky1985/yuleDKCS/backend/cloud/hub/internal/unified/codec.go:125.19,127.3 1 1
github.com/frisky1985/yuleDKCS/backend/cloud/hub/internal/unified/codec.go:129.2,129.78 1 1
github.com/frisky1985/yuleDKCS/backend/cloud/hub/internal/unified/codec.go:129.78,131.3 1 1
github.com/frisky1985/yuleDKCS/backend/cloud/hub/internal/unified/codec.go:132.2,132.14 1 1
github.com/frisky1985/yuleDKCS/backend/cloud/hub/internal/unified/codec.go:145.52,147.2 1 1
github.com/frisky1985/yuleDKCS/backend/cloud/hub/internal/unified/codec.go:149.46,149.64 1 1
github.com/frisky1985/yuleDKCS/backend/cloud/hub/internal/unified/codec.go:151.66,152.18 1 1
github.com/frisky1985/yuleDKCS/backend/cloud/hub/internal/unified/codec.go:153.22,154.30 1 1
github.com/frisky1985/yuleDKCS/backend/cloud/hub/internal/unified/codec.go:155.23,156.31 1 1
github.com/frisky1985/yuleDKCS/backend/cloud/hub/internal/unified/codec.go:157.28,158.36 1 1
github.com/frisky1985/yuleDKCS/backend/cloud/hub/internal/unified/codec.go:159.28,160.36 1 1
github.com/frisky1985/yuleDKCS/backend/cloud/hub/internal/unified/codec.go:161.10,162.67 1 1
github.com/frisky1985/yuleDKCS/backend/cloud/hub/internal/unified/codec.go:166.67,167.19 1 1
github.com/frisky1985/yuleDKCS/backend/cloud/hub/internal/unified/codec.go:167.19,169.3 1 1
github.com/frisky1985/yuleDKCS/backend/cloud/hub/internal/unified/codec.go:171.2,177.17 3 1
github.com/frisky1985/yuleDKCS/backend/cloud/hub/internal/unified/codec.go:178.22,179.36 1 1
github.com/frisky1985/yuleDKCS/backend/cloud/hub/internal/unified/codec.go:180.23,181.37 1 1
github.com/frisky1985/yuleDKCS/backend/cloud/hub/internal/unified/codec.go:182.28,183.42 1 1
github.com/frisky1985/yuleDKCS/backend/cloud/hub/internal/unified/codec.go:184.28,185.42 1 1
github.com/frisky1985/yuleDKCS/backend/cloud/hub/internal/unified/codec.go:186.10,187.18 1 1
github.com/frisky1985/yuleDKCS/backend/cloud/hub/internal/unified/codec.go:191.65,192.19 1 1
github.com/frisky1985/yuleDKCS/backend/cloud/hub/internal/unified/codec.go:192.19,194.3 1 0
github.com/frisky1985/yuleDKCS/backend/cloud/hub/internal/unified/codec.go:196.2,197.9 2 1
github.com/frisky1985/yuleDKCS/backend/cloud/hub/internal/unified/codec.go:198.42,199.27 1 1
github.com/frisky1985/yuleDKCS/backend/cloud/hub/internal/unified/codec.go:200.42,201.24 1 1
github.com/frisky1985/yuleDKCS/backend/cloud/hub/internal/unified/codec.go:202.42,203.25 1 1
github.com/frisky1985/yuleDKCS/backend/cloud/hub/internal/unified/codec.go:204.42,205.30 1 1
github.com/frisky1985/yuleDKCS/backend/cloud/hub/internal/unified/codec.go:206.42,207.30 1 1
github.com/frisky1985/yuleDKCS/backend/cloud/hub/internal/unified/codec.go:208.10,209.28 1 0
github.com/frisky1985/yuleDKCS/backend/cloud/hub/internal/unified/codec.go:213.73,227.24 6 1
github.com/frisky1985/yuleDKCS/backend/cloud/hub/internal/unified/codec.go:227.24,229.3 1 1
github.com/frisky1985/yuleDKCS/backend/cloud/hub/internal/unified/codec.go:230.2,230.21 1 1
github.com/frisky1985/yuleDKCS/backend/cloud/hub/internal/unified/codec.go:230.21,232.3 1 1
github.com/frisky1985/yuleDKCS/backend/cloud/hub/internal/unified/codec.go:233.2,233.28 1 1
github.com/frisky1985/yuleDKCS/backend/cloud/hub/internal/unified/codec.go:233.28,235.3 1 1
github.com/frisky1985/yuleDKCS/backend/cloud/hub/internal/unified/codec.go:238.2,240.25 2 1
github.com/frisky1985/yuleDKCS/backend/cloud/hub/internal/unified/codec.go:243.74,251.26 7 1
github.com/frisky1985/yuleDKCS/backend/cloud/hub/internal/unified/codec.go:251.26,253.3 1 1
github.com/frisky1985/yuleDKCS/backend/cloud/hub/internal/unified/codec.go:255.2,255.25 1 1
github.com/frisky1985/yuleDKCS/backend/cloud/hub/internal/unified/codec.go:258.79,265.19 6 1
github.com/frisky1985/yuleDKCS/backend/cloud/hub/internal/unified/codec.go:266.18,267.16 1 1
github.com/frisky1985/yuleDKCS/backend/cloud/hub/internal/unified/codec.go:268.20,269.16 1 1
github.com/frisky1985/yuleDKCS/backend/cloud/hub/internal/unified/codec.go:270.25,271.16 1 1
github.com/frisky1985/yuleDKCS/backend/cloud/hub/internal/unified/codec.go:272.24,273.16 1 1
github.com/frisky1985/yuleDKCS/backend/cloud/hub/internal/unified/codec.go:274.23,275.16 1 1
github.com/frisky1985/yuleDKCS/backend/cloud/hub/internal/unified/codec.go:276.21,277.16 1 1
github.com/frisky1985/yuleDKCS/backend/cloud/hub/internal/unified/codec.go:280.2,282.25 3 1
github.com/frisky1985/yuleDKCS/backend/cloud/hub/internal/unified/codec.go:285.79,292.20 6 1
github.com/frisky1985/yuleDKCS/backend/cloud/hub/internal/unified/codec.go:292.20,294.3 1 1
github.com/frisky1985/yuleDKCS/backend/cloud/hub/internal/unified/codec.go:295.2,298.17 3 1
github.com/frisky1985/yuleDKCS/backend/cloud/hub/internal/unified/codec.go:298.17,300.3 1 1
github.com/frisky1985/yuleDKCS/backend/cloud/hub/internal/unified/codec.go:301.2,304.25 3 1
github.com/frisky1985/yuleDKCS/backend/cloud/hub/internal/unified/codec.go:307.64,310.19 3 1
github.com/frisky1985/yuleDKCS/backend/cloud/hub/internal/unified/codec.go:310.19,312.3 1 1
github.com/frisky1985/yuleDKCS/backend/cloud/hub/internal/unified/codec.go:312.8,312.26 1 1
github.com/frisky1985/yuleDKCS/backend/cloud/hub/internal/unified/codec.go:312.26,314.3 1 1
github.com/frisky1985/yuleDKCS/backend/cloud/hub/internal/unified/codec.go:314.8,316.3 1 1
github.com/frisky1985/yuleDKCS/backend/cloud/hub/internal/unified/codec.go:317.2,317.33 1 1
github.com/frisky1985/yuleDKCS/backend/cloud/hub/internal/unified/codec.go:320.95,323.25 3 1
github.com/frisky1985/yuleDKCS/backend/cloud/hub/internal/unified/codec.go:323.25,331.14 7 1
github.com/frisky1985/yuleDKCS/backend/cloud/hub/internal/unified/codec.go:332.13,333.41 1 1
github.com/frisky1985/yuleDKCS/backend/cloud/hub/internal/unified/codec.go:334.13,335.38 1 1
github.com/frisky1985/yuleDKCS/backend/cloud/hub/internal/unified/codec.go:336.13,337.36 1 1
github.com/frisky1985/yuleDKCS/backend/cloud/hub/internal/unified/codec.go:340.2,340.17 1 1
github.com/frisky1985/yuleDKCS/backend/cloud/hub/internal/unified/codec.go:343.96,346.2 2 1
github.com/frisky1985/yuleDKCS/backend/cloud/hub/internal/unified/codec.go:348.101,350.19 2 1
github.com/frisky1985/yuleDKCS/backend/cloud/hub/internal/unified/codec.go:350.19,352.3 1 0
github.com/frisky1985/yuleDKCS/backend/cloud/hub/internal/unified/codec.go:353.2,353.17 1 1
github.com/frisky1985/yuleDKCS/backend/cloud/hub/internal/unified/codec.go:354.12,355.40 1 1
github.com/frisky1985/yuleDKCS/backend/cloud/hub/internal/unified/codec.go:356.12,357.42 1 1
github.com/frisky1985/yuleDKCS/backend/cloud/hub/internal/unified/codec.go:358.12,359.47 1 1
github.com/frisky1985/yuleDKCS/backend/cloud/hub/internal/unified/codec.go:360.12,361.46 1 1
github.com/frisky1985/yuleDKCS/backend/cloud/hub/internal/unified/codec.go:362.12,363.45 1 1
github.com/frisky1985/yuleDKCS/backend/cloud/hub/internal/unified/codec.go:364.12,365.43 1 1
github.com/frisky1985/yuleDKCS/backend/cloud/hub/internal/unified/codec.go:367.2,367.17 1 1
github.com/frisky1985/yuleDKCS/backend/cloud/hub/internal/unified/codec.go:370.101,372.19 2 1
github.com/frisky1985/yuleDKCS/backend/cloud/hub/internal/unified/codec.go:372.19,374.3 1 1
github.com/frisky1985/yuleDKCS/backend/cloud/hub/internal/unified/codec.go:375.2,377.17 3 1
github.com/frisky1985/yuleDKCS/backend/cloud/hub/internal/unified/codec.go:380.59,381.21 1 1
github.com/frisky1985/yuleDKCS/backend/cloud/hub/internal/unified/codec.go:381.21,383.3 1 1
github.com/frisky1985/yuleDKCS/backend/cloud/hub/internal/unified/codec.go:384.2,384.21 1 1
github.com/frisky1985/yuleDKCS/backend/cloud/hub/internal/unified/codec.go:384.21,386.3 1 1
github.com/frisky1985/yuleDKCS/backend/cloud/hub/internal/unified/codec.go:387.2,387.21 1 1
github.com/frisky1985/yuleDKCS/backend/cloud/hub/internal/unified/codec.go:387.21,389.3 1 1
github.com/frisky1985/yuleDKCS/backend/cloud/hub/internal/unified/codec.go:390.2,390.13 1 1
github.com/frisky1985/yuleDKCS/backend/cloud/hub/internal/unified/codec.go:396.32,398.2 1 1
github.com/frisky1985/yuleDKCS/backend/cloud/hub/internal/unified/codec.go:400.45,400.68 1 1
github.com/frisky1985/yuleDKCS/backend/cloud/hub/internal/unified/codec.go:403.65,405.18 2 1
github.com/frisky1985/yuleDKCS/backend/cloud/hub/internal/unified/codec.go:406.22,410.29 3 1
github.com/frisky1985/yuleDKCS/backend/cloud/hub/internal/unified/codec.go:410.29,412.4 1 1
github.com/frisky1985/yuleDKCS/backend/cloud/hub/internal/unified/codec.go:414.3,414.22 1 1
github.com/frisky1985/yuleDKCS/backend/cloud/hub/internal/unified/codec.go:414.22,416.4 1 1
github.com/frisky1985/yuleDKCS/backend/cloud/hub/internal/unified/codec.go:417.3,417.26 1 1
github.com/frisky1985/yuleDKCS/backend/cloud/hub/internal/unified/codec.go:419.28,424.26 5 1
github.com/frisky1985/yuleDKCS/backend/cloud/hub/internal/unified/codec.go:426.28,430.21 4 1
github.com/frisky1985/yuleDKCS/backend/cloud/hub/internal/unified/codec.go:430.21,432.4 1 1
github.com/frisky1985/yuleDKCS/backend/cloud/hub/internal/unified/codec.go:433.3,434.26 2 1
github.com/frisky1985/yuleDKCS/backend/cloud/hub/internal/unified/codec.go:436.10,437.72 1 1
github.com/frisky1985/yuleDKCS/backend/cloud/hub/internal/unified/codec.go:442.66,443.19 1 1
github.com/frisky1985/yuleDKCS/backend/cloud/hub/internal/unified/codec.go:443.19,445.3 1 1
github.com/frisky1985/yuleDKCS/backend/cloud/hub/internal/unified/codec.go:447.2,452.18 2 1
github.com/frisky1985/yuleDKCS/backend/cloud/hub/internal/unified/codec.go:453.22,457.26 3 1
github.com/frisky1985/yuleDKCS/backend/cloud/hub/internal/unified/codec.go:457.26,460.27 3 1
github.com/frisky1985/yuleDKCS/backend/cloud/hub/internal/unified/codec.go:460.27,461.10 1 0
github.com/frisky1985/yuleDKCS/backend/cloud/hub/internal/unified/codec.go:463.4,465.33 3 1
github.com/frisky1985/yuleDKCS/backend/cloud/hub/internal/unified/codec.go:465.33,466.10 1 0
github.com/frisky1985/yuleDKCS/backend/cloud/hub/internal/unified/codec.go:468.4,471.15 3 1
github.com/frisky1985/yuleDKCS/backend/cloud/hub/internal/unified/codec.go:472.16,473.37 1 1
github.com/frisky1985/yuleDKCS/backend/cloud/hub/internal/unified/codec.go:474.16,475.39 1 1
github.com/frisky1985/yuleDKCS/backend/cloud/hub/internal/unified/codec.go:478.28,481.21 2 1
github.com/frisky1985/yuleDKCS/backend/cloud/hub/internal/unified/codec.go:481.21,484.29 2 1
github.com/frisky1985/yuleDKCS/backend/cloud/hub/internal/unified/codec.go:484.29,487.28 3 1
github.com/frisky1985/yuleDKCS/backend/cloud/hub/internal/unified/codec.go:487.28,488.11 1 0
github.com/frisky1985/yuleDKCS/backend/cloud/hub/internal/unified/codec.go:490.5,492.50 3 1
github.com/frisky1985/yuleDKCS/backend/cloud/hub/internal/unified/codec.go:492.50,494.6 1 1
github.com/frisky1985/yuleDKCS/backend/cloud/hub/internal/unified/codec.go:495.5,495.21 1 1
github.com/frisky1985/yuleDKCS/backend/cloud/hub/internal/unified/codec.go:498.28,501.21 2 1
github.com/frisky1985/yuleDKCS/backend/cloud/hub/internal/unified/codec.go:501.21,503.29 2 1
github.com/frisky1985/yuleDKCS/backend/cloud/hub/internal/unified/codec.go:503.29,506.28 3 1
github.com/frisky1985/yuleDKCS/backend/cloud/hub/internal/unified/codec.go:506.28,507.11 1 0
github.com/frisky1985/yuleDKCS/backend/cloud/hub/internal/unified/codec.go:509.5,511.50 3 1
github.com/frisky1985/yuleDKCS/backend/cloud/hub/internal/unified/codec.go:511.50,513.6 1 1
github.com/frisky1985/yuleDKCS/backend/cloud/hub/internal/unified/codec.go:514.5,514.21 1 1
github.com/frisky1985/yuleDKCS/backend/cloud/hub/internal/unified/codec.go:519.2,519.17 1 1
github.com/frisky1985/yuleDKCS/backend/cloud/hub/internal/unified/codec.go:522.61,523.19 1 1
github.com/frisky1985/yuleDKCS/backend/cloud/hub/internal/unified/codec.go:523.19,525.59 1 0
github.com/frisky1985/yuleDKCS/backend/cloud/hub/internal/unified/codec.go:525.59,527.4 1 0
github.com/frisky1985/yuleDKCS/backend/cloud/hub/internal/unified/codec.go:528.3,528.28 1 0
github.com/frisky1985/yuleDKCS/backend/cloud/hub/internal/unified/codec.go:530.2,531.9 2 1
github.com/frisky1985/yuleDKCS/backend/cloud/hub/internal/unified/codec.go:532.38,533.24 1 1
github.com/frisky1985/yuleDKCS/backend/cloud/hub/internal/unified/codec.go:534.21,535.30 1 1
github.com/frisky1985/yuleDKCS/backend/cloud/hub/internal/unified/codec.go:536.21,537.30 1 1
github.com/frisky1985/yuleDKCS/backend/cloud/hub/internal/unified/codec.go:538.42,539.27 1 0
github.com/frisky1985/yuleDKCS/backend/cloud/hub/internal/unified/codec.go:540.10,541.28 1 1
github.com/frisky1985/yuleDKCS/backend/cloud/hub/internal/unified/codec.go:545.50,546.17 1 1
github.com/frisky1985/yuleDKCS/backend/cloud/hub/internal/unified/codec.go:546.17,548.3 1 1
github.com/frisky1985/yuleDKCS/backend/cloud/hub/internal/unified/codec.go:549.2,549.36 1 1
github.com/frisky1985/yuleDKCS/backend/cloud/hub/internal/unified/codec.go:549.36,551.3 1 1
github.com/frisky1985/yuleDKCS/backend/cloud/hub/internal/unified/codec.go:553.2,553.42 1 0
github.com/frisky1985/yuleDKCS/backend/cloud/hub/internal/unified/codec.go:556.58,557.19 1 1
github.com/frisky1985/yuleDKCS/backend/cloud/hub/internal/unified/codec.go:557.19,559.3 1 1
github.com/frisky1985/yuleDKCS/backend/cloud/hub/internal/unified/codec.go:560.2,560.39 1 1
github.com/frisky1985/yuleDKCS/backend/cloud/hub/internal/unified/codec.go:560.39,562.3 1 1
github.com/frisky1985/yuleDKCS/backend/cloud/hub/internal/unified/codec.go:563.2,563.27 1 1
github.com/frisky1985/yuleDKCS/backend/cloud/hub/internal/unified/codec.go:566.64,570.31 3 1
github.com/frisky1985/yuleDKCS/backend/cloud/hub/internal/unified/codec.go:570.31,572.3 1 1
github.com/frisky1985/yuleDKCS/backend/cloud/hub/internal/unified/codec.go:572.8,572.43 1 1
github.com/frisky1985/yuleDKCS/backend/cloud/hub/internal/unified/codec.go:572.43,574.20 2 1
github.com/frisky1985/yuleDKCS/backend/cloud/hub/internal/unified/codec.go:574.20,576.4 1 1
github.com/frisky1985/yuleDKCS/backend/cloud/hub/internal/unified/codec.go:576.9,576.27 1 1
github.com/frisky1985/yuleDKCS/backend/cloud/hub/internal/unified/codec.go:576.27,578.4 1 1
github.com/frisky1985/yuleDKCS/backend/cloud/hub/internal/unified/codec.go:578.9,580.4 1 0
github.com/frisky1985/yuleDKCS/backend/cloud/hub/internal/unified/codec.go:581.8,582.20 1 1
github.com/frisky1985/yuleDKCS/backend/cloud/hub/internal/unified/codec.go:582.20,584.4 1 0
github.com/frisky1985/yuleDKCS/backend/cloud/hub/internal/unified/codec.go:584.9,584.27 1 1
github.com/frisky1985/yuleDKCS/backend/cloud/hub/internal/unified/codec.go:584.27,586.4 1 0
github.com/frisky1985/yuleDKCS/backend/cloud/hub/internal/unified/codec.go:586.9,588.4 1 1
github.com/frisky1985/yuleDKCS/backend/cloud/hub/internal/unified/codec.go:590.2,590.33 1 1
github.com/frisky1985/yuleDKCS/backend/cloud/hub/internal/unified/codec.go:593.58,594.21 1 1
github.com/frisky1985/yuleDKCS/backend/cloud/hub/internal/unified/codec.go:594.21,596.3 1 1
github.com/frisky1985/yuleDKCS/backend/cloud/hub/internal/unified/codec.go:597.2,597.21 1 1
github.com/frisky1985/yuleDKCS/backend/cloud/hub/internal/unified/codec.go:597.21,599.3 1 1
github.com/frisky1985/yuleDKCS/backend/cloud/hub/internal/unified/codec.go:600.2,600.21 1 1
github.com/frisky1985/yuleDKCS/backend/cloud/hub/internal/unified/codec.go:600.21,602.3 1 0
github.com/frisky1985/yuleDKCS/backend/cloud/hub/internal/unified/codec.go:603.2,603.13 1 1
github.com/frisky1985/yuleDKCS/backend/cloud/hub/internal/unified/codec.go:606.55,607.11 1 1
github.com/frisky1985/yuleDKCS/backend/cloud/hub/internal/unified/codec.go:608.18,609.14 1 1
github.com/frisky1985/yuleDKCS/backend/cloud/hub/internal/unified/codec.go:610.20,611.14 1 1
github.com/frisky1985/yuleDKCS/backend/cloud/hub/internal/unified/codec.go:612.25,613.14 1 1
github.com/frisky1985/yuleDKCS/backend/cloud/hub/internal/unified/codec.go:614.24,615.14 1 1
github.com/frisky1985/yuleDKCS/backend/cloud/hub/internal/unified/codec.go:616.23,617.14 1 1
github.com/frisky1985/yuleDKCS/backend/cloud/hub/internal/unified/codec.go:618.21,619.14 1 1
github.com/frisky1985/yuleDKCS/backend/cloud/hub/internal/unified/codec.go:620.10,621.14 1 1
github.com/frisky1985/yuleDKCS/backend/cloud/hub/internal/unified/codec.go:625.54,626.11 1 1
github.com/frisky1985/yuleDKCS/backend/cloud/hub/internal/unified/codec.go:627.12,628.20 1 1
github.com/frisky1985/yuleDKCS/backend/cloud/hub/internal/unified/codec.go:629.12,630.22 1 1
github.com/frisky1985/yuleDKCS/backend/cloud/hub/internal/unified/codec.go:631.12,632.27 1 1
github.com/frisky1985/yuleDKCS/backend/cloud/hub/internal/unified/codec.go:633.12,634.26 1 1
github.com/frisky1985/yuleDKCS/backend/cloud/hub/internal/unified/codec.go:635.12,636.25 1 1
github.com/frisky1985/yuleDKCS/backend/cloud/hub/internal/unified/codec.go:637.12,638.23 1 1
github.com/frisky1985/yuleDKCS/backend/cloud/hub/internal/unified/codec.go:639.10,640.27 1 1
github.com/frisky1985/yuleDKCS/backend/cloud/hub/internal/unified/codec.go:647.30,649.2 1 1
github.com/frisky1985/yuleDKCS/backend/cloud/hub/internal/unified/codec.go:651.44,651.67 1 1
github.com/frisky1985/yuleDKCS/backend/cloud/hub/internal/unified/codec.go:653.64,659.18 3 1
github.com/frisky1985/yuleDKCS/backend/cloud/hub/internal/unified/codec.go:660.22,662.25 2 1
github.com/frisky1985/yuleDKCS/backend/cloud/hub/internal/unified/codec.go:662.25,665.4 2 1
github.com/frisky1985/yuleDKCS/backend/cloud/hub/internal/unified/codec.go:666.28,668.31 2 1
github.com/frisky1985/yuleDKCS/backend/cloud/hub/internal/unified/codec.go:668.31,670.4 1 1
github.com/frisky1985/yuleDKCS/backend/cloud/hub/internal/unified/codec.go:671.28,673.31 2 1
github.com/frisky1985/yuleDKCS/backend/cloud/hub/internal/unified/codec.go:673.31,675.37 2 1
github.com/frisky1985/yuleDKCS/backend/cloud/hub/internal/unified/codec.go:675.37,677.5 1 1
github.com/frisky1985/yuleDKCS/backend/cloud/hub/internal/unified/codec.go:678.4,678.25 1 1
github.com/frisky1985/yuleDKCS/backend/cloud/hub/internal/unified/codec.go:680.10,681.57 1 0
github.com/frisky1985/yuleDKCS/backend/cloud/hub/internal/unified/codec.go:684.2,684.25 1 1
github.com/frisky1985/yuleDKCS/backend/cloud/hub/internal/unified/codec.go:687.65,688.38 1 1
github.com/frisky1985/yuleDKCS/backend/cloud/hub/internal/unified/codec.go:688.38,690.3 1 1
github.com/frisky1985/yuleDKCS/backend/cloud/hub/internal/unified/codec.go:692.2,696.17 2 1
github.com/frisky1985/yuleDKCS/backend/cloud/hub/internal/unified/codec.go:697.12,699.34 2 1
github.com/frisky1985/yuleDKCS/backend/cloud/hub/internal/unified/codec.go:700.12,703.21 3 1
github.com/frisky1985/yuleDKCS/backend/cloud/hub/internal/unified/codec.go:703.21,705.4 1 1
github.com/frisky1985/yuleDKCS/backend/cloud/hub/internal/unified/codec.go:706.12,709.21 3 1
github.com/frisky1985/yuleDKCS/backend/cloud/hub/internal/unified/codec.go:709.21,711.4 1 1
github.com/frisky1985/yuleDKCS/backend/cloud/hub/internal/unified/codec.go:714.2,714.17 1 1
github.com/frisky1985/yuleDKCS/backend/cloud/hub/internal/unified/codec.go:717.52,720.2 2 1
github.com/frisky1985/yuleDKCS/backend/cloud/hub/internal/unified/codec.go:723.59,724.15 1 1
github.com/frisky1985/yuleDKCS/backend/cloud/hub/internal/unified/codec.go:725.40,726.30 1 1
github.com/frisky1985/yuleDKCS/backend/cloud/hub/internal/unified/codec.go:727.20,728.24 1 1
github.com/frisky1985/yuleDKCS/backend/cloud/hub/internal/unified/codec.go:729.20,730.23 1 1
github.com/frisky1985/yuleDKCS/backend/cloud/hub/internal/unified/codec.go:731.10,732.13 1 1
github.com/frisky1985/yuleDKCS/backend/cloud/hub/internal/unified/codec.go:738.64,739.25 1 1
github.com/frisky1985/yuleDKCS/backend/cloud/hub/internal/unified/codec.go:740.14,743.21 3 1
github.com/frisky1985/yuleDKCS/backend/cloud/hub/internal/unified/codec.go:744.14,747.15 3 1
github.com/frisky1985/yuleDKCS/backend/cloud/hub/internal/unified/codec.go:748.14,753.15 5 1
github.com/frisky1985/yuleDKCS/backend/cloud/hub/internal/unified/codec.go:754.13,759.15 5 1
github.com/frisky1985/yuleDKCS/backend/cloud/hub/internal/unified/codec.go:764.56,767.25 2 1
github.com/frisky1985/yuleDKCS/backend/cloud/hub/internal/unified/codec.go:768.41,769.27 1 0
github.com/frisky1985/yuleDKCS/backend/cloud/hub/internal/unified/codec.go:769.27,771.4 1 0
github.com/frisky1985/yuleDKCS/backend/cloud/hub/internal/unified/codec.go:774.2,775.12 2 1
github.com/frisky1985/yuleDKCS/backend/cloud/hub/internal/unified/device.go:34.54,46.2 1 1
github.com/frisky1985/yuleDKCS/backend/cloud/hub/internal/unified/device.go:49.53,55.2 1 1
github.com/frisky1985/yuleDKCS/backend/cloud/hub/internal/unified/device.go:58.47,69.2 1 1
github.com/frisky1985/yuleDKCS/backend/cloud/hub/internal/unified/device.go:72.45,83.2 1 1
github.com/frisky1985/yuleDKCS/backend/cloud/hub/internal/unified/device.go:86.61,87.27 1 1
github.com/frisky1985/yuleDKCS/backend/cloud/hub/internal/unified/device.go:87.27,89.3 1 1
github.com/frisky1985/yuleDKCS/backend/cloud/hub/internal/unified/device.go:91.2,93.50 2 1
github.com/frisky1985/yuleDKCS/backend/cloud/hub/internal/unified/device.go:93.50,95.3 1 1
github.com/frisky1985/yuleDKCS/backend/cloud/hub/internal/unified/device.go:96.2,96.50 1 1
github.com/frisky1985/yuleDKCS/backend/cloud/hub/internal/unified/device.go:96.50,98.3 1 0
github.com/frisky1985/yuleDKCS/backend/cloud/hub/internal/unified/device.go:99.2,99.50 1 1
github.com/frisky1985/yuleDKCS/backend/cloud/hub/internal/unified/device.go:99.50,101.3 1 0
github.com/frisky1985/yuleDKCS/backend/cloud/hub/internal/unified/device.go:102.2,102.48 1 1
github.com/frisky1985/yuleDKCS/backend/cloud/hub/internal/unified/device.go:102.48,104.3 1 1
github.com/frisky1985/yuleDKCS/backend/cloud/hub/internal/unified/device.go:105.2,105.52 1 1
github.com/frisky1985/yuleDKCS/backend/cloud/hub/internal/unified/device.go:105.52,107.3 1 0
github.com/frisky1985/yuleDKCS/backend/cloud/hub/internal/unified/device.go:109.2,109.35 1 1
github.com/frisky1985/yuleDKCS/backend/cloud/hub/internal/unified/device.go:114.46,115.11 1 1
github.com/frisky1985/yuleDKCS/backend/cloud/hub/internal/unified/device.go:116.28,117.17 1 1
github.com/frisky1985/yuleDKCS/backend/cloud/hub/internal/unified/device.go:118.30,119.19 1 1
github.com/frisky1985/yuleDKCS/backend/cloud/hub/internal/unified/device.go:120.29,121.18 1 1
github.com/frisky1985/yuleDKCS/backend/cloud/hub/internal/unified/device.go:122.27,123.16 1 1
github.com/frisky1985/yuleDKCS/backend/cloud/hub/internal/unified/device.go:124.27,125.16 1 1
github.com/frisky1985/yuleDKCS/backend/cloud/hub/internal/unified/device.go:126.29,127.18 1 1
github.com/frisky1985/yuleDKCS/backend/cloud/hub/internal/unified/device.go:128.10,129.19 1 1
github.com/frisky1985/yuleDKCS/backend/cloud/hub/internal/unified/device.go:133.48,134.11 1 1
github.com/frisky1985/yuleDKCS/backend/cloud/hub/internal/unified/device.go:135.15,136.30 1 1
github.com/frisky1985/yuleDKCS/backend/cloud/hub/internal/unified/device.go:137.17,138.32 1 1
github.com/frisky1985/yuleDKCS/backend/cloud/hub/internal/unified/device.go:139.16,140.31 1 1
github.com/frisky1985/yuleDKCS/backend/cloud/hub/internal/unified/device.go:141.14,142.29 1 1
github.com/frisky1985/yuleDKCS/backend/cloud/hub/internal/unified/device.go:143.14,144.29 1 1
github.com/frisky1985/yuleDKCS/backend/cloud/hub/internal/unified/device.go:145.16,146.31 1 1
github.com/frisky1985/yuleDKCS/backend/cloud/hub/internal/unified/device.go:147.10,148.43 1 1
github.com/frisky1985/yuleDKCS/backend/cloud/hub/internal/unified/device.go:161.56,162.15 1 1
github.com/frisky1985/yuleDKCS/backend/cloud/hub/internal/unified/device.go:163.20,169.4 1 1
github.com/frisky1985/yuleDKCS/backend/cloud/hub/internal/unified/device.go:170.23,176.4 1 1
github.com/frisky1985/yuleDKCS/backend/cloud/hub/internal/unified/device.go:177.23,183.4 1 1
github.com/frisky1985/yuleDKCS/backend/cloud/hub/internal/unified/device.go:184.20,190.4 1 1
github.com/frisky1985/yuleDKCS/backend/cloud/hub/internal/unified/device.go:191.10,192.13 1 1
github.com/frisky1985/yuleDKCS/backend/cloud/hub/internal/unified/device.go:197.44,199.2 1 1
github.com/frisky1985/yuleDKCS/backend/cloud/hub/internal/unified/manager.go:38.39,40.23 2 1
github.com/frisky1985/yuleDKCS/backend/cloud/hub/internal/unified/manager.go:40.23,44.3 1 0
github.com/frisky1985/yuleDKCS/backend/cloud/hub/internal/unified/manager.go:46.2,57.10 3 1
github.com/frisky1985/yuleDKCS/backend/cloud/hub/internal/unified/manager.go:61.43,67.37 5 1
github.com/frisky1985/yuleDKCS/backend/cloud/hub/internal/unified/manager.go:67.37,69.3 1 1
github.com/frisky1985/yuleDKCS/backend/cloud/hub/internal/unified/manager.go:73.73,78.2 4 1
github.com/frisky1985/yuleDKCS/backend/cloud/hub/internal/unified/manager.go:86.109,110.16 4 0
github.com/frisky1985/yuleDKCS/backend/cloud/hub/internal/unified/manager.go:110.16,112.3 1 0
github.com/frisky1985/yuleDKCS/backend/cloud/hub/internal/unified/manager.go:115.2,132.8 5 0
github.com/frisky1985/yuleDKCS/backend/cloud/hub/internal/unified/manager.go:137.119,139.9 2 0
github.com/frisky1985/yuleDKCS/backend/cloud/hub/internal/unified/manager.go:139.9,141.3 1 0
github.com/frisky1985/yuleDKCS/backend/cloud/hub/internal/unified/manager.go:143.2,143.22 1 0
github.com/frisky1985/yuleDKCS/backend/cloud/hub/internal/unified/manager.go:143.22,145.3 1 0
github.com/frisky1985/yuleDKCS/backend/cloud/hub/internal/unified/manager.go:148.2,158.15 5 0
github.com/frisky1985/yuleDKCS/backend/cloud/hub/internal/unified/manager.go:159.23,160.34 1 0
github.com/frisky1985/yuleDKCS/backend/cloud/hub/internal/unified/manager.go:161.23,162.34 1 0
github.com/frisky1985/yuleDKCS/backend/cloud/hub/internal/unified/manager.go:163.20,164.33 1 0
github.com/frisky1985/yuleDKCS/backend/cloud/hub/internal/unified/manager.go:165.20,166.32 1 0
github.com/frisky1985/yuleDKCS/backend/cloud/hub/internal/unified/manager.go:167.10,168.60 1 0
github.com/frisky1985/yuleDKCS/backend/cloud/hub/internal/unified/manager.go:172.106,175.9 2 0
github.com/frisky1985/yuleDKCS/backend/cloud/hub/internal/unified/manager.go:175.9,177.3 1 0
github.com/frisky1985/yuleDKCS/backend/cloud/hub/internal/unified/manager.go:180.2,195.16 3 0
github.com/frisky1985/yuleDKCS/backend/cloud/hub/internal/unified/manager.go:195.16,197.3 1 0
github.com/frisky1985/yuleDKCS/backend/cloud/hub/internal/unified/manager.go:199.2,217.8 2 0
github.com/frisky1985/yuleDKCS/backend/cloud/hub/internal/unified/manager.go:220.105,222.9 2 0
github.com/frisky1985/yuleDKCS/backend/cloud/hub/internal/unified/manager.go:222.9,224.3 1 0
github.com/frisky1985/yuleDKCS/backend/cloud/hub/internal/unified/manager.go:226.2,238.16 3 0
github.com/frisky1985/yuleDKCS/backend/cloud/hub/internal/unified/manager.go:238.16,240.3 1 0
github.com/frisky1985/yuleDKCS/backend/cloud/hub/internal/unified/manager.go:242.2,257.8 2 0
github.com/frisky1985/yuleDKCS/backend/cloud/hub/internal/unified/manager.go:260.104,262.9 2 0
github.com/frisky1985/yuleDKCS/backend/cloud/hub/internal/unified/manager.go:262.9,264.3 1 0
github.com/frisky1985/yuleDKCS/backend/cloud/hub/internal/unified/manager.go:266.2,276.16 3 0
github.com/frisky1985/yuleDKCS/backend/cloud/hub/internal/unified/manager.go:276.16,278.3 1 0
github.com/frisky1985/yuleDKCS/backend/cloud/hub/internal/unified/manager.go:280.2,295.8 2 0
github.com/frisky1985/yuleDKCS/backend/cloud/hub/internal/unified/manager.go:299.128,301.9 2 0
github.com/frisky1985/yuleDKCS/backend/cloud/hub/internal/unified/manager.go:301.9,303.3 1 0
github.com/frisky1985/yuleDKCS/backend/cloud/hub/internal/unified/manager.go:306.2,307.16 2 0
github.com/frisky1985/yuleDKCS/backend/cloud/hub/internal/unified/manager.go:307.16,309.3 1 0
github.com/frisky1985/yuleDKCS/backend/cloud/hub/internal/unified/manager.go:312.2,314.9 3 0
github.com/frisky1985/yuleDKCS/backend/cloud/hub/internal/unified/manager.go:314.9,316.3 1 0
github.com/frisky1985/yuleDKCS/backend/cloud/hub/internal/unified/manager.go:318.2,329.16 3 0
github.com/frisky1985/yuleDKCS/backend/cloud/hub/internal/unified/manager.go:329.16,331.3 1 0
github.com/frisky1985/yuleDKCS/backend/cloud/hub/internal/unified/manager.go:333.2,343.8 2 0
github.com/frisky1985/yuleDKCS/backend/cloud/hub/internal/unified/manager.go:348.124,350.9 2 0
github.com/frisky1985/yuleDKCS/backend/cloud/hub/internal/unified/manager.go:350.9,352.3 1 0
github.com/frisky1985/yuleDKCS/backend/cloud/hub/internal/unified/manager.go:354.2,356.9 3 0
github.com/frisky1985/yuleDKCS/backend/cloud/hub/internal/unified/manager.go:356.9,358.3 1 0
github.com/frisky1985/yuleDKCS/backend/cloud/hub/internal/unified/manager.go:360.2,361.16 2 0
github.com/frisky1985/yuleDKCS/backend/cloud/hub/internal/unified/manager.go:361.16,363.3 1 0
github.com/frisky1985/yuleDKCS/backend/cloud/hub/internal/unified/manager.go:365.2,366.15 2 0
github.com/frisky1985/yuleDKCS/backend/cloud/hub/internal/unified/manager.go:366.15,368.3 1 0
github.com/frisky1985/yuleDKCS/backend/cloud/hub/internal/unified/manager.go:370.2,378.20 3 0
github.com/frisky1985/yuleDKCS/backend/cloud/hub/internal/unified/manager.go:378.20,380.3 1 0
github.com/frisky1985/yuleDKCS/backend/cloud/hub/internal/unified/manager.go:381.2,382.17 2 0
github.com/frisky1985/yuleDKCS/backend/cloud/hub/internal/unified/manager.go:382.17,384.3 1 0
github.com/frisky1985/yuleDKCS/backend/cloud/hub/internal/unified/manager.go:385.2,390.8 1 0
github.com/frisky1985/yuleDKCS/backend/cloud/hub/internal/unified/manager.go:394.105,396.9 2 0
github.com/frisky1985/yuleDKCS/backend/cloud/hub/internal/unified/manager.go:396.9,398.3 1 0
github.com/frisky1985/yuleDKCS/backend/cloud/hub/internal/unified/manager.go:400.2,402.9 3 0
github.com/frisky1985/yuleDKCS/backend/cloud/hub/internal/unified/manager.go:402.9,404.3 1 0
github.com/frisky1985/yuleDKCS/backend/cloud/hub/internal/unified/manager.go:406.2,407.16 2 0
github.com/frisky1985/yuleDKCS/backend/cloud/hub/internal/unified/manager.go:407.16,409.3 1 0
github.com/frisky1985/yuleDKCS/backend/cloud/hub/internal/unified/manager.go:411.2,412.15 2 0
github.com/frisky1985/yuleDKCS/backend/cloud/hub/internal/unified/manager.go:412.15,414.3 1 0
github.com/frisky1985/yuleDKCS/backend/cloud/hub/internal/unified/manager.go:416.2,424.18 2 0
github.com/frisky1985/yuleDKCS/backend/cloud/hub/internal/unified/manager.go:428.65,430.2 1 1
github.com/frisky1985/yuleDKCS/backend/cloud/hub/internal/unified/manager.go:433.45,435.2 1 1
github.com/frisky1985/yuleDKCS/backend/cloud/hub/internal/unified/manager.go:438.33,440.2 1 1
github.com/frisky1985/yuleDKCS/backend/cloud/hub/internal/unified/manager.go:477.51,478.15 1 1
github.com/frisky1985/yuleDKCS/backend/cloud/hub/internal/unified/manager.go:479.20,480.22 1 1
github.com/frisky1985/yuleDKCS/backend/cloud/hub/internal/unified/manager.go:481.23,482.26 1 1
github.com/frisky1985/yuleDKCS/backend/cloud/hub/internal/unified/manager.go:483.23,484.26 1 1
github.com/frisky1985/yuleDKCS/backend/cloud/hub/internal/unified/manager.go:485.20,486.23 1 1
github.com/frisky1985/yuleDKCS/backend/cloud/hub/internal/unified/manager.go:487.10,488.26 1 1
github.com/frisky1985/yuleDKCS/backend/cloud/hub/internal/unified/manager.go:492.96,497.2 1 1
github.com/frisky1985/yuleDKCS/backend/cloud/hub/internal/unified/manager.go:500.59,504.2 2 1
github.com/frisky1985/yuleDKCS/backend/cloud/hub/internal/unified/protocol.go:40.39,41.11 1 1
github.com/frisky1985/yuleDKCS/backend/cloud/hub/internal/unified/protocol.go:42.20,43.19 1 1
github.com/frisky1985/yuleDKCS/backend/cloud/hub/internal/unified/protocol.go:44.23,45.22 1 1
github.com/frisky1985/yuleDKCS/backend/cloud/hub/internal/unified/protocol.go:46.23,47.22 1 1
github.com/frisky1985/yuleDKCS/backend/cloud/hub/internal/unified/protocol.go:48.20,49.16 1 1
github.com/frisky1985/yuleDKCS/backend/cloud/hub/internal/unified/protocol.go:50.10,51.19 1 1
github.com/frisky1985/yuleDKCS/backend/cloud/hub/internal/unified/protocol.go:56.45,57.11 1 1
github.com/frisky1985/yuleDKCS/backend/cloud/hub/internal/unified/protocol.go:58.20,59.29 1 1
github.com/frisky1985/yuleDKCS/backend/cloud/hub/internal/unified/protocol.go:60.23,61.32 1 1
github.com/frisky1985/yuleDKCS/backend/cloud/hub/internal/unified/protocol.go:62.23,63.32 1 1
github.com/frisky1985/yuleDKCS/backend/cloud/hub/internal/unified/protocol.go:64.20,65.26 1 1
github.com/frisky1985/yuleDKCS/backend/cloud/hub/internal/unified/protocol.go:66.10,67.42 1 1
github.com/frisky1985/yuleDKCS/backend/cloud/hub/internal/unified/protocol.go:72.52,73.11 1 1
github.com/frisky1985/yuleDKCS/backend/cloud/hub/internal/unified/protocol.go:74.27,75.22 1 1
github.com/frisky1985/yuleDKCS/backend/cloud/hub/internal/unified/protocol.go:76.30,77.25 1 1
github.com/frisky1985/yuleDKCS/backend/cloud/hub/internal/unified/protocol.go:78.30,79.25 1 1
github.com/frisky1985/yuleDKCS/backend/cloud/hub/internal/unified/protocol.go:80.24,81.22 1 1
github.com/frisky1985/yuleDKCS/backend/cloud/hub/internal/unified/protocol.go:82.10,83.29 1 1
github.com/frisky1985/yuleDKCS/backend/cloud/hub/internal/unified/protocol.go:108.41,111.2 1 1
github.com/frisky1985/yuleDKCS/backend/cloud/hub/internal/unified/protocol.go:123.44,158.30 2 1
github.com/frisky1985/yuleDKCS/backend/cloud/hub/internal/unified/protocol.go:158.30,160.3 1 1
github.com/frisky1985/yuleDKCS/backend/cloud/hub/internal/unified/protocol.go:161.2,161.12 1 1
github.com/frisky1985/yuleDKCS/backend/cloud/hub/internal/unified/protocol.go:183.38,189.2 1 1
github.com/frisky1985/yuleDKCS/backend/cloud/hub/internal/unified/protocol.go:286.39,291.2 1 1
github.com/frisky1985/yuleDKCS/backend/cloud/hub/internal/unified/protocol.go:294.45,296.2 1 1
github.com/frisky1985/yuleDKCS/backend/cloud/hub/internal/unified/router.go:14.67,18.2 1 1
github.com/frisky1985/yuleDKCS/backend/cloud/hub/internal/unified/router.go:32.98,33.45 1 1
github.com/frisky1985/yuleDKCS/backend/cloud/hub/internal/unified/router.go:33.45,35.3 1 1
github.com/frisky1985/yuleDKCS/backend/cloud/hub/internal/unified/router.go:37.2,39.45 2 1
github.com/frisky1985/yuleDKCS/backend/cloud/hub/internal/unified/router.go:39.45,41.18 2 1
github.com/frisky1985/yuleDKCS/backend/cloud/hub/internal/unified/router.go:41.18,42.12 1 0
github.com/frisky1985/yuleDKCS/backend/cloud/hub/internal/unified/router.go:45.3,46.36 2 1
github.com/frisky1985/yuleDKCS/backend/cloud/hub/internal/unified/router.go:50.2,50.42 1 1
github.com/frisky1985/yuleDKCS/backend/cloud/hub/internal/unified/router.go:50.42,52.3 1 1
github.com/frisky1985/yuleDKCS/backend/cloud/hub/internal/unified/router.go:54.2,54.23 1 1
github.com/frisky1985/yuleDKCS/backend/cloud/hub/internal/unified/router.go:54.23,56.3 1 1
github.com/frisky1985/yuleDKCS/backend/cloud/hub/internal/unified/router.go:58.2,59.26 2 1
github.com/frisky1985/yuleDKCS/backend/cloud/hub/internal/unified/router.go:59.26,61.3 1 1
github.com/frisky1985/yuleDKCS/backend/cloud/hub/internal/unified/router.go:63.2,63.18 1 1
github.com/frisky1985/yuleDKCS/backend/cloud/hub/internal/unified/router.go:67.128,72.30 3 1
github.com/frisky1985/yuleDKCS/backend/cloud/hub/internal/unified/router.go:72.30,76.3 1 0
github.com/frisky1985/yuleDKCS/backend/cloud/hub/internal/unified/router.go:79.2,79.46 1 1
github.com/frisky1985/yuleDKCS/backend/cloud/hub/internal/unified/router.go:79.46,82.3 2 1
github.com/frisky1985/yuleDKCS/backend/cloud/hub/internal/unified/router.go:83.2,83.46 1 1
github.com/frisky1985/yuleDKCS/backend/cloud/hub/internal/unified/router.go:83.46,86.3 2 1
github.com/frisky1985/yuleDKCS/backend/cloud/hub/internal/unified/router.go:87.2,87.46 1 1
github.com/frisky1985/yuleDKCS/backend/cloud/hub/internal/unified/router.go:87.46,90.3 2 1
github.com/frisky1985/yuleDKCS/backend/cloud/hub/internal/unified/router.go:91.2,91.44 1 1
github.com/frisky1985/yuleDKCS/backend/cloud/hub/internal/unified/router.go:91.44,94.3 2 1
github.com/frisky1985/yuleDKCS/backend/cloud/hub/internal/unified/router.go:95.2,95.48 1 1
github.com/frisky1985/yuleDKCS/backend/cloud/hub/internal/unified/router.go:95.48,98.3 2 1
github.com/frisky1985/yuleDKCS/backend/cloud/hub/internal/unified/router.go:101.2,101.47 1 1
github.com/frisky1985/yuleDKCS/backend/cloud/hub/internal/unified/router.go:101.47,104.3 2 1
github.com/frisky1985/yuleDKCS/backend/cloud/hub/internal/unified/router.go:105.2,105.47 1 1
github.com/frisky1985/yuleDKCS/backend/cloud/hub/internal/unified/router.go:105.47,108.3 2 1
github.com/frisky1985/yuleDKCS/backend/cloud/hub/internal/unified/router.go:111.2,112.15 2 1
github.com/frisky1985/yuleDKCS/backend/cloud/hub/internal/unified/router.go:113.23,116.14 2 1
github.com/frisky1985/yuleDKCS/backend/cloud/hub/internal/unified/router.go:117.20,120.13 2 1
github.com/frisky1985/yuleDKCS/backend/cloud/hub/internal/unified/router.go:121.23,123.13 2 1
github.com/frisky1985/yuleDKCS/backend/cloud/hub/internal/unified/router.go:124.20,126.13 2 1
github.com/frisky1985/yuleDKCS/backend/cloud/hub/internal/unified/router.go:129.2,129.15 1 1
github.com/frisky1985/yuleDKCS/backend/cloud/hub/internal/unified/router.go:129.15,131.3 1 1
github.com/frisky1985/yuleDKCS/backend/cloud/hub/internal/unified/router.go:133.2,139.3 1 1
github.com/frisky1985/yuleDKCS/backend/cloud/hub/internal/unified/router.go:144.79,149.33 2 1
github.com/frisky1985/yuleDKCS/backend/cloud/hub/internal/unified/router.go:149.33,151.3 1 1
github.com/frisky1985/yuleDKCS/backend/cloud/hub/internal/unified/router.go:153.2,153.30 1 1
github.com/frisky1985/yuleDKCS/backend/cloud/hub/internal/unified/router.go:153.30,155.3 1 1
github.com/frisky1985/yuleDKCS/backend/cloud/hub/internal/unified/router.go:157.2,157.33 1 1
github.com/frisky1985/yuleDKCS/backend/cloud/hub/internal/unified/router.go:157.33,159.3 1 1
github.com/frisky1985/yuleDKCS/backend/cloud/hub/internal/unified/router.go:161.2,161.30 1 1
github.com/frisky1985/yuleDKCS/backend/cloud/hub/internal/unified/router.go:161.30,163.3 1 1
github.com/frisky1985/yuleDKCS/backend/cloud/hub/internal/unified/router.go:165.2,165.14 1 1
github.com/frisky1985/yuleDKCS/backend/cloud/hub/internal/unified/router.go:168.52,169.42 1 1
github.com/frisky1985/yuleDKCS/backend/cloud/hub/internal/unified/router.go:169.42,170.14 1 1
github.com/frisky1985/yuleDKCS/backend/cloud/hub/internal/unified/router.go:170.14,172.4 1 1
github.com/frisky1985/yuleDKCS/backend/cloud/hub/internal/unified/router.go:174.2,174.14 1 1
github.com/frisky1985/yuleDKCS/backend/cloud/hub/internal/unified/router.go:178.69,181.21 2 1
github.com/frisky1985/yuleDKCS/backend/cloud/hub/internal/unified/router.go:182.16,184.25 1 1
github.com/frisky1985/yuleDKCS/backend/cloud/hub/internal/unified/router.go:185.14,187.25 1 1
github.com/frisky1985/yuleDKCS/backend/cloud/hub/internal/unified/router.go:188.14,190.25 1 1
github.com/frisky1985/yuleDKCS/backend/cloud/hub/internal/unified/router.go:191.16,193.22 1 1
github.com/frisky1985/yuleDKCS/backend/cloud/hub/internal/unified/router.go:194.17,196.22 1 1
github.com/frisky1985/yuleDKCS/backend/cloud/hub/internal/unified/router.go:197.15,199.22 1 1
github.com/frisky1985/yuleDKCS/backend/cloud/hub/internal/unified/router.go:200.10,202.25 1 1
github.com/frisky1985/yuleDKCS/backend/cloud/hub/internal/unified/state.go:23.39,28.2 1 1
github.com/frisky1985/yuleDKCS/backend/cloud/hub/internal/unified/state.go:31.41,33.2 1 1
github.com/frisky1985/yuleDKCS/backend/cloud/hub/internal/unified/state.go:52.53,63.2 2 1
github.com/frisky1985/yuleDKCS/backend/cloud/hub/internal/unified/state.go:65.48,70.2 4 1
github.com/frisky1985/yuleDKCS/backend/cloud/hub/internal/unified/state.go:72.43,76.2 3 1
github.com/frisky1985/yuleDKCS/backend/cloud/hub/internal/unified/state.go:78.59,82.2 3 1
github.com/frisky1985/yuleDKCS/backend/cloud/hub/internal/unified/state.go:84.62,89.2 4 1
github.com/frisky1985/yuleDKCS/backend/cloud/hub/internal/unified/state.go:91.27,95.2 3 1
github.com/frisky1985/yuleDKCS/backend/cloud/hub/internal/unified/state.go:98.32,101.58 3 1
github.com/frisky1985/yuleDKCS/backend/cloud/hub/internal/unified/state.go:101.58,103.3 1 1
github.com/frisky1985/yuleDKCS/backend/cloud/hub/internal/unified/state.go:104.2,104.60 1 1
github.com/frisky1985/yuleDKCS/backend/cloud/hub/internal/unified/state.go:104.60,106.3 1 1
github.com/frisky1985/yuleDKCS/backend/cloud/hub/internal/unified/state.go:107.2,107.13 1 1
github.com/frisky1985/yuleDKCS/backend/cloud/hub/internal/unified/state.go:151.32,152.35 1 1
github.com/frisky1985/yuleDKCS/backend/cloud/hub/internal/unified/state.go:152.35,154.3 1 1
github.com/frisky1985/yuleDKCS/backend/cloud/hub/internal/unified/state.go:155.2,155.36 1 1
github.com/frisky1985/yuleDKCS/backend/cloud/hub/internal/unified/state.go:159.38,188.32 3 1
github.com/frisky1985/yuleDKCS/backend/cloud/hub/internal/unified/state.go:188.32,189.36 1 1
github.com/frisky1985/yuleDKCS/backend/cloud/hub/internal/unified/state.go:189.36,191.4 1 1
github.com/frisky1985/yuleDKCS/backend/cloud/hub/internal/unified/state.go:192.3,192.41 1 1
github.com/frisky1985/yuleDKCS/backend/cloud/hub/internal/unified/state.go:195.2,195.11 1 1
github.com/frisky1985/yuleDKCS/backend/cloud/hub/internal/unified/state.go:199.87,200.51 1 1
github.com/frisky1985/yuleDKCS/backend/cloud/hub/internal/unified/state.go:200.51,201.40 1 1
github.com/frisky1985/yuleDKCS/backend/cloud/hub/internal/unified/state.go:201.40,203.4 1 1
github.com/frisky1985/yuleDKCS/backend/cloud/hub/internal/unified/state.go:205.2,205.75 1 1
github.com/frisky1985/yuleDKCS/backend/cloud/hub/internal/unified/state.go:209.79,212.2 2 1
github.com/frisky1985/yuleDKCS/backend/cloud/hub/internal/unified/state.go:222.63,228.2 1 1
github.com/frisky1985/yuleDKCS/backend/cloud/hub/internal/unified/state.go:231.76,238.2 6 1
github.com/frisky1985/yuleDKCS/backend/cloud/hub/internal/unified/state.go:241.65,246.2 4 1
github.com/frisky1985/yuleDKCS/backend/cloud/hub/internal/unified/state.go:249.74,252.46 3 1
github.com/frisky1985/yuleDKCS/backend/cloud/hub/internal/unified/state.go:252.46,254.3 1 0
github.com/frisky1985/yuleDKCS/backend/cloud/hub/internal/unified/state.go:255.2,258.10 4 1
github.com/frisky1985/yuleDKCS/backend/cloud/hub/internal/unified/state.go:262.74,267.9 4 1
github.com/frisky1985/yuleDKCS/backend/cloud/hub/internal/unified/state.go:267.9,269.3 1 1
github.com/frisky1985/yuleDKCS/backend/cloud/hub/internal/unified/state.go:271.2,272.16 2 1
github.com/frisky1985/yuleDKCS/backend/cloud/hub/internal/unified/state.go:272.16,274.3 1 0
github.com/frisky1985/yuleDKCS/backend/cloud/hub/internal/unified/state.go:276.2,278.12 3 1
github.com/frisky1985/yuleDKCS/backend/cloud/hub/internal/unified/state.go:282.57,284.2 1 1
github.com/frisky1985/yuleDKCS/backend/cloud/hub/internal/unified/state.go:287.50,293.31 5 1
github.com/frisky1985/yuleDKCS/backend/cloud/hub/internal/unified/state.go:293.31,294.58 1 1
github.com/frisky1985/yuleDKCS/backend/cloud/hub/internal/unified/state.go:294.58,296.4 1 1
github.com/frisky1985/yuleDKCS/backend/cloud/hub/internal/unified/state.go:298.2,298.15 1 1
github.com/frisky1985/yuleDKCS/backend/cloud/hub/internal/unified/state.go:302.40,308.32 5 1
github.com/frisky1985/yuleDKCS/backend/cloud/hub/internal/unified/state.go:308.32,309.62 1 1
github.com/frisky1985/yuleDKCS/backend/cloud/hub/internal/unified/state.go:309.62,312.4 2 1
github.com/frisky1985/yuleDKCS/backend/cloud/hub/internal/unified/state.go:314.2,314.16 1 1
github.com/frisky1985/yuleDKCS/backend/cloud/hub/internal/unified/state.go:318.44,322.2 3 1
github.com/frisky1985/yuleDKCS/backend/cloud/hub/internal/gateway/device_handlers.go:16.54,18.16 2 1
github.com/frisky1985/yuleDKCS/backend/cloud/hub/internal/gateway/device_handlers.go:18.16,21.3 2 1
github.com/frisky1985/yuleDKCS/backend/cloud/hub/internal/gateway/device_handlers.go:23.2,33.47 2 1
github.com/frisky1985/yuleDKCS/backend/cloud/hub/internal/gateway/device_handlers.go:33.47,36.3 2 1
github.com/frisky1985/yuleDKCS/backend/cloud/hub/internal/gateway/device_handlers.go:38.2,50.16 3 1
github.com/frisky1985/yuleDKCS/backend/cloud/hub/internal/gateway/device_handlers.go:50.16,54.3 3 1
github.com/frisky1985/yuleDKCS/backend/cloud/hub/internal/gateway/device_handlers.go:56.2,64.4 1 1
github.com/frisky1985/yuleDKCS/backend/cloud/hub/internal/gateway/device_handlers.go:68.51,70.16 2 1
github.com/frisky1985/yuleDKCS/backend/cloud/hub/internal/gateway/device_handlers.go:70.16,73.3 2 1
github.com/frisky1985/yuleDKCS/backend/cloud/hub/internal/gateway/device_handlers.go:75.2,76.16 2 1
github.com/frisky1985/yuleDKCS/backend/cloud/hub/internal/gateway/device_handlers.go:76.16,79.3 2 0
github.com/frisky1985/yuleDKCS/backend/cloud/hub/internal/gateway/device_handlers.go:81.2,82.28 2 1
github.com/frisky1985/yuleDKCS/backend/cloud/hub/internal/gateway/device_handlers.go:82.28,94.3 1 1
github.com/frisky1985/yuleDKCS/backend/cloud/hub/internal/gateway/device_handlers.go:96.2,96.49 1 1
github.com/frisky1985/yuleDKCS/backend/cloud/hub/internal/gateway/device_handlers.go:100.49,102.16 2 1
github.com/frisky1985/yuleDKCS/backend/cloud/hub/internal/gateway/device_handlers.go:102.16,105.3 2 1
github.com/frisky1985/yuleDKCS/backend/cloud/hub/internal/gateway/device_handlers.go:107.2,109.16 3 1
github.com/frisky1985/yuleDKCS/backend/cloud/hub/internal/gateway/device_handlers.go:109.16,112.3 2 1
github.com/frisky1985/yuleDKCS/backend/cloud/hub/internal/gateway/device_handlers.go:113.2,113.29 1 1
github.com/frisky1985/yuleDKCS/backend/cloud/hub/internal/gateway/device_handlers.go:113.29,116.3 2 1
github.com/frisky1985/yuleDKCS/backend/cloud/hub/internal/gateway/device_handlers.go:118.2,130.4 1 1
github.com/frisky1985/yuleDKCS/backend/cloud/hub/internal/gateway/device_handlers.go:135.55,137.16 2 1
github.com/frisky1985/yuleDKCS/backend/cloud/hub/internal/gateway/device_handlers.go:137.16,140.3 2 1
github.com/frisky1985/yuleDKCS/backend/cloud/hub/internal/gateway/device_handlers.go:142.2,147.47 3 1
github.com/frisky1985/yuleDKCS/backend/cloud/hub/internal/gateway/device_handlers.go:147.47,150.3 2 1
github.com/frisky1985/yuleDKCS/backend/cloud/hub/internal/gateway/device_handlers.go:153.2,154.16 2 1
github.com/frisky1985/yuleDKCS/backend/cloud/hub/internal/gateway/device_handlers.go:154.16,157.3 2 1
github.com/frisky1985/yuleDKCS/backend/cloud/hub/internal/gateway/device_handlers.go:158.2,158.29 1 1
github.com/frisky1985/yuleDKCS/backend/cloud/hub/internal/gateway/device_handlers.go:158.29,161.3 2 1
github.com/frisky1985/yuleDKCS/backend/cloud/hub/internal/gateway/device_handlers.go:164.2,165.29 2 1
github.com/frisky1985/yuleDKCS/backend/cloud/hub/internal/gateway/device_handlers.go:165.29,165.69 1 1
github.com/frisky1985/yuleDKCS/backend/cloud/hub/internal/gateway/device_handlers.go:166.2,166.29 1 1
github.com/frisky1985/yuleDKCS/backend/cloud/hub/internal/gateway/device_handlers.go:166.29,166.69 1 1
github.com/frisky1985/yuleDKCS/backend/cloud/hub/internal/gateway/device_handlers.go:167.2,167.29 1 1
github.com/frisky1985/yuleDKCS/backend/cloud/hub/internal/gateway/device_handlers.go:167.29,167.69 1 1
github.com/frisky1985/yuleDKCS/backend/cloud/hub/internal/gateway/device_handlers.go:170.2,171.16 2 1
github.com/frisky1985/yuleDKCS/backend/cloud/hub/internal/gateway/device_handlers.go:171.16,175.3 3 0
github.com/frisky1985/yuleDKCS/backend/cloud/hub/internal/gateway/device_handlers.go:177.2,184.4 1 1
github.com/frisky1985/yuleDKCS/backend/cloud/hub/internal/gateway/device_handlers.go:188.52,190.16 2 1
github.com/frisky1985/yuleDKCS/backend/cloud/hub/internal/gateway/device_handlers.go:190.16,193.3 2 1
github.com/frisky1985/yuleDKCS/backend/cloud/hub/internal/gateway/device_handlers.go:195.2,197.16 3 1
github.com/frisky1985/yuleDKCS/backend/cloud/hub/internal/gateway/device_handlers.go:197.16,201.3 3 0
github.com/frisky1985/yuleDKCS/backend/cloud/hub/internal/gateway/device_handlers.go:203.2,207.4 1 1
github.com/frisky1985/yuleDKCS/backend/cloud/hub/internal/gateway/device_handlers.go:211.52,213.16 2 1
github.com/frisky1985/yuleDKCS/backend/cloud/hub/internal/gateway/device_handlers.go:213.16,216.3 2 1
github.com/frisky1985/yuleDKCS/backend/cloud/hub/internal/gateway/device_handlers.go:218.2,219.92 2 1
github.com/frisky1985/yuleDKCS/backend/cloud/hub/internal/gateway/device_handlers.go:219.92,223.3 3 1
github.com/frisky1985/yuleDKCS/backend/cloud/hub/internal/gateway/device_handlers.go:225.2,225.74 1 1
github.com/frisky1985/yuleDKCS/backend/cloud/hub/internal/gateway/device_handlers.go:229.75,231.13 2 1
github.com/frisky1985/yuleDKCS/backend/cloud/hub/internal/gateway/device_handlers.go:231.13,233.3 1 1
github.com/frisky1985/yuleDKCS/backend/cloud/hub/internal/gateway/device_handlers.go:234.2,235.9 2 1
github.com/frisky1985/yuleDKCS/backend/cloud/hub/internal/gateway/device_handlers.go:235.9,237.3 1 1
github.com/frisky1985/yuleDKCS/backend/cloud/hub/internal/gateway/device_handlers.go:238.2,240.32 3 1
github.com/frisky1985/yuleDKCS/backend/cloud/hub/internal/gateway/rest_gateway.go:61.59,70.2 3 1
github.com/frisky1985/yuleDKCS/backend/cloud/hub/internal/gateway/rest_gateway.go:74.63,81.13 5 1
github.com/frisky1985/yuleDKCS/backend/cloud/hub/internal/gateway/rest_gateway.go:81.13,88.3 2 1
github.com/frisky1985/yuleDKCS/backend/cloud/hub/internal/gateway/rest_gateway.go:91.2,93.39 3 1
github.com/frisky1985/yuleDKCS/backend/cloud/hub/internal/gateway/rest_gateway.go:93.39,95.3 1 1
github.com/frisky1985/yuleDKCS/backend/cloud/hub/internal/gateway/rest_gateway.go:96.2,99.26 2 1
github.com/frisky1985/yuleDKCS/backend/cloud/hub/internal/gateway/rest_gateway.go:99.26,102.3 2 1
github.com/frisky1985/yuleDKCS/backend/cloud/hub/internal/gateway/rest_gateway.go:105.2,107.26 3 1
github.com/frisky1985/yuleDKCS/backend/cloud/hub/internal/gateway/rest_gateway.go:111.60,114.21 3 1
github.com/frisky1985/yuleDKCS/backend/cloud/hub/internal/gateway/rest_gateway.go:114.21,117.39 3 0
github.com/frisky1985/yuleDKCS/backend/cloud/hub/internal/gateway/rest_gateway.go:117.39,118.40 1 0
github.com/frisky1985/yuleDKCS/backend/cloud/hub/internal/gateway/rest_gateway.go:118.40,120.5 1 0
github.com/frisky1985/yuleDKCS/backend/cloud/hub/internal/gateway/rest_gateway.go:122.3,122.17 1 0
github.com/frisky1985/yuleDKCS/backend/cloud/hub/internal/gateway/rest_gateway.go:142.76,150.2 1 1
github.com/frisky1985/yuleDKCS/backend/cloud/hub/internal/gateway/rest_gateway.go:153.65,156.2 2 1
github.com/frisky1985/yuleDKCS/backend/cloud/hub/internal/gateway/rest_gateway.go:159.72,162.2 2 1
github.com/frisky1985/yuleDKCS/backend/cloud/hub/internal/gateway/rest_gateway.go:166.77,167.24 1 1
github.com/frisky1985/yuleDKCS/backend/cloud/hub/internal/gateway/rest_gateway.go:167.24,169.20 2 1
github.com/frisky1985/yuleDKCS/backend/cloud/hub/internal/gateway/rest_gateway.go:169.20,171.4 1 1
github.com/frisky1985/yuleDKCS/backend/cloud/hub/internal/gateway/rest_gateway.go:172.3,176.4 2 1
github.com/frisky1985/yuleDKCS/backend/cloud/hub/internal/gateway/rest_gateway.go:177.8,179.3 1 1
github.com/frisky1985/yuleDKCS/backend/cloud/hub/internal/gateway/rest_gateway.go:180.2,180.10 1 1
github.com/frisky1985/yuleDKCS/backend/cloud/hub/internal/gateway/rest_gateway.go:183.48,185.23 1 0
github.com/frisky1985/yuleDKCS/backend/cloud/hub/internal/gateway/rest_gateway.go:185.23,187.3 1 0
github.com/frisky1985/yuleDKCS/backend/cloud/hub/internal/gateway/rest_gateway.go:189.2,190.33 2 0
github.com/frisky1985/yuleDKCS/backend/cloud/hub/internal/gateway/rest_gateway.go:190.33,191.24 1 0
github.com/frisky1985/yuleDKCS/backend/cloud/hub/internal/gateway/rest_gateway.go:191.24,193.4 1 0
github.com/frisky1985/yuleDKCS/backend/cloud/hub/internal/gateway/rest_gateway.go:196.2,201.26 4 0
github.com/frisky1985/yuleDKCS/backend/cloud/hub/internal/gateway/rest_gateway.go:201.26,203.3 1 0
github.com/frisky1985/yuleDKCS/backend/cloud/hub/internal/gateway/rest_gateway.go:206.2,206.40 1 0
github.com/frisky1985/yuleDKCS/backend/cloud/hub/internal/gateway/rest_gateway.go:206.40,208.3 1 0
github.com/frisky1985/yuleDKCS/backend/cloud/hub/internal/gateway/rest_gateway.go:210.2,215.2 4 0
github.com/frisky1985/yuleDKCS/backend/cloud/hub/internal/gateway/rest_gateway.go:215.2,218.3 2 0
github.com/frisky1985/yuleDKCS/backend/cloud/hub/internal/gateway/rest_gateway.go:218.3,227.4 8 0
github.com/frisky1985/yuleDKCS/backend/cloud/hub/internal/gateway/rest_gateway.go:230.3,231.3 2 0
github.com/frisky1985/yuleDKCS/backend/cloud/hub/internal/gateway/rest_gateway.go:231.3,236.4 4 0
github.com/frisky1985/yuleDKCS/backend/cloud/hub/internal/gateway/rest_gateway.go:239.3,240.3 2 0
github.com/frisky1985/yuleDKCS/backend/cloud/hub/internal/gateway/rest_gateway.go:240.3,243.4 2 0
github.com/frisky1985/yuleDKCS/backend/cloud/hub/internal/gateway/rest_gateway.go:246.3,247.3 2 0
github.com/frisky1985/yuleDKCS/backend/cloud/hub/internal/gateway/rest_gateway.go:247.3,250.4 2 0
github.com/frisky1985/yuleDKCS/backend/cloud/hub/internal/gateway/rest_gateway.go:254.3,255.3 2 0
github.com/frisky1985/yuleDKCS/backend/cloud/hub/internal/gateway/rest_gateway.go:255.3,259.4 3 0
github.com/frisky1985/yuleDKCS/backend/cloud/hub/internal/gateway/rest_gateway.go:262.3,263.3 2 0
github.com/frisky1985/yuleDKCS/backend/cloud/hub/internal/gateway/rest_gateway.go:263.3,270.4 6 0
github.com/frisky1985/yuleDKCS/backend/cloud/hub/internal/gateway/rest_gateway.go:273.2,280.35 2 0
github.com/frisky1985/yuleDKCS/backend/cloud/hub/internal/gateway/rest_gateway.go:283.59,284.22 1 1
github.com/frisky1985/yuleDKCS/backend/cloud/hub/internal/gateway/rest_gateway.go:284.22,286.3 1 1
github.com/frisky1985/yuleDKCS/backend/cloud/hub/internal/gateway/rest_gateway.go:287.2,287.12 1 1
github.com/frisky1985/yuleDKCS/backend/cloud/hub/internal/gateway/rest_gateway.go:292.58,293.30 1 1
github.com/frisky1985/yuleDKCS/backend/cloud/hub/internal/gateway/rest_gateway.go:293.30,303.3 3 1
github.com/frisky1985/yuleDKCS/backend/cloud/hub/internal/gateway/rest_gateway.go:308.61,309.30 1 1
github.com/frisky1985/yuleDKCS/backend/cloud/hub/internal/gateway/rest_gateway.go:309.30,312.15 3 1
github.com/frisky1985/yuleDKCS/backend/cloud/hub/internal/gateway/rest_gateway.go:312.15,327.4 5 1
github.com/frisky1985/yuleDKCS/backend/cloud/hub/internal/gateway/rest_gateway.go:328.3,328.11 1 1
github.com/frisky1985/yuleDKCS/backend/cloud/hub/internal/gateway/rest_gateway.go:333.56,334.30 1 1
github.com/frisky1985/yuleDKCS/backend/cloud/hub/internal/gateway/rest_gateway.go:334.30,336.23 2 1
github.com/frisky1985/yuleDKCS/backend/cloud/hub/internal/gateway/rest_gateway.go:336.23,340.4 2 1
github.com/frisky1985/yuleDKCS/backend/cloud/hub/internal/gateway/rest_gateway.go:342.3,343.41 2 1
github.com/frisky1985/yuleDKCS/backend/cloud/hub/internal/gateway/rest_gateway.go:343.41,347.4 2 1
github.com/frisky1985/yuleDKCS/backend/cloud/hub/internal/gateway/rest_gateway.go:349.3,350.17 2 1
github.com/frisky1985/yuleDKCS/backend/cloud/hub/internal/gateway/rest_gateway.go:350.17,355.4 3 1
github.com/frisky1985/yuleDKCS/backend/cloud/hub/internal/gateway/rest_gateway.go:358.3,368.11 5 1
github.com/frisky1985/yuleDKCS/backend/cloud/hub/internal/gateway/rest_gateway.go:374.81,375.23 1 1
github.com/frisky1985/yuleDKCS/backend/cloud/hub/internal/gateway/rest_gateway.go:375.23,377.3 1 1
github.com/frisky1985/yuleDKCS/backend/cloud/hub/internal/gateway/rest_gateway.go:379.2,379.83 1 1
github.com/frisky1985/yuleDKCS/backend/cloud/hub/internal/gateway/rest_gateway.go:379.83,380.58 1 1
github.com/frisky1985/yuleDKCS/backend/cloud/hub/internal/gateway/rest_gateway.go:380.58,382.4 1 1
github.com/frisky1985/yuleDKCS/backend/cloud/hub/internal/gateway/rest_gateway.go:383.3,383.34 1 1
github.com/frisky1985/yuleDKCS/backend/cloud/hub/internal/gateway/rest_gateway.go:385.2,385.16 1 1
github.com/frisky1985/yuleDKCS/backend/cloud/hub/internal/gateway/rest_gateway.go:385.16,387.3 1 1
github.com/frisky1985/yuleDKCS/backend/cloud/hub/internal/gateway/rest_gateway.go:389.2,390.25 2 1
github.com/frisky1985/yuleDKCS/backend/cloud/hub/internal/gateway/rest_gateway.go:390.25,392.3 1 0
github.com/frisky1985/yuleDKCS/backend/cloud/hub/internal/gateway/rest_gateway.go:395.2,396.43 2 1
github.com/frisky1985/yuleDKCS/backend/cloud/hub/internal/gateway/rest_gateway.go:396.43,398.3 1 0
github.com/frisky1985/yuleDKCS/backend/cloud/hub/internal/gateway/rest_gateway.go:400.2,403.18 3 1
github.com/frisky1985/yuleDKCS/backend/cloud/hub/internal/gateway/rest_gateway.go:403.18,405.3 1 1
github.com/frisky1985/yuleDKCS/backend/cloud/hub/internal/gateway/rest_gateway.go:406.2,406.16 1 1
github.com/frisky1985/yuleDKCS/backend/cloud/hub/internal/gateway/rest_gateway.go:406.16,408.3 1 1
github.com/frisky1985/yuleDKCS/backend/cloud/hub/internal/gateway/rest_gateway.go:410.2,410.26 1 1
github.com/frisky1985/yuleDKCS/backend/cloud/hub/internal/gateway/rest_gateway.go:415.45,420.47 2 1
github.com/frisky1985/yuleDKCS/backend/cloud/hub/internal/gateway/rest_gateway.go:420.47,424.3 2 1
github.com/frisky1985/yuleDKCS/backend/cloud/hub/internal/gateway/rest_gateway.go:426.2,426.44 1 1
github.com/frisky1985/yuleDKCS/backend/cloud/hub/internal/gateway/rest_gateway.go:426.44,430.3 2 1
github.com/frisky1985/yuleDKCS/backend/cloud/hub/internal/gateway/rest_gateway.go:434.2,435.21 2 1
github.com/frisky1985/yuleDKCS/backend/cloud/hub/internal/gateway/rest_gateway.go:435.21,437.3 1 0
github.com/frisky1985/yuleDKCS/backend/cloud/hub/internal/gateway/rest_gateway.go:438.2,439.21 2 1
github.com/frisky1985/yuleDKCS/backend/cloud/hub/internal/gateway/rest_gateway.go:439.21,441.3 1 0
github.com/frisky1985/yuleDKCS/backend/cloud/hub/internal/gateway/rest_gateway.go:443.2,443.58 1 1
github.com/frisky1985/yuleDKCS/backend/cloud/hub/internal/gateway/rest_gateway.go:443.58,448.3 3 1
github.com/frisky1985/yuleDKCS/backend/cloud/hub/internal/gateway/rest_gateway.go:451.2,461.16 5 1
github.com/frisky1985/yuleDKCS/backend/cloud/hub/internal/gateway/rest_gateway.go:461.16,466.3 3 0
github.com/frisky1985/yuleDKCS/backend/cloud/hub/internal/gateway/rest_gateway.go:468.2,473.4 2 1
github.com/frisky1985/yuleDKCS/backend/cloud/hub/internal/gateway/rest_gateway.go:478.75,480.2 1 1
github.com/frisky1985/yuleDKCS/backend/cloud/hub/internal/gateway/rest_gateway.go:482.65,484.2 1 1
github.com/frisky1985/yuleDKCS/backend/cloud/hub/internal/gateway/rest_gateway.go:486.77,488.2 1 1
github.com/frisky1985/yuleDKCS/backend/cloud/hub/internal/gateway/rest_gateway.go:490.73,492.2 1 1
github.com/frisky1985/yuleDKCS/backend/cloud/hub/internal/gateway/rest_gateway.go:498.81,499.17 1 1
github.com/frisky1985/yuleDKCS/backend/cloud/hub/internal/gateway/rest_gateway.go:499.17,508.3 3 1
github.com/frisky1985/yuleDKCS/backend/cloud/hub/internal/gateway/rest_gateway.go:509.2,509.13 1 1
github.com/frisky1985/yuleDKCS/backend/cloud/hub/internal/gateway/rest_gateway.go:514.66,519.19 4 1
github.com/frisky1985/yuleDKCS/backend/cloud/hub/internal/gateway/rest_gateway.go:520.22,522.31 2 1
github.com/frisky1985/yuleDKCS/backend/cloud/hub/internal/gateway/rest_gateway.go:523.30,525.39 2 1
github.com/frisky1985/yuleDKCS/backend/cloud/hub/internal/gateway/rest_gateway.go:526.29,528.37 2 1
github.com/frisky1985/yuleDKCS/backend/cloud/hub/internal/gateway/rest_gateway.go:529.22,531.30 2 1
github.com/frisky1985/yuleDKCS/backend/cloud/hub/internal/gateway/rest_gateway.go:532.29,534.38 2 1
github.com/frisky1985/yuleDKCS/backend/cloud/hub/internal/gateway/rest_gateway.go:535.25,537.33 2 1
github.com/frisky1985/yuleDKCS/backend/cloud/hub/internal/gateway/rest_gateway.go:538.30,540.39 2 1
github.com/frisky1985/yuleDKCS/backend/cloud/hub/internal/gateway/rest_gateway.go:541.31,543.40 2 1
github.com/frisky1985/yuleDKCS/backend/cloud/hub/internal/gateway/rest_gateway.go:544.10,546.29 2 1
github.com/frisky1985/yuleDKCS/backend/cloud/hub/internal/gateway/rest_gateway.go:549.2,560.4 2 1
github.com/frisky1985/yuleDKCS/backend/cloud/hub/internal/gateway/rest_gateway.go:564.70,566.16 2 1
github.com/frisky1985/yuleDKCS/backend/cloud/hub/internal/gateway/rest_gateway.go:566.16,571.3 3 0
github.com/frisky1985/yuleDKCS/backend/cloud/hub/internal/gateway/rest_gateway.go:572.2,572.48 1 1
github.com/frisky1985/yuleDKCS/backend/cloud/hub/internal/gateway/rest_gateway.go:576.74,578.16 2 1
github.com/frisky1985/yuleDKCS/backend/cloud/hub/internal/gateway/rest_gateway.go:578.16,580.3 1 1
github.com/frisky1985/yuleDKCS/backend/cloud/hub/internal/gateway/rest_gateway.go:581.2,581.55 1 1
github.com/frisky1985/yuleDKCS/backend/cloud/hub/internal/gateway/rest_gateway.go:581.55,583.3 1 1
github.com/frisky1985/yuleDKCS/backend/cloud/hub/internal/gateway/rest_gateway.go:584.2,584.12 1 1
github.com/frisky1985/yuleDKCS/backend/cloud/hub/internal/gateway/rest_gateway.go:590.47,591.37 1 1
github.com/frisky1985/yuleDKCS/backend/cloud/hub/internal/gateway/rest_gateway.go:591.37,593.3 1 1
github.com/frisky1985/yuleDKCS/backend/cloud/hub/internal/gateway/rest_gateway.go:595.2,599.45 4 1
github.com/frisky1985/yuleDKCS/backend/cloud/hub/internal/gateway/rest_gateway.go:599.45,603.3 2 0
github.com/frisky1985/yuleDKCS/backend/cloud/hub/internal/gateway/rest_gateway.go:605.2,605.22 1 1
github.com/frisky1985/yuleDKCS/backend/cloud/hub/internal/gateway/rest_gateway.go:605.22,607.3 1 0
github.com/frisky1985/yuleDKCS/backend/cloud/hub/internal/gateway/rest_gateway.go:609.2,611.16 3 1
github.com/frisky1985/yuleDKCS/backend/cloud/hub/internal/gateway/rest_gateway.go:611.16,614.3 2 0
github.com/frisky1985/yuleDKCS/backend/cloud/hub/internal/gateway/rest_gateway.go:616.2,621.23 2 1
github.com/frisky1985/yuleDKCS/backend/cloud/hub/internal/gateway/rest_gateway.go:625.49,626.37 1 1
github.com/frisky1985/yuleDKCS/backend/cloud/hub/internal/gateway/rest_gateway.go:626.37,628.3 1 1
github.com/frisky1985/yuleDKCS/backend/cloud/hub/internal/gateway/rest_gateway.go:630.2,639.16 5 1
github.com/frisky1985/yuleDKCS/backend/cloud/hub/internal/gateway/rest_gateway.go:639.16,642.3 2 0
github.com/frisky1985/yuleDKCS/backend/cloud/hub/internal/gateway/rest_gateway.go:644.2,645.23 2 1
github.com/frisky1985/yuleDKCS/backend/cloud/hub/internal/gateway/rest_gateway.go:649.50,650.37 1 1
github.com/frisky1985/yuleDKCS/backend/cloud/hub/internal/gateway/rest_gateway.go:650.37,652.3 1 1
github.com/frisky1985/yuleDKCS/backend/cloud/hub/internal/gateway/rest_gateway.go:654.2,671.16 8 1
github.com/frisky1985/yuleDKCS/backend/cloud/hub/internal/gateway/rest_gateway.go:671.16,674.3 2 0
github.com/frisky1985/yuleDKCS/backend/cloud/hub/internal/gateway/rest_gateway.go:676.2,680.23 2 1
github.com/frisky1985/yuleDKCS/backend/cloud/hub/internal/gateway/rest_gateway.go:684.49,685.37 1 1
github.com/frisky1985/yuleDKCS/backend/cloud/hub/internal/gateway/rest_gateway.go:685.37,687.3 1 1
github.com/frisky1985/yuleDKCS/backend/cloud/hub/internal/gateway/rest_gateway.go:689.2,698.16 5 1
github.com/frisky1985/yuleDKCS/backend/cloud/hub/internal/gateway/rest_gateway.go:698.16,701.3 2 0
github.com/frisky1985/yuleDKCS/backend/cloud/hub/internal/gateway/rest_gateway.go:703.2,704.23 2 1
github.com/frisky1985/yuleDKCS/backend/cloud/hub/internal/gateway/rest_gateway.go:708.49,709.37 1 1
github.com/frisky1985/yuleDKCS/backend/cloud/hub/internal/gateway/rest_gateway.go:709.37,711.3 1 1
github.com/frisky1985/yuleDKCS/backend/cloud/hub/internal/gateway/rest_gateway.go:713.2,730.16 9 1
github.com/frisky1985/yuleDKCS/backend/cloud/hub/internal/gateway/rest_gateway.go:730.16,733.3 2 0
github.com/frisky1985/yuleDKCS/backend/cloud/hub/internal/gateway/rest_gateway.go:735.2,739.23 2 1
github.com/frisky1985/yuleDKCS/backend/cloud/hub/internal/gateway/rest_gateway.go:743.48,744.37 1 1
github.com/frisky1985/yuleDKCS/backend/cloud/hub/internal/gateway/rest_gateway.go:744.37,746.3 1 1
github.com/frisky1985/yuleDKCS/backend/cloud/hub/internal/gateway/rest_gateway.go:748.2,753.48 3 1
github.com/frisky1985/yuleDKCS/backend/cloud/hub/internal/gateway/rest_gateway.go:753.48,757.3 2 0
github.com/frisky1985/yuleDKCS/backend/cloud/hub/internal/gateway/rest_gateway.go:759.2,767.16 4 1
github.com/frisky1985/yuleDKCS/backend/cloud/hub/internal/gateway/rest_gateway.go:767.16,770.3 2 0
github.com/frisky1985/yuleDKCS/backend/cloud/hub/internal/gateway/rest_gateway.go:772.2,776.23 2 1
github.com/frisky1985/yuleDKCS/backend/cloud/hub/internal/gateway/rest_gateway.go:780.46,781.37 1 1
github.com/frisky1985/yuleDKCS/backend/cloud/hub/internal/gateway/rest_gateway.go:781.37,783.3 1 1
github.com/frisky1985/yuleDKCS/backend/cloud/hub/internal/gateway/rest_gateway.go:785.2,793.16 5 1
github.com/frisky1985/yuleDKCS/backend/cloud/hub/internal/gateway/rest_gateway.go:793.16,796.3 2 0
github.com/frisky1985/yuleDKCS/backend/cloud/hub/internal/gateway/rest_gateway.go:798.2,799.23 2 1
github.com/frisky1985/yuleDKCS/backend/cloud/hub/internal/gateway/rest_gateway.go:803.48,804.37 1 1
github.com/frisky1985/yuleDKCS/backend/cloud/hub/internal/gateway/rest_gateway.go:804.37,806.3 1 1
github.com/frisky1985/yuleDKCS/backend/cloud/hub/internal/gateway/rest_gateway.go:808.2,810.42 2 1
github.com/frisky1985/yuleDKCS/backend/cloud/hub/internal/gateway/rest_gateway.go:810.42,812.3 1 1
github.com/frisky1985/yuleDKCS/backend/cloud/hub/internal/gateway/rest_gateway.go:813.2,813.45 1 1
github.com/frisky1985/yuleDKCS/backend/cloud/hub/internal/gateway/rest_gateway.go:813.45,815.3 1 1
github.com/frisky1985/yuleDKCS/backend/cloud/hub/internal/gateway/rest_gateway.go:816.2,816.50 1 1
github.com/frisky1985/yuleDKCS/backend/cloud/hub/internal/gateway/rest_gateway.go:816.50,817.68 1 1
github.com/frisky1985/yuleDKCS/backend/cloud/hub/internal/gateway/rest_gateway.go:817.68,819.4 1 1
github.com/frisky1985/yuleDKCS/backend/cloud/hub/internal/gateway/rest_gateway.go:821.2,821.53 1 1
github.com/frisky1985/yuleDKCS/backend/cloud/hub/internal/gateway/rest_gateway.go:821.53,823.3 1 1
github.com/frisky1985/yuleDKCS/backend/cloud/hub/internal/gateway/rest_gateway.go:825.2,827.16 3 1
github.com/frisky1985/yuleDKCS/backend/cloud/hub/internal/gateway/rest_gateway.go:827.16,830.3 2 0
github.com/frisky1985/yuleDKCS/backend/cloud/hub/internal/gateway/rest_gateway.go:832.2,836.23 2 1
github.com/frisky1985/yuleDKCS/backend/cloud/hub/internal/gateway/rest_gateway.go:842.51,843.37 1 1
github.com/frisky1985/yuleDKCS/backend/cloud/hub/internal/gateway/rest_gateway.go:843.37,845.3 1 1
github.com/frisky1985/yuleDKCS/backend/cloud/hub/internal/gateway/rest_gateway.go:847.2,851.45 4 1
github.com/frisky1985/yuleDKCS/backend/cloud/hub/internal/gateway/rest_gateway.go:851.45,855.3 2 0
github.com/frisky1985/yuleDKCS/backend/cloud/hub/internal/gateway/rest_gateway.go:856.2,856.26 1 1
github.com/frisky1985/yuleDKCS/backend/cloud/hub/internal/gateway/rest_gateway.go:856.26,858.3 1 1
github.com/frisky1985/yuleDKCS/backend/cloud/hub/internal/gateway/rest_gateway.go:860.2,862.16 3 1
github.com/frisky1985/yuleDKCS/backend/cloud/hub/internal/gateway/rest_gateway.go:862.16,865.3 2 0
github.com/frisky1985/yuleDKCS/backend/cloud/hub/internal/gateway/rest_gateway.go:867.2,871.23 2 1
github.com/frisky1985/yuleDKCS/backend/cloud/hub/internal/gateway/rest_gateway.go:875.51,876.37 1 1
github.com/frisky1985/yuleDKCS/backend/cloud/hub/internal/gateway/rest_gateway.go:876.37,878.3 1 1
github.com/frisky1985/yuleDKCS/backend/cloud/hub/internal/gateway/rest_gateway.go:880.2,884.45 4 1
github.com/frisky1985/yuleDKCS/backend/cloud/hub/internal/gateway/rest_gateway.go:884.45,888.3 2 0
github.com/frisky1985/yuleDKCS/backend/cloud/hub/internal/gateway/rest_gateway.go:889.2,889.22 1 1
github.com/frisky1985/yuleDKCS/backend/cloud/hub/internal/gateway/rest_gateway.go:889.22,891.3 1 1
github.com/frisky1985/yuleDKCS/backend/cloud/hub/internal/gateway/rest_gateway.go:893.2,895.16 3 1
github.com/frisky1985/yuleDKCS/backend/cloud/hub/internal/gateway/rest_gateway.go:895.16,898.3 2 0
github.com/frisky1985/yuleDKCS/backend/cloud/hub/internal/gateway/rest_gateway.go:900.2,901.23 2 1
github.com/frisky1985/yuleDKCS/backend/cloud/hub/internal/gateway/rest_gateway.go:905.51,906.37 1 1
github.com/frisky1985/yuleDKCS/backend/cloud/hub/internal/gateway/rest_gateway.go:906.37,908.3 1 1
github.com/frisky1985/yuleDKCS/backend/cloud/hub/internal/gateway/rest_gateway.go:910.2,919.16 5 1
github.com/frisky1985/yuleDKCS/backend/cloud/hub/internal/gateway/rest_gateway.go:919.16,922.3 2 0
github.com/frisky1985/yuleDKCS/backend/cloud/hub/internal/gateway/rest_gateway.go:924.2,925.23 2 1
github.com/frisky1985/yuleDKCS/backend/cloud/hub/internal/gateway/rest_gateway.go:929.48,930.37 1 1
github.com/frisky1985/yuleDKCS/backend/cloud/hub/internal/gateway/rest_gateway.go:930.37,932.3 1 1
github.com/frisky1985/yuleDKCS/backend/cloud/hub/internal/gateway/rest_gateway.go:934.2,942.16 5 1
github.com/frisky1985/yuleDKCS/backend/cloud/hub/internal/gateway/rest_gateway.go:942.16,945.3 2 0
github.com/frisky1985/yuleDKCS/backend/cloud/hub/internal/gateway/rest_gateway.go:947.2,948.23 2 1
github.com/frisky1985/yuleDKCS/backend/cloud/hub/internal/gateway/rest_gateway.go:954.51,955.37 1 1
github.com/frisky1985/yuleDKCS/backend/cloud/hub/internal/gateway/rest_gateway.go:955.37,957.3 1 1
github.com/frisky1985/yuleDKCS/backend/cloud/hub/internal/gateway/rest_gateway.go:959.2,970.48 5 1
github.com/frisky1985/yuleDKCS/backend/cloud/hub/internal/gateway/rest_gateway.go:970.48,974.3 2 0
github.com/frisky1985/yuleDKCS/backend/cloud/hub/internal/gateway/rest_gateway.go:976.2,988.16 4 1
github.com/frisky1985/yuleDKCS/backend/cloud/hub/internal/gateway/rest_gateway.go:988.16,991.3 2 0
github.com/frisky1985/yuleDKCS/backend/cloud/hub/internal/gateway/rest_gateway.go:993.2,998.23 2 1
github.com/frisky1985/yuleDKCS/backend/cloud/hub/internal/gateway/rest_gateway.go:1002.52,1003.37 1 0
github.com/frisky1985/yuleDKCS/backend/cloud/hub/internal/gateway/rest_gateway.go:1003.37,1005.3 1 0
github.com/frisky1985/yuleDKCS/backend/cloud/hub/internal/gateway/rest_gateway.go:1007.2,1015.16 5 0
github.com/frisky1985/yuleDKCS/backend/cloud/hub/internal/gateway/rest_gateway.go:1015.16,1018.3 2 0
github.com/frisky1985/yuleDKCS/backend/cloud/hub/internal/gateway/rest_gateway.go:1021.2,1029.34 5 0
github.com/frisky1985/yuleDKCS/backend/cloud/hub/internal/gateway/rest_gateway.go:1029.34,1031.17 2 0
github.com/frisky1985/yuleDKCS/backend/cloud/hub/internal/gateway/rest_gateway.go:1031.17,1032.59 1 0
github.com/frisky1985/yuleDKCS/backend/cloud/hub/internal/gateway/rest_gateway.go:1032.59,1036.5 1 0
github.com/frisky1985/yuleDKCS/backend/cloud/hub/internal/gateway/rest_gateway.go:1036.10,1041.5 1 0
github.com/frisky1985/yuleDKCS/backend/cloud/hub/internal/gateway/rest_gateway.go:1042.4,1042.16 1 0
github.com/frisky1985/yuleDKCS/backend/cloud/hub/internal/gateway/rest_gateway.go:1045.3,1046.17 2 0
github.com/frisky1985/yuleDKCS/backend/cloud/hub/internal/gateway/rest_gateway.go:1046.17,1049.4 2 0
github.com/frisky1985/yuleDKCS/backend/cloud/hub/internal/gateway/rest_gateway.go:1051.3,1052.22 2 0
github.com/frisky1985/yuleDKCS/backend/cloud/hub/internal/gateway/rest_gateway.go:1052.22,1058.4 2 0
github.com/frisky1985/yuleDKCS/backend/cloud/hub/internal/gateway/rest_gateway.go:1059.3,1059.14 1 0
github.com/frisky1985/yuleDKCS/backend/cloud/hub/internal/gateway/rest_gateway.go:1066.52,1067.37 1 1
github.com/frisky1985/yuleDKCS/backend/cloud/hub/internal/gateway/rest_gateway.go:1067.37,1069.3 1 1
github.com/frisky1985/yuleDKCS/backend/cloud/hub/internal/gateway/rest_gateway.go:1071.2,1074.16 4 1
github.com/frisky1985/yuleDKCS/backend/cloud/hub/internal/gateway/rest_gateway.go:1074.16,1077.3 2 0
github.com/frisky1985/yuleDKCS/backend/cloud/hub/internal/gateway/rest_gateway.go:1079.2,1083.23 2 1
github.com/frisky1985/yuleDKCS/backend/cloud/hub/internal/gateway/rest_gateway.go:1087.54,1088.37 1 1
github.com/frisky1985/yuleDKCS/backend/cloud/hub/internal/gateway/rest_gateway.go:1088.37,1090.3 1 1
github.com/frisky1985/yuleDKCS/backend/cloud/hub/internal/gateway/rest_gateway.go:1092.2,1095.16 4 1
github.com/frisky1985/yuleDKCS/backend/cloud/hub/internal/gateway/rest_gateway.go:1095.16,1098.3 2 0
github.com/frisky1985/yuleDKCS/backend/cloud/hub/internal/gateway/rest_gateway.go:1100.2,1104.23 2 1
github.com/frisky1985/yuleDKCS/backend/cloud/hub/internal/gateway/token_handler.go:18.50,20.16 2 1
github.com/frisky1985/yuleDKCS/backend/cloud/hub/internal/gateway/token_handler.go:20.16,23.3 2 1
github.com/frisky1985/yuleDKCS/backend/cloud/hub/internal/gateway/token_handler.go:25.2,32.47 2 1
github.com/frisky1985/yuleDKCS/backend/cloud/hub/internal/gateway/token_handler.go:32.47,35.3 2 1
github.com/frisky1985/yuleDKCS/backend/cloud/hub/internal/gateway/token_handler.go:37.2,39.14 3 1
github.com/frisky1985/yuleDKCS/backend/cloud/hub/internal/gateway/token_handler.go:39.14,41.3 1 1
github.com/frisky1985/yuleDKCS/backend/cloud/hub/internal/gateway/token_handler.go:43.2,44.16 2 1
github.com/frisky1985/yuleDKCS/backend/cloud/hub/internal/gateway/token_handler.go:44.16,48.3 3 0
github.com/frisky1985/yuleDKCS/backend/cloud/hub/internal/gateway/token_handler.go:50.2,54.4 1 1
github.com/frisky1985/yuleDKCS/backend/cloud/hub/internal/gateway/token_handler.go:58.50,60.16 2 1
github.com/frisky1985/yuleDKCS/backend/cloud/hub/internal/gateway/token_handler.go:60.16,63.3 2 1
github.com/frisky1985/yuleDKCS/backend/cloud/hub/internal/gateway/token_handler.go:65.2,67.27 3 1
github.com/frisky1985/yuleDKCS/backend/cloud/hub/internal/gateway/token_handler.go:67.27,76.3 1 1
github.com/frisky1985/yuleDKCS/backend/cloud/hub/internal/gateway/token_handler.go:78.2,78.48 1 1
github.com/frisky1985/yuleDKCS/backend/cloud/hub/internal/gateway/token_handler.go:82.51,86.16 3 1
github.com/frisky1985/yuleDKCS/backend/cloud/hub/internal/gateway/token_handler.go:86.16,92.3 2 1
github.com/frisky1985/yuleDKCS/backend/cloud/hub/internal/gateway/token_handler.go:94.2,102.4 1 1
github.com/frisky1985/yuleDKCS/backend/cloud/hub/internal/gateway/token_handler.go:106.51,108.16 2 1
github.com/frisky1985/yuleDKCS/backend/cloud/hub/internal/gateway/token_handler.go:108.16,111.3 2 1
github.com/frisky1985/yuleDKCS/backend/cloud/hub/internal/gateway/token_handler.go:113.2,114.59 2 1
github.com/frisky1985/yuleDKCS/backend/cloud/hub/internal/gateway/token_handler.go:114.59,117.3 2 1
github.com/frisky1985/yuleDKCS/backend/cloud/hub/internal/gateway/token_handler.go:119.2,119.72 1 1
github.com/frisky1985/yuleDKCS/backend/cloud/hub/internal/gateway/token_handler.go:124.57,138.25 3 1
github.com/frisky1985/yuleDKCS/backend/cloud/hub/internal/gateway/token_handler.go:138.25,139.24 1 1
github.com/frisky1985/yuleDKCS/backend/cloud/hub/internal/gateway/token_handler.go:139.24,141.4 1 1
github.com/frisky1985/yuleDKCS/backend/cloud/hub/internal/gateway/token_handler.go:143.2,143.21 1 1
github.com/frisky1985/yuleDKCS/backend/cloud/hub/internal/gateway/token_handler.go:143.21,145.3 1 1
github.com/frisky1985/yuleDKCS/backend/cloud/hub/internal/gateway/token_handler.go:146.2,146.14 1 1
github.com/frisky1985/yuleDKCS/backend/cloud/hub/internal/gateway/token_handler.go:149.59,151.26 2 1
github.com/frisky1985/yuleDKCS/backend/cloud/hub/internal/gateway/token_handler.go:151.26,152.12 1 1
github.com/frisky1985/yuleDKCS/backend/cloud/hub/internal/gateway/token_handler.go:153.23,154.25 1 1
github.com/frisky1985/yuleDKCS/backend/cloud/hub/internal/gateway/token_handler.go:155.30,156.27 1 1
github.com/frisky1985/yuleDKCS/backend/cloud/hub/internal/gateway/token_handler.go:157.24,158.26 1 1
github.com/frisky1985/yuleDKCS/backend/cloud/hub/internal/gateway/token_handler.go:159.25,160.27 1 1
github.com/frisky1985/yuleDKCS/backend/cloud/hub/internal/gateway/token_handler.go:161.26,162.28 1 1
github.com/frisky1985/yuleDKCS/backend/cloud/hub/internal/gateway/token_handler.go:163.23,164.25 1 1
github.com/frisky1985/yuleDKCS/backend/cloud/hub/internal/gateway/token_handler.go:165.23,166.25 1 1
github.com/frisky1985/yuleDKCS/backend/cloud/hub/internal/gateway/token_handler.go:167.24,168.26 1 1
github.com/frisky1985/yuleDKCS/backend/cloud/hub/internal/gateway/token_handler.go:169.29,170.32 1 1
github.com/frisky1985/yuleDKCS/backend/cloud/hub/internal/gateway/token_handler.go:171.28,172.31 1 1
github.com/frisky1985/yuleDKCS/backend/cloud/hub/internal/gateway/token_handler.go:175.2,175.10 1 1
github.com/frisky1985/yuleDKCS/backend/cloud/hub/internal/gateway/token_handler.go:181.53,186.16 3 1
github.com/frisky1985/yuleDKCS/backend/cloud/hub/internal/gateway/token_handler.go:186.16,192.3 2 1
github.com/frisky1985/yuleDKCS/backend/cloud/hub/internal/gateway/token_handler.go:199.2,209.16 4 1
github.com/frisky1985/yuleDKCS/backend/cloud/hub/internal/gateway/token_handler.go:209.16,216.3 3 1
github.com/frisky1985/yuleDKCS/backend/cloud/hub/internal/gateway/token_handler.go:218.2,225.4 1 1
github.com/frisky1985/yuleDKCS/backend/cloud/hub/internal/gateway/token_handler.go:229.52,231.16 2 1
github.com/frisky1985/yuleDKCS/backend/cloud/hub/internal/gateway/token_handler.go:231.16,234.3 2 1
github.com/frisky1985/yuleDKCS/backend/cloud/hub/internal/gateway/token_handler.go:236.2,237.60 2 1
github.com/frisky1985/yuleDKCS/backend/cloud/hub/internal/gateway/token_handler.go:237.60,240.3 2 1
github.com/frisky1985/yuleDKCS/backend/cloud/hub/internal/gateway/token_handler.go:242.2,242.74 1 1
github.com/frisky1985/yuleDKCS/backend/cloud/hub/internal/gateway/token_handler.go:246.51,248.16 2 1
github.com/frisky1985/yuleDKCS/backend/cloud/hub/internal/gateway/token_handler.go:248.16,251.3 2 1
github.com/frisky1985/yuleDKCS/backend/cloud/hub/internal/gateway/token_handler.go:253.2,254.59 2 1
github.com/frisky1985/yuleDKCS/backend/cloud/hub/internal/gateway/token_handler.go:254.59,257.3 2 1
github.com/frisky1985/yuleDKCS/backend/cloud/hub/internal/gateway/token_handler.go:259.2,259.71 1 1
github.com/frisky1985/yuleDKCS/backend/cloud/hub/internal/token/token.go:54.41,59.2 1 1
github.com/frisky1985/yuleDKCS/backend/cloud/hub/internal/token/token.go:62.138,86.2 8 1
github.com/frisky1985/yuleDKCS/backend/cloud/hub/internal/token/token.go:89.53,94.9 4 1
github.com/frisky1985/yuleDKCS/backend/cloud/hub/internal/token/token.go:94.9,96.3 1 0
github.com/frisky1985/yuleDKCS/backend/cloud/hub/internal/token/token.go:97.2,97.26 1 1
github.com/frisky1985/yuleDKCS/backend/cloud/hub/internal/token/token.go:97.26,99.3 1 1
github.com/frisky1985/yuleDKCS/backend/cloud/hub/internal/token/token.go:100.2,100.42 1 1
github.com/frisky1985/yuleDKCS/backend/cloud/hub/internal/token/token.go:100.42,105.3 4 1
github.com/frisky1985/yuleDKCS/backend/cloud/hub/internal/token/token.go:106.2,106.46 1 1
github.com/frisky1985/yuleDKCS/backend/cloud/hub/internal/token/token.go:106.46,108.3 1 1
github.com/frisky1985/yuleDKCS/backend/cloud/hub/internal/token/token.go:111.2,111.18 1 1
github.com/frisky1985/yuleDKCS/backend/cloud/hub/internal/token/token.go:111.18,113.3 1 1
github.com/frisky1985/yuleDKCS/backend/cloud/hub/internal/token/token.go:116.2,120.15 4 1
github.com/frisky1985/yuleDKCS/backend/cloud/hub/internal/token/token.go:124.52,129.9 4 1
github.com/frisky1985/yuleDKCS/backend/cloud/hub/internal/token/token.go:129.9,131.3 1 0
github.com/frisky1985/yuleDKCS/backend/cloud/hub/internal/token/token.go:132.2,132.26 1 1
github.com/frisky1985/yuleDKCS/backend/cloud/hub/internal/token/token.go:132.26,134.3 1 1
github.com/frisky1985/yuleDKCS/backend/cloud/hub/internal/token/token.go:135.2,136.12 2 1
github.com/frisky1985/yuleDKCS/backend/cloud/hub/internal/token/token.go:141.41,145.28 3 1
github.com/frisky1985/yuleDKCS/backend/cloud/hub/internal/token/token.go:145.28,147.3 1 1
github.com/frisky1985/yuleDKCS/backend/cloud/hub/internal/token/token.go:148.2,149.41 2 1
github.com/frisky1985/yuleDKCS/backend/cloud/hub/internal/token/token.go:152.41,154.2 1 1
github.com/frisky1985/yuleDKCS/backend/cloud/hub/internal/token/token.go:157.56,161.29 4 1
github.com/frisky1985/yuleDKCS/backend/cloud/hub/internal/token/token.go:161.29,162.27 1 1
github.com/frisky1985/yuleDKCS/backend/cloud/hub/internal/token/token.go:162.27,164.4 1 1
github.com/frisky1985/yuleDKCS/backend/cloud/hub/internal/token/token.go:166.2,166.15 1 1
github.com/frisky1985/yuleDKCS/backend/cloud/hub/internal/token/token.go:170.60,174.29 4 0
github.com/frisky1985/yuleDKCS/backend/cloud/hub/internal/token/token.go:174.29,175.31 1 0
github.com/frisky1985/yuleDKCS/backend/cloud/hub/internal/token/token.go:175.31,177.4 1 0
github.com/frisky1985/yuleDKCS/backend/cloud/hub/internal/token/token.go:179.2,179.15 1 0
github.com/frisky1985/yuleDKCS/backend/cloud/hub/internal/token/token.go:183.53,187.9 4 1
github.com/frisky1985/yuleDKCS/backend/cloud/hub/internal/token/token.go:187.9,189.3 1 0
github.com/frisky1985/yuleDKCS/backend/cloud/hub/internal/token/token.go:190.2,190.26 1 1
github.com/frisky1985/yuleDKCS/backend/cloud/hub/internal/token/token.go:190.26,192.3 1 0
github.com/frisky1985/yuleDKCS/backend/cloud/hub/internal/token/token.go:193.2,194.12 2 1
github.com/frisky1985/yuleDKCS/backend/cloud/hub/internal/token/token.go:198.52,202.9 4 1
github.com/frisky1985/yuleDKCS/backend/cloud/hub/internal/token/token.go:202.9,204.3 1 0
github.com/frisky1985/yuleDKCS/backend/cloud/hub/internal/token/token.go:205.2,205.26 1 1
github.com/frisky1985/yuleDKCS/backend/cloud/hub/internal/token/token.go:205.26,207.3 1 0
github.com/frisky1985/yuleDKCS/backend/cloud/hub/internal/token/token.go:208.2,208.29 1 1
github.com/frisky1985/yuleDKCS/backend/cloud/hub/internal/token/token.go:208.29,210.3 1 0
github.com/frisky1985/yuleDKCS/backend/cloud/hub/internal/token/token.go:211.2,212.12 2 1
github.com/frisky1985/yuleDKCS/backend/cloud/hub/internal/token/token.go:215.26,219.2 3 1
