
/tmp/yuleDKCS_bsw.elf:     file format elf32-littlearm


Disassembly of section .text:

00000500 <BusFault_Handler>:
void PendSV_Handler(void);
void SysTick_Handler(void);

/* Default handler — overridable by port.c (SVC/PendSV/SysTick) */
__attribute__((weak)) void Default_Handler(void) __attribute__((interrupt("")));
void Default_Handler(void) { while(1); }
     500:	4668      	mov	r0, sp
     502:	f020 0107 	bic.w	r1, r0, #7
     506:	468d      	mov	sp, r1
     508:	b481      	push	{r0, r7}
     50a:	af00      	add	r7, sp, #0
     50c:	e7fe      	b.n	50c <BusFault_Handler+0xc>

0000050e <EcuM_DriverInitOne>:

/* =========================================================================
 * EcuM Callout: 启动第一阶段 (MCU 最小初始化)
 * ========================================================================= */
void EcuM_DriverInitOne(const EcuM_ConfigType *config)
{
     50e:	b480      	push	{r7}
     510:	b083      	sub	sp, #12
     512:	af00      	add	r7, sp, #0
     514:	6078      	str	r0, [r7, #4]
     *  - 内核外设: SysTick, NVIC
     *  - 看门狗: 初始关闭, 由 WdgM 接管
     */
    /* Mcu_Init(&Mcu_Config); */
    /* Mcu_SetMode(MCU_NORMAL); */
}
     516:	bf00      	nop
     518:	370c      	adds	r7, #12
     51a:	46bd      	mov	sp, r7
     51c:	bc80      	pop	{r7}
     51e:	4770      	bx	lr

00000520 <EcuM_DriverInitTwo>:

/** @brief EcuM Callout: 启动第二阶段 (BSW 模块初始化) */
void EcuM_DriverInitTwo(const EcuM_ConfigType *config)
{
     520:	b480      	push	{r7}
     522:	b083      	sub	sp, #12
     524:	af00      	add	r7, sp, #0
     526:	6078      	str	r0, [r7, #4]
    /* 初始化 MCAL 外设驱动 */
    /* Dio_Init(&Dio_Config);     — GPIO */
    /* Can_Init(&Can_Config);     — CAN 通信 */
    /* Gpt_Init(&Gpt_Config);     — 定时器 */
    /* Adc_Init(&Adc_Config);     — ADC */
}
     528:	bf00      	nop
     52a:	370c      	adds	r7, #12
     52c:	46bd      	mov	sp, r7
     52e:	bc80      	pop	{r7}
     530:	4770      	bx	lr

00000532 <EcuM_DriverInitThree>:

/** @brief EcuM Callout: 启动第三阶段 (SWC 初始化) */
void EcuM_DriverInitThree(const EcuM_ConfigType *config)
{
     532:	b580      	push	{r7, lr}
     534:	b082      	sub	sp, #8
     536:	af00      	add	r7, sp, #0
     538:	6078      	str	r0, [r7, #4]
    (void)config;

    /* ICCE 数字钥匙协议栈初始化 (替换原来手写的 while(1) 调度) */
    icce_dk_init();
     53a:	f000 fb8a 	bl	c52 <icce_dk_init>
}
     53e:	bf00      	nop
     540:	3708      	adds	r7, #8
     542:	46bd      	mov	sp, r7
     544:	bd80      	pop	{r7, pc}

00000546 <EcuM_DriverRestart>:

/** @brief EcuM Callout: 重启恢复 */
void EcuM_DriverRestart(const EcuM_ConfigType *config)
{
     546:	b580      	push	{r7, lr}
     548:	b082      	sub	sp, #8
     54a:	af00      	add	r7, sp, #0
     54c:	6078      	str	r0, [r7, #4]
    (void)config;
    /* 从休眠/复位恢复时的外设重初始化 */
    icce_ble_init();
     54e:	f000 fba1 	bl	c94 <icce_ble_init>
    icce_uwb_init();
     552:	f000 fbb7 	bl	cc4 <icce_uwb_init>
    icce_ble_start_adv();
     556:	f000 fba9 	bl	cac <icce_ble_start_adv>
}
     55a:	bf00      	nop
     55c:	3708      	adds	r7, #8
     55e:	46bd      	mov	sp, r7
     560:	bd80      	pop	{r7, pc}

00000562 <EcuM_AL_DriverInitOne>:

/** @brief EcuM Callout: 抽象层 — 驱动初始化第一阶段 */
void EcuM_AL_DriverInitOne(const EcuM_ConfigType *config)
{
     562:	b480      	push	{r7}
     564:	b083      	sub	sp, #12
     566:	af00      	add	r7, sp, #0
     568:	6078      	str	r0, [r7, #4]
    (void)config;
    /* 抽象层: BLE/UWB/NFC 外设的上电时序 */
    /* HAL 层的 init 通常延迟到 StartupTwo */
}
     56a:	bf00      	nop
     56c:	370c      	adds	r7, #12
     56e:	46bd      	mov	sp, r7
     570:	bc80      	pop	{r7}
     572:	4770      	bx	lr

00000574 <EcuM_AL_DriverInitTwo>:

/** @brief EcuM Callout: 抽象层 — 驱动初始化第二阶段 */
void EcuM_AL_DriverInitTwo(const EcuM_ConfigType *config)
{
     574:	b480      	push	{r7}
     576:	b083      	sub	sp, #12
     578:	af00      	add	r7, sp, #0
     57a:	6078      	str	r0, [r7, #4]
    /* HAL_UWB_Init(); */
    /* 初始化 NFC 硬件抽象层 */
    /* HAL_NFC_Init(); */
    /* 初始化安全元件 */
    /* HAL_SEC_Init(); */
}
     57c:	bf00      	nop
     57e:	370c      	adds	r7, #12
     580:	46bd      	mov	sp, r7
     582:	bc80      	pop	{r7}
     584:	4770      	bx	lr

00000586 <EcuM_AL_DriverInitThree>:

/** @brief EcuM Callout: 抽象层 — 驱动初始化第三阶段 */
void EcuM_AL_DriverInitThree(const EcuM_ConfigType *config)
{
     586:	b480      	push	{r7}
     588:	b083      	sub	sp, #12
     58a:	af00      	add	r7, sp, #0
     58c:	6078      	str	r0, [r7, #4]
    (void)config;
    /* 应用层安全服务初始化 */
    /* SEC_MGR_Init(); */
}
     58e:	bf00      	nop
     590:	370c      	adds	r7, #12
     592:	46bd      	mov	sp, r7
     594:	bc80      	pop	{r7}
     596:	4770      	bx	lr

00000598 <EcuM_AL_DriverRestart>:

/** @brief EcuM Callout: 抽象层 — 重启恢复 */
void EcuM_AL_DriverRestart(const EcuM_ConfigType *config)
{
     598:	b480      	push	{r7}
     59a:	b083      	sub	sp, #12
     59c:	af00      	add	r7, sp, #0
     59e:	6078      	str	r0, [r7, #4]
    (void)config;
}
     5a0:	bf00      	nop
     5a2:	370c      	adds	r7, #12
     5a4:	46bd      	mov	sp, r7
     5a6:	bc80      	pop	{r7}
     5a8:	4770      	bx	lr

000005aa <EcuM_AL_SwitchOff>:

/** @brief EcuM Callout: 切断电源 */
void EcuM_AL_SwitchOff(void)
{
     5aa:	b580      	push	{r7, lr}
     5ac:	af00      	add	r7, sp, #0
    /* 关闭外设电源 */
    icce_ble_stop_adv();
     5ae:	f000 fb83 	bl	cb8 <icce_ble_stop_adv>
    icce_ble_deinit();
     5b2:	f000 fb75 	bl	ca0 <icce_ble_deinit>
    icce_uwb_deinit();
     5b6:	f000 fb8b 	bl	cd0 <icce_uwb_deinit>
    /* HAL_PWR_SetState(POWER_STATE_OFF); */
}
     5ba:	bf00      	nop
     5bc:	bd80      	pop	{r7, pc}

000005be <EcuM_AL_Reset>:

/** @brief EcuM Callout: MCU 复位 */
void EcuM_AL_Reset(EcuM_ResetType resetType)
{
     5be:	b480      	push	{r7}
     5c0:	b083      	sub	sp, #12
     5c2:	af00      	add	r7, sp, #0
     5c4:	4603      	mov	r3, r0
     5c6:	71fb      	strb	r3, [r7, #7]
    (void)resetType;
    /* 执行系统复位 */
    /* NVIC_SystemReset(); */
}
     5c8:	bf00      	nop
     5ca:	370c      	adds	r7, #12
     5cc:	46bd      	mov	sp, r7
     5ce:	bc80      	pop	{r7}
     5d0:	4770      	bx	lr

000005d2 <EcuM_AL_EnterSleep>:

/** @brief EcuM Callout: 进入休眠 */
void EcuM_AL_EnterSleep(void)
{
     5d2:	b480      	push	{r7}
     5d4:	af00      	add	r7, sp, #0
     *   - 关闭不必要的外设时钟
     *   - 使能唤醒源 (BLE 低功耗扫描 / UWB 被动监听)
     *   - 进入 STOP 模式
     */
    /* HAL_PWR_SetState(POWER_STATE_DEEP_SLEEP); */
}
     5d6:	bf00      	nop
     5d8:	46bd      	mov	sp, r7
     5da:	bc80      	pop	{r7}
     5dc:	4770      	bx	lr

000005de <EcuM_AL_WakeupCheck>:

/** @brief EcuM Callout: 唤醒检查 */
void EcuM_AL_WakeupCheck(void)
{
     5de:	b480      	push	{r7}
     5e0:	af00      	add	r7, sp, #0
    /* 检查是哪个唤醒源触发 */
    /* 从 PMU/SCG 寄存器读取唤醒原因 */
}
     5e2:	bf00      	nop
     5e4:	46bd      	mov	sp, r7
     5e6:	bc80      	pop	{r7}
     5e8:	4770      	bx	lr

000005ea <EcuM_AL_WakeupValidation>:

/** @brief EcuM Callout: 唤醒验证 */
void EcuM_AL_WakeupValidation(void)
{
     5ea:	b480      	push	{r7}
     5ec:	af00      	add	r7, sp, #0
    /* 验证唤醒源的合法性 */
    /* 重初始化必要的外设 */
}
     5ee:	bf00      	nop
     5f0:	46bd      	mov	sp, r7
     5f2:	bc80      	pop	{r7}
     5f4:	4770      	bx	lr

000005f6 <EcuM_AL_WakeupReaction>:

/** @brief EcuM Callout: 唤醒后续动作 */
void EcuM_AL_WakeupReaction(void)
{
     5f6:	b580      	push	{r7, lr}
     5f8:	af00      	add	r7, sp, #0
    /* 恢复 BLE 广播 / UWB 测距会话 */
    icce_ble_start_adv();
     5fa:	f000 fb57 	bl	cac <icce_ble_start_adv>
}
     5fe:	bf00      	nop
     600:	bd80      	pop	{r7, pc}

00000602 <main>:

/* =========================================================================
 * 主入口: 启动 AUTOSAR BSW
 * ========================================================================= */
int main(void)
{
     602:	b580      	push	{r7, lr}
     604:	af00      	add	r7, sp, #0
    /* 1. 最小启动: 关中断, 初始化堆栈 */
    DisableAllInterrupts();
     606:	f000 fd74 	bl	10f2 <DisableAllInterrupts>

    /* 2. EcuM 启动第一阶段: MCU 最小初始化 */
    EcuM_Init();
     60a:	f001 fd3d 	bl	2088 <EcuM_Init>

    /* 3. EcuM 将内部完成 StartupOne 并调用 StartOS()
     *    由 StartOS() 启动 FreeRTOS 调度器进入多任务环境 */

    /* 注意: 正常流程下不会到达此处 */
    return 0;
     60e:	2300      	movs	r3, #0
}
     610:	4618      	mov	r0, r3
     612:	bd80      	pop	{r7, pc}

00000614 <memset>:
 * @file syscalls.c
 * @brief Minimal system call stubs for freestanding ARM target
 */
#include "Std_Types.h"

void *memset(void *s, int c, unsigned long n) {
     614:	b480      	push	{r7}
     616:	b087      	sub	sp, #28
     618:	af00      	add	r7, sp, #0
     61a:	60f8      	str	r0, [r7, #12]
     61c:	60b9      	str	r1, [r7, #8]
     61e:	607a      	str	r2, [r7, #4]
    unsigned char *p = (unsigned char*)s;
     620:	68fb      	ldr	r3, [r7, #12]
     622:	617b      	str	r3, [r7, #20]
    while (n--) *p++ = (unsigned char)c;
     624:	e005      	b.n	632 <memset+0x1e>
     626:	697b      	ldr	r3, [r7, #20]
     628:	1c5a      	adds	r2, r3, #1
     62a:	617a      	str	r2, [r7, #20]
     62c:	68ba      	ldr	r2, [r7, #8]
     62e:	b2d2      	uxtb	r2, r2
     630:	701a      	strb	r2, [r3, #0]
     632:	687b      	ldr	r3, [r7, #4]
     634:	1e5a      	subs	r2, r3, #1
     636:	607a      	str	r2, [r7, #4]
     638:	2b00      	cmp	r3, #0
     63a:	d1f4      	bne.n	626 <memset+0x12>
    return s;
     63c:	68fb      	ldr	r3, [r7, #12]
}
     63e:	4618      	mov	r0, r3
     640:	371c      	adds	r7, #28
     642:	46bd      	mov	sp, r7
     644:	bc80      	pop	{r7}
     646:	4770      	bx	lr

00000648 <memcpy>:

void *memcpy(void *dest, const void *src, unsigned long n) {
     648:	b480      	push	{r7}
     64a:	b087      	sub	sp, #28
     64c:	af00      	add	r7, sp, #0
     64e:	60f8      	str	r0, [r7, #12]
     650:	60b9      	str	r1, [r7, #8]
     652:	607a      	str	r2, [r7, #4]
    unsigned char *d = (unsigned char*)dest;
     654:	68fb      	ldr	r3, [r7, #12]
     656:	617b      	str	r3, [r7, #20]
    const unsigned char *s = (const unsigned char*)src;
     658:	68bb      	ldr	r3, [r7, #8]
     65a:	613b      	str	r3, [r7, #16]
    while (n--) *d++ = *s++;
     65c:	e007      	b.n	66e <memcpy+0x26>
     65e:	693a      	ldr	r2, [r7, #16]
     660:	1c53      	adds	r3, r2, #1
     662:	613b      	str	r3, [r7, #16]
     664:	697b      	ldr	r3, [r7, #20]
     666:	1c59      	adds	r1, r3, #1
     668:	6179      	str	r1, [r7, #20]
     66a:	7812      	ldrb	r2, [r2, #0]
     66c:	701a      	strb	r2, [r3, #0]
     66e:	687b      	ldr	r3, [r7, #4]
     670:	1e5a      	subs	r2, r3, #1
     672:	607a      	str	r2, [r7, #4]
     674:	2b00      	cmp	r3, #0
     676:	d1f2      	bne.n	65e <memcpy+0x16>
    return dest;
     678:	68fb      	ldr	r3, [r7, #12]
}
     67a:	4618      	mov	r0, r3
     67c:	371c      	adds	r7, #28
     67e:	46bd      	mov	sp, r7
     680:	bc80      	pop	{r7}
     682:	4770      	bx	lr

00000684 <memmove>:

void *memmove(void *dest, const void *src, unsigned long n) {
     684:	b480      	push	{r7}
     686:	b087      	sub	sp, #28
     688:	af00      	add	r7, sp, #0
     68a:	60f8      	str	r0, [r7, #12]
     68c:	60b9      	str	r1, [r7, #8]
     68e:	607a      	str	r2, [r7, #4]
    unsigned char *d = (unsigned char*)dest;
     690:	68fb      	ldr	r3, [r7, #12]
     692:	617b      	str	r3, [r7, #20]
    const unsigned char *s = (const unsigned char*)src;
     694:	68bb      	ldr	r3, [r7, #8]
     696:	613b      	str	r3, [r7, #16]
    if (d < s) while (n--) *d++ = *s++;
     698:	697a      	ldr	r2, [r7, #20]
     69a:	693b      	ldr	r3, [r7, #16]
     69c:	429a      	cmp	r2, r3
     69e:	d20e      	bcs.n	6be <memmove+0x3a>
     6a0:	e007      	b.n	6b2 <memmove+0x2e>
     6a2:	693a      	ldr	r2, [r7, #16]
     6a4:	1c53      	adds	r3, r2, #1
     6a6:	613b      	str	r3, [r7, #16]
     6a8:	697b      	ldr	r3, [r7, #20]
     6aa:	1c59      	adds	r1, r3, #1
     6ac:	6179      	str	r1, [r7, #20]
     6ae:	7812      	ldrb	r2, [r2, #0]
     6b0:	701a      	strb	r2, [r3, #0]
     6b2:	687b      	ldr	r3, [r7, #4]
     6b4:	1e5a      	subs	r2, r3, #1
     6b6:	607a      	str	r2, [r7, #4]
     6b8:	2b00      	cmp	r3, #0
     6ba:	d1f2      	bne.n	6a2 <memmove+0x1e>
     6bc:	e017      	b.n	6ee <memmove+0x6a>
    else { d += n; s += n; while (n--) *--d = *--s; }
     6be:	697a      	ldr	r2, [r7, #20]
     6c0:	687b      	ldr	r3, [r7, #4]
     6c2:	4413      	add	r3, r2
     6c4:	617b      	str	r3, [r7, #20]
     6c6:	693a      	ldr	r2, [r7, #16]
     6c8:	687b      	ldr	r3, [r7, #4]
     6ca:	4413      	add	r3, r2
     6cc:	613b      	str	r3, [r7, #16]
     6ce:	e009      	b.n	6e4 <memmove+0x60>
     6d0:	693b      	ldr	r3, [r7, #16]
     6d2:	3b01      	subs	r3, #1
     6d4:	613b      	str	r3, [r7, #16]
     6d6:	697b      	ldr	r3, [r7, #20]
     6d8:	3b01      	subs	r3, #1
     6da:	617b      	str	r3, [r7, #20]
     6dc:	693b      	ldr	r3, [r7, #16]
     6de:	781a      	ldrb	r2, [r3, #0]
     6e0:	697b      	ldr	r3, [r7, #20]
     6e2:	701a      	strb	r2, [r3, #0]
     6e4:	687b      	ldr	r3, [r7, #4]
     6e6:	1e5a      	subs	r2, r3, #1
     6e8:	607a      	str	r2, [r7, #4]
     6ea:	2b00      	cmp	r3, #0
     6ec:	d1f0      	bne.n	6d0 <memmove+0x4c>
    return dest;
     6ee:	68fb      	ldr	r3, [r7, #12]
}
     6f0:	4618      	mov	r0, r3
     6f2:	371c      	adds	r7, #28
     6f4:	46bd      	mov	sp, r7
     6f6:	bc80      	pop	{r7}
     6f8:	4770      	bx	lr

000006fa <memcmp>:

int memcmp(const void *s1, const void *s2, unsigned long n) {
     6fa:	b480      	push	{r7}
     6fc:	b087      	sub	sp, #28
     6fe:	af00      	add	r7, sp, #0
     700:	60f8      	str	r0, [r7, #12]
     702:	60b9      	str	r1, [r7, #8]
     704:	607a      	str	r2, [r7, #4]
    const unsigned char *a = s1, *b = s2;
     706:	68fb      	ldr	r3, [r7, #12]
     708:	617b      	str	r3, [r7, #20]
     70a:	68bb      	ldr	r3, [r7, #8]
     70c:	613b      	str	r3, [r7, #16]
    while (n--) { if (*a != *b) return *a - *b; a++; b++; }
     70e:	e012      	b.n	736 <memcmp+0x3c>
     710:	697b      	ldr	r3, [r7, #20]
     712:	781a      	ldrb	r2, [r3, #0]
     714:	693b      	ldr	r3, [r7, #16]
     716:	781b      	ldrb	r3, [r3, #0]
     718:	429a      	cmp	r2, r3
     71a:	d006      	beq.n	72a <memcmp+0x30>
     71c:	697b      	ldr	r3, [r7, #20]
     71e:	781b      	ldrb	r3, [r3, #0]
     720:	461a      	mov	r2, r3
     722:	693b      	ldr	r3, [r7, #16]
     724:	781b      	ldrb	r3, [r3, #0]
     726:	1ad3      	subs	r3, r2, r3
     728:	e00b      	b.n	742 <memcmp+0x48>
     72a:	697b      	ldr	r3, [r7, #20]
     72c:	3301      	adds	r3, #1
     72e:	617b      	str	r3, [r7, #20]
     730:	693b      	ldr	r3, [r7, #16]
     732:	3301      	adds	r3, #1
     734:	613b      	str	r3, [r7, #16]
     736:	687b      	ldr	r3, [r7, #4]
     738:	1e5a      	subs	r2, r3, #1
     73a:	607a      	str	r2, [r7, #4]
     73c:	2b00      	cmp	r3, #0
     73e:	d1e7      	bne.n	710 <memcmp+0x16>
    return 0;
     740:	2300      	movs	r3, #0
}
     742:	4618      	mov	r0, r3
     744:	371c      	adds	r7, #28
     746:	46bd      	mov	sp, r7
     748:	bc80      	pop	{r7}
     74a:	4770      	bx	lr

0000074c <strlen>:

unsigned long strlen(const char *s) {
     74c:	b480      	push	{r7}
     74e:	b085      	sub	sp, #20
     750:	af00      	add	r7, sp, #0
     752:	6078      	str	r0, [r7, #4]
    unsigned long n = 0;
     754:	2300      	movs	r3, #0
     756:	60fb      	str	r3, [r7, #12]
    while (*s++) n++;
     758:	e002      	b.n	760 <strlen+0x14>
     75a:	68fb      	ldr	r3, [r7, #12]
     75c:	3301      	adds	r3, #1
     75e:	60fb      	str	r3, [r7, #12]
     760:	687b      	ldr	r3, [r7, #4]
     762:	1c5a      	adds	r2, r3, #1
     764:	607a      	str	r2, [r7, #4]
     766:	781b      	ldrb	r3, [r3, #0]
     768:	2b00      	cmp	r3, #0
     76a:	d1f6      	bne.n	75a <strlen+0xe>
    return n;
     76c:	68fb      	ldr	r3, [r7, #12]
}
     76e:	4618      	mov	r0, r3
     770:	3714      	adds	r7, #20
     772:	46bd      	mov	sp, r7
     774:	bc80      	pop	{r7}
     776:	4770      	bx	lr

00000778 <strcpy>:

char *strcpy(char *dest, const char *src) {
     778:	b480      	push	{r7}
     77a:	b085      	sub	sp, #20
     77c:	af00      	add	r7, sp, #0
     77e:	6078      	str	r0, [r7, #4]
     780:	6039      	str	r1, [r7, #0]
    char *d = dest;
     782:	687b      	ldr	r3, [r7, #4]
     784:	60fb      	str	r3, [r7, #12]
    while ((*d++ = *src++));
     786:	bf00      	nop
     788:	683a      	ldr	r2, [r7, #0]
     78a:	1c53      	adds	r3, r2, #1
     78c:	603b      	str	r3, [r7, #0]
     78e:	68fb      	ldr	r3, [r7, #12]
     790:	1c59      	adds	r1, r3, #1
     792:	60f9      	str	r1, [r7, #12]
     794:	7812      	ldrb	r2, [r2, #0]
     796:	701a      	strb	r2, [r3, #0]
     798:	781b      	ldrb	r3, [r3, #0]
     79a:	2b00      	cmp	r3, #0
     79c:	d1f4      	bne.n	788 <strcpy+0x10>
    return dest;
     79e:	687b      	ldr	r3, [r7, #4]
}
     7a0:	4618      	mov	r0, r3
     7a2:	3714      	adds	r7, #20
     7a4:	46bd      	mov	sp, r7
     7a6:	bc80      	pop	{r7}
     7a8:	4770      	bx	lr

000007aa <strcmp>:

int strcmp(const char *s1, const char *s2) {
     7aa:	b480      	push	{r7}
     7ac:	b083      	sub	sp, #12
     7ae:	af00      	add	r7, sp, #0
     7b0:	6078      	str	r0, [r7, #4]
     7b2:	6039      	str	r1, [r7, #0]
    while (*s1 && *s1 == *s2) { s1++; s2++; }
     7b4:	e005      	b.n	7c2 <strcmp+0x18>
     7b6:	687b      	ldr	r3, [r7, #4]
     7b8:	3301      	adds	r3, #1
     7ba:	607b      	str	r3, [r7, #4]
     7bc:	683b      	ldr	r3, [r7, #0]
     7be:	3301      	adds	r3, #1
     7c0:	603b      	str	r3, [r7, #0]
     7c2:	687b      	ldr	r3, [r7, #4]
     7c4:	781b      	ldrb	r3, [r3, #0]
     7c6:	2b00      	cmp	r3, #0
     7c8:	d005      	beq.n	7d6 <strcmp+0x2c>
     7ca:	687b      	ldr	r3, [r7, #4]
     7cc:	781a      	ldrb	r2, [r3, #0]
     7ce:	683b      	ldr	r3, [r7, #0]
     7d0:	781b      	ldrb	r3, [r3, #0]
     7d2:	429a      	cmp	r2, r3
     7d4:	d0ef      	beq.n	7b6 <strcmp+0xc>
    return (unsigned char)*s1 - (unsigned char)*s2;
     7d6:	687b      	ldr	r3, [r7, #4]
     7d8:	781b      	ldrb	r3, [r3, #0]
     7da:	461a      	mov	r2, r3
     7dc:	683b      	ldr	r3, [r7, #0]
     7de:	781b      	ldrb	r3, [r3, #0]
     7e0:	1ad3      	subs	r3, r2, r3
}
     7e2:	4618      	mov	r0, r3
     7e4:	370c      	adds	r7, #12
     7e6:	46bd      	mov	sp, r7
     7e8:	bc80      	pop	{r7}
     7ea:	4770      	bx	lr

000007ec <__aeabi_memcmp>:

/* __aeabi_* aliases for ARM ABI */
__attribute__((used)) int __aeabi_memcmp(const void *a, const void *b, unsigned long n) { return memcmp(a, b, n); }
     7ec:	b580      	push	{r7, lr}
     7ee:	b084      	sub	sp, #16
     7f0:	af00      	add	r7, sp, #0
     7f2:	60f8      	str	r0, [r7, #12]
     7f4:	60b9      	str	r1, [r7, #8]
     7f6:	607a      	str	r2, [r7, #4]
     7f8:	687a      	ldr	r2, [r7, #4]
     7fa:	68b9      	ldr	r1, [r7, #8]
     7fc:	68f8      	ldr	r0, [r7, #12]
     7fe:	f7ff ff7c 	bl	6fa <memcmp>
     802:	4603      	mov	r3, r0
     804:	4618      	mov	r0, r3
     806:	3710      	adds	r7, #16
     808:	46bd      	mov	sp, r7
     80a:	bd80      	pop	{r7, pc}

0000080c <__aeabi_memcpy>:
__attribute__((used)) void __aeabi_memcpy(void *d, const void *s, unsigned long n) { memcpy(d, s, n); }
     80c:	b580      	push	{r7, lr}
     80e:	b084      	sub	sp, #16
     810:	af00      	add	r7, sp, #0
     812:	60f8      	str	r0, [r7, #12]
     814:	60b9      	str	r1, [r7, #8]
     816:	607a      	str	r2, [r7, #4]
     818:	687a      	ldr	r2, [r7, #4]
     81a:	68b9      	ldr	r1, [r7, #8]
     81c:	68f8      	ldr	r0, [r7, #12]
     81e:	f7ff ff13 	bl	648 <memcpy>
     822:	bf00      	nop
     824:	3710      	adds	r7, #16
     826:	46bd      	mov	sp, r7
     828:	bd80      	pop	{r7, pc}

0000082a <__aeabi_memmove>:
__attribute__((used)) void __aeabi_memmove(void *d, const void *s, unsigned long n) { memmove(d, s, n); }
     82a:	b580      	push	{r7, lr}
     82c:	b084      	sub	sp, #16
     82e:	af00      	add	r7, sp, #0
     830:	60f8      	str	r0, [r7, #12]
     832:	60b9      	str	r1, [r7, #8]
     834:	607a      	str	r2, [r7, #4]
     836:	687a      	ldr	r2, [r7, #4]
     838:	68b9      	ldr	r1, [r7, #8]
     83a:	68f8      	ldr	r0, [r7, #12]
     83c:	f7ff ff22 	bl	684 <memmove>
     840:	bf00      	nop
     842:	3710      	adds	r7, #16
     844:	46bd      	mov	sp, r7
     846:	bd80      	pop	{r7, pc}

00000848 <__aeabi_memset>:
__attribute__((used)) void __aeabi_memset(void *s, int c, unsigned long n) { memset(s, c, n); }
     848:	b580      	push	{r7, lr}
     84a:	b084      	sub	sp, #16
     84c:	af00      	add	r7, sp, #0
     84e:	60f8      	str	r0, [r7, #12]
     850:	60b9      	str	r1, [r7, #8]
     852:	607a      	str	r2, [r7, #4]
     854:	687a      	ldr	r2, [r7, #4]
     856:	68b9      	ldr	r1, [r7, #8]
     858:	68f8      	ldr	r0, [r7, #12]
     85a:	f7ff fedb 	bl	614 <memset>
     85e:	bf00      	nop
     860:	3710      	adds	r7, #16
     862:	46bd      	mov	sp, r7
     864:	bd80      	pop	{r7, pc}

00000866 <NvM_Init>:
#include "EcuM.h"

/* =========================================================================
 * NvM Stubs
 * ========================================================================= */
void NvM_Init(void) {}
     866:	b480      	push	{r7}
     868:	af00      	add	r7, sp, #0
     86a:	bf00      	nop
     86c:	46bd      	mov	sp, r7
     86e:	bc80      	pop	{r7}
     870:	4770      	bx	lr

00000872 <NvM_ReadAll>:
Std_ReturnType NvM_ReadAll(void) { return E_OK; }
     872:	b480      	push	{r7}
     874:	af00      	add	r7, sp, #0
     876:	2300      	movs	r3, #0
     878:	4618      	mov	r0, r3
     87a:	46bd      	mov	sp, r7
     87c:	bc80      	pop	{r7}
     87e:	4770      	bx	lr

00000880 <NvM_WriteAll>:
Std_ReturnType NvM_WriteAll(void) { return E_OK; }
     880:	b480      	push	{r7}
     882:	af00      	add	r7, sp, #0
     884:	2300      	movs	r3, #0
     886:	4618      	mov	r0, r3
     888:	46bd      	mov	sp, r7
     88a:	bc80      	pop	{r7}
     88c:	4770      	bx	lr

0000088e <ComM_Init>:

/* =========================================================================
 * ComM Stubs
 * ========================================================================= */
void ComM_Init(void) {}
     88e:	b480      	push	{r7}
     890:	af00      	add	r7, sp, #0
     892:	bf00      	nop
     894:	46bd      	mov	sp, r7
     896:	bc80      	pop	{r7}
     898:	4770      	bx	lr

0000089a <ComM_DeInit>:
void ComM_DeInit(void) {}
     89a:	b480      	push	{r7}
     89c:	af00      	add	r7, sp, #0
     89e:	bf00      	nop
     8a0:	46bd      	mov	sp, r7
     8a2:	bc80      	pop	{r7}
     8a4:	4770      	bx	lr

000008a6 <SchM_Init>:

/* =========================================================================
 * SchM Stubs (called by EcuM)
 * ========================================================================= */
void SchM_Init(void) {}
     8a6:	b480      	push	{r7}
     8a8:	af00      	add	r7, sp, #0
     8aa:	bf00      	nop
     8ac:	46bd      	mov	sp, r7
     8ae:	bc80      	pop	{r7}
     8b0:	4770      	bx	lr

000008b2 <SchM_Deinit>:
void SchM_Deinit(void) {}
     8b2:	b480      	push	{r7}
     8b4:	af00      	add	r7, sp, #0
     8b6:	bf00      	nop
     8b8:	46bd      	mov	sp, r7
     8ba:	bc80      	pop	{r7}
     8bc:	4770      	bx	lr

000008be <BswM_EcuM_CurrentWakeup>:

/* =========================================================================
 * BswM Stubs (extras not in real BswM.c)
 * ========================================================================= */
void BswM_EcuM_CurrentWakeup(EcuM_WakeupSourceType Sources, EcuM_WakeupStatusType Status) {
     8be:	b480      	push	{r7}
     8c0:	b083      	sub	sp, #12
     8c2:	af00      	add	r7, sp, #0
     8c4:	6078      	str	r0, [r7, #4]
     8c6:	460b      	mov	r3, r1
     8c8:	70fb      	strb	r3, [r7, #3]
    (void)Sources;
    (void)Status;
}
     8ca:	bf00      	nop
     8cc:	370c      	adds	r7, #12
     8ce:	46bd      	mov	sp, r7
     8d0:	bc80      	pop	{r7}
     8d2:	4770      	bx	lr

000008d4 <Os_Callback_Alarm>:
 * 警报回调函数
 * ========================================================================= */

/* Alarm callback dispatcher — 在警报到期时被 OS 调用 */
void Os_Callback_Alarm(AlarmType AlarmID)
{
     8d4:	b580      	push	{r7, lr}
     8d6:	b082      	sub	sp, #8
     8d8:	af00      	add	r7, sp, #0
     8da:	6078      	str	r0, [r7, #4]
    switch (AlarmID)
     8dc:	687b      	ldr	r3, [r7, #4]
     8de:	2b03      	cmp	r3, #3
     8e0:	d01b      	beq.n	91a <Os_Callback_Alarm+0x46>
     8e2:	687b      	ldr	r3, [r7, #4]
     8e4:	2b03      	cmp	r3, #3
     8e6:	d81a      	bhi.n	91e <Os_Callback_Alarm+0x4a>
     8e8:	687b      	ldr	r3, [r7, #4]
     8ea:	2b02      	cmp	r3, #2
     8ec:	d011      	beq.n	912 <Os_Callback_Alarm+0x3e>
     8ee:	687b      	ldr	r3, [r7, #4]
     8f0:	2b02      	cmp	r3, #2
     8f2:	d814      	bhi.n	91e <Os_Callback_Alarm+0x4a>
     8f4:	687b      	ldr	r3, [r7, #4]
     8f6:	2b00      	cmp	r3, #0
     8f8:	d003      	beq.n	902 <Os_Callback_Alarm+0x2e>
     8fa:	687b      	ldr	r3, [r7, #4]
     8fc:	2b01      	cmp	r3, #1
     8fe:	d004      	beq.n	90a <Os_Callback_Alarm+0x36>
            /* 空操作, EcuM_MainFunction 在 10ms task 内调用 */
            break;

        default:
            /* 未知 Alarm ID — 无操作 */
            break;
     900:	e00d      	b.n	91e <Os_Callback_Alarm+0x4a>
            ActivateTask(OsDkTask_10ms);
     902:	2001      	movs	r0, #1
     904:	f000 fa4e 	bl	da4 <ActivateTask>
            break;
     908:	e00a      	b.n	920 <Os_Callback_Alarm+0x4c>
            ActivateTask(OsDkTask_50ms);
     90a:	2002      	movs	r0, #2
     90c:	f000 fa4a 	bl	da4 <ActivateTask>
            break;
     910:	e006      	b.n	920 <Os_Callback_Alarm+0x4c>
            ActivateTask(OsDkTask_100ms);
     912:	2003      	movs	r0, #3
     914:	f000 fa46 	bl	da4 <ActivateTask>
            break;
     918:	e002      	b.n	920 <Os_Callback_Alarm+0x4c>
            break;
     91a:	bf00      	nop
     91c:	e000      	b.n	920 <Os_Callback_Alarm+0x4c>
            break;
     91e:	bf00      	nop
    }
}
     920:	bf00      	nop
     922:	3708      	adds	r7, #8
     924:	46bd      	mov	sp, r7
     926:	bd80      	pop	{r7, pc}

00000928 <OsDkAlarm_10ms_Callback>:

/* 各 Alarm 的具体回调包装 */
static void OsDkAlarm_10ms_Callback(void)   { Os_Callback_Alarm(OsDkAlarm_10ms_Task); }
     928:	b580      	push	{r7, lr}
     92a:	af00      	add	r7, sp, #0
     92c:	2000      	movs	r0, #0
     92e:	f7ff ffd1 	bl	8d4 <Os_Callback_Alarm>
     932:	bf00      	nop
     934:	bd80      	pop	{r7, pc}

00000936 <OsDkAlarm_50ms_Callback>:
static void OsDkAlarm_50ms_Callback(void)   { Os_Callback_Alarm(OsDkAlarm_50ms_Task); }
     936:	b580      	push	{r7, lr}
     938:	af00      	add	r7, sp, #0
     93a:	2001      	movs	r0, #1
     93c:	f7ff ffca 	bl	8d4 <Os_Callback_Alarm>
     940:	bf00      	nop
     942:	bd80      	pop	{r7, pc}

00000944 <OsDkAlarm_100ms_Callback>:
static void OsDkAlarm_100ms_Callback(void)  { Os_Callback_Alarm(OsDkAlarm_100ms_Task); }
     944:	b580      	push	{r7, lr}
     946:	af00      	add	r7, sp, #0
     948:	2002      	movs	r0, #2
     94a:	f7ff ffc3 	bl	8d4 <Os_Callback_Alarm>
     94e:	bf00      	nop
     950:	bd80      	pop	{r7, pc}

00000952 <OsDkAlarm_EcuM_Callback>:
static void OsDkAlarm_EcuM_Callback(void)   { Os_Callback_Alarm(OsDkAlarm_EcuM_MainFunction); }
     952:	b580      	push	{r7, lr}
     954:	af00      	add	r7, sp, #0
     956:	2003      	movs	r0, #3
     958:	f7ff ffbc 	bl	8d4 <Os_Callback_Alarm>
     95c:	bf00      	nop
     95e:	bd80      	pop	{r7, pc}

00000960 <OsDkTask_Init_Entry>:

/* =========================================================================
 * OsDkTask_Init — 一次性初始化任务
 * ========================================================================= */
void OsDkTask_Init_Entry(void)
{
     960:	b580      	push	{r7, lr}
     962:	af00      	add	r7, sp, #0
    /* EcuM 驱动初始化第三阶段 (SWC) 已在 StartupThree 完成 */
    /* 此处可以执行 OS 启动后的补充初始化 */

    /* 请求 EcuM RUN 模式 (防止 EcuM 进入 PostRun/Shutdown) */
    EcuM_RequestRUN(0U);
     964:	2000      	movs	r0, #0
     966:	f001 fe6b 	bl	2640 <EcuM_RequestRUN>

    /* 初始化完成后删除 Init 任务 (AUTOSAR 标准) */
    TerminateTask();
     96a:	f000 fa8d 	bl	e88 <TerminateTask>
}
     96e:	bf00      	nop
     970:	bd80      	pop	{r7, pc}

00000972 <OsDkTask_10ms_Entry>:
 *   - BLE 数据轮询
 *   - 安全状态实时检查
 *   - WdgM 周期性触发
 * ========================================================================= */
void OsDkTask_10ms_Entry(void)
{
     972:	b580      	push	{r7, lr}
     974:	af00      	add	r7, sp, #0
    /* 实际项目中此处调用 icce_uwb_get_ranging() 并分发数据 */

    /* === BLE 数据处理 === */

    /* === WdgM MainFunction (10ms 周期) === */
    Wdgm_MainFunction();
     976:	f002 feb7 	bl	36e8 <Wdgm_MainFunction>

    /* === EcuM MainFunction (10ms 周期) === */
    EcuM_MainFunction();
     97a:	f001 fc93 	bl	22a4 <EcuM_MainFunction>

    /* 等待下一周期 (TaskType 为 extended 时可用 WaitEvent) */
    TerminateTask();
     97e:	f000 fa83 	bl	e88 <TerminateTask>
}
     982:	bf00      	nop
     984:	bd80      	pop	{r7, pc}

00000986 <OsDkTask_50ms_Entry>:
 *   - 边缘规则评估 (icce_edge_evaluate)
 *   - 区域变化检测 (icce_zone_classify)
 *   - 离线决策重算
 * ========================================================================= */
void OsDkTask_50ms_Entry(void)
{
     986:	b580      	push	{r7, lr}
     988:	af00      	add	r7, sp, #0
    /* === 区域状态评估 === */
    /* 从 UWB 最新测距结果中获取距离, 判断区域 */

    /* === 边缘计算规则评估 === */

    TerminateTask();
     98a:	f000 fa7d 	bl	e88 <TerminateTask>
}
     98e:	bf00      	nop
     990:	bd80      	pop	{r7, pc}

00000992 <OsDkTask_100ms_Entry>:
 *   - 钥匙过期检查 (icce_security_check_engine_start_perm)
 *   - CAN 消息收发
 *   - NvM 存储操作
 * ========================================================================= */
void OsDkTask_100ms_Entry(void)
{
     992:	b580      	push	{r7, lr}
     994:	af00      	add	r7, sp, #0

    /* === 钥匙过期检查 === */

    /* === CAN 通信 === */

    TerminateTask();
     996:	f000 fa77 	bl	e88 <TerminateTask>
}
     99a:	bf00      	nop
     99c:	bd80      	pop	{r7, pc}

0000099e <OsDkTask_Background_Entry>:
 *   - 低优先级维护
 *   - 调试日志输出
 *   - BLE 广播参数校准
 * ========================================================================= */
void OsDkTask_Background_Entry(void)
{
     99e:	b580      	push	{r7, lr}
     9a0:	af00      	add	r7, sp, #0
    /* 后台维护工作在空闲期间执行 */

    /* 注意: 背景任务应尽快返回, 不阻塞高优先级任务 */
    TerminateTask();
     9a2:	f000 fa71 	bl	e88 <TerminateTask>
}
     9a6:	bf00      	nop
     9a8:	bd80      	pop	{r7, pc}

000009aa <vTaskSwitchContext>:
#include "task.h"

/* FreeRTOS globals needed by port.c */
void *pxCurrentTCB = 0;
BaseType_t xPortSwitchRequired = pdFALSE;
void vTaskSwitchContext(void) { }
     9aa:	b480      	push	{r7}
     9ac:	af00      	add	r7, sp, #0
     9ae:	bf00      	nop
     9b0:	46bd      	mov	sp, r7
     9b2:	bc80      	pop	{r7}
     9b4:	4770      	bx	lr

000009b6 <vTaskIncrementTick>:
void vTaskIncrementTick(void) { }
     9b6:	b480      	push	{r7}
     9b8:	af00      	add	r7, sp, #0
     9ba:	bf00      	nop
     9bc:	46bd      	mov	sp, r7
     9be:	bc80      	pop	{r7}
     9c0:	4770      	bx	lr

000009c2 <xTaskCreate>:

/* Task API stubs */
BaseType_t xTaskCreate(TaskFunction_t pvTaskCode, const char* pcName,
                        unsigned long usStackDepth, void* pvParameters,
                        UBaseType_t uxPriority, TaskHandle_t* pxCreatedTask) {
     9c2:	b480      	push	{r7}
     9c4:	b085      	sub	sp, #20
     9c6:	af00      	add	r7, sp, #0
     9c8:	60f8      	str	r0, [r7, #12]
     9ca:	60b9      	str	r1, [r7, #8]
     9cc:	607a      	str	r2, [r7, #4]
     9ce:	603b      	str	r3, [r7, #0]
    (void)pvTaskCode; (void)pcName; (void)usStackDepth;
    (void)pvParameters; (void)uxPriority; (void)pxCreatedTask;
    return pdPASS;
     9d0:	2301      	movs	r3, #1
}
     9d2:	4618      	mov	r0, r3
     9d4:	3714      	adds	r7, #20
     9d6:	46bd      	mov	sp, r7
     9d8:	bc80      	pop	{r7}
     9da:	4770      	bx	lr

000009dc <vTaskDelete>:
void vTaskDelete(TaskHandle_t xTask) { (void)xTask; }
     9dc:	b480      	push	{r7}
     9de:	b083      	sub	sp, #12
     9e0:	af00      	add	r7, sp, #0
     9e2:	6078      	str	r0, [r7, #4]
     9e4:	bf00      	nop
     9e6:	370c      	adds	r7, #12
     9e8:	46bd      	mov	sp, r7
     9ea:	bc80      	pop	{r7}
     9ec:	4770      	bx	lr

000009ee <vTaskDelay>:
void vTaskDelay(const TickType_t xTicksToDelay) { (void)xTicksToDelay; }
     9ee:	b480      	push	{r7}
     9f0:	b083      	sub	sp, #12
     9f2:	af00      	add	r7, sp, #0
     9f4:	6078      	str	r0, [r7, #4]
     9f6:	bf00      	nop
     9f8:	370c      	adds	r7, #12
     9fa:	46bd      	mov	sp, r7
     9fc:	bc80      	pop	{r7}
     9fe:	4770      	bx	lr

00000a00 <vTaskSuspend>:
void vTaskSuspend(TaskHandle_t xTaskToSuspend) { (void)xTaskToSuspend; }
     a00:	b480      	push	{r7}
     a02:	b083      	sub	sp, #12
     a04:	af00      	add	r7, sp, #0
     a06:	6078      	str	r0, [r7, #4]
     a08:	bf00      	nop
     a0a:	370c      	adds	r7, #12
     a0c:	46bd      	mov	sp, r7
     a0e:	bc80      	pop	{r7}
     a10:	4770      	bx	lr

00000a12 <vTaskResume>:
void vTaskResume(TaskHandle_t xTaskToResume) { (void)xTaskToResume; }
     a12:	b480      	push	{r7}
     a14:	b083      	sub	sp, #12
     a16:	af00      	add	r7, sp, #0
     a18:	6078      	str	r0, [r7, #4]
     a1a:	bf00      	nop
     a1c:	370c      	adds	r7, #12
     a1e:	46bd      	mov	sp, r7
     a20:	bc80      	pop	{r7}
     a22:	4770      	bx	lr

00000a24 <xTaskResumeFromISR>:
BaseType_t xTaskResumeFromISR(TaskHandle_t xTaskToResume) { (void)xTaskToResume; return pdFALSE; }
     a24:	b480      	push	{r7}
     a26:	b083      	sub	sp, #12
     a28:	af00      	add	r7, sp, #0
     a2a:	6078      	str	r0, [r7, #4]
     a2c:	2300      	movs	r3, #0
     a2e:	4618      	mov	r0, r3
     a30:	370c      	adds	r7, #12
     a32:	46bd      	mov	sp, r7
     a34:	bc80      	pop	{r7}
     a36:	4770      	bx	lr

00000a38 <uxTaskPriorityGet>:
UBaseType_t uxTaskPriorityGet(const TaskHandle_t xTask) { (void)xTask; return 0; }
     a38:	b480      	push	{r7}
     a3a:	b083      	sub	sp, #12
     a3c:	af00      	add	r7, sp, #0
     a3e:	6078      	str	r0, [r7, #4]
     a40:	2300      	movs	r3, #0
     a42:	4618      	mov	r0, r3
     a44:	370c      	adds	r7, #12
     a46:	46bd      	mov	sp, r7
     a48:	bc80      	pop	{r7}
     a4a:	4770      	bx	lr

00000a4c <vTaskPrioritySet>:
void vTaskPrioritySet(TaskHandle_t xTask, UBaseType_t uxNewPriority) { (void)xTask; (void)uxNewPriority; }
     a4c:	b480      	push	{r7}
     a4e:	b083      	sub	sp, #12
     a50:	af00      	add	r7, sp, #0
     a52:	6078      	str	r0, [r7, #4]
     a54:	6039      	str	r1, [r7, #0]
     a56:	bf00      	nop
     a58:	370c      	adds	r7, #12
     a5a:	46bd      	mov	sp, r7
     a5c:	bc80      	pop	{r7}
     a5e:	4770      	bx	lr

00000a60 <taskYIELD>:
void taskYIELD(void) {}
     a60:	b480      	push	{r7}
     a62:	af00      	add	r7, sp, #0
     a64:	bf00      	nop
     a66:	46bd      	mov	sp, r7
     a68:	bc80      	pop	{r7}
     a6a:	4770      	bx	lr

00000a6c <xTaskNotifyWait>:
BaseType_t xTaskNotifyWait(unsigned long a, unsigned long b, unsigned long* c, TickType_t d) { (void)a;(void)b;(void)c;(void)d; return pdFALSE; }
     a6c:	b480      	push	{r7}
     a6e:	b085      	sub	sp, #20
     a70:	af00      	add	r7, sp, #0
     a72:	60f8      	str	r0, [r7, #12]
     a74:	60b9      	str	r1, [r7, #8]
     a76:	607a      	str	r2, [r7, #4]
     a78:	603b      	str	r3, [r7, #0]
     a7a:	2300      	movs	r3, #0
     a7c:	4618      	mov	r0, r3
     a7e:	3714      	adds	r7, #20
     a80:	46bd      	mov	sp, r7
     a82:	bc80      	pop	{r7}
     a84:	4770      	bx	lr

00000a86 <xTaskNotify>:
BaseType_t xTaskNotify(TaskHandle_t a, unsigned long b, eNotifyAction c) { (void)a;(void)b;(void)c; return pdFALSE; }
     a86:	b480      	push	{r7}
     a88:	b085      	sub	sp, #20
     a8a:	af00      	add	r7, sp, #0
     a8c:	60f8      	str	r0, [r7, #12]
     a8e:	60b9      	str	r1, [r7, #8]
     a90:	4613      	mov	r3, r2
     a92:	71fb      	strb	r3, [r7, #7]
     a94:	2300      	movs	r3, #0
     a96:	4618      	mov	r0, r3
     a98:	3714      	adds	r7, #20
     a9a:	46bd      	mov	sp, r7
     a9c:	bc80      	pop	{r7}
     a9e:	4770      	bx	lr

00000aa0 <xTaskNotifyFromISR>:
BaseType_t xTaskNotifyFromISR(TaskHandle_t a, unsigned long b, eNotifyAction c, BaseType_t* d) { (void)a;(void)b;(void)c;(void)d; return pdFALSE; }
     aa0:	b480      	push	{r7}
     aa2:	b085      	sub	sp, #20
     aa4:	af00      	add	r7, sp, #0
     aa6:	60f8      	str	r0, [r7, #12]
     aa8:	60b9      	str	r1, [r7, #8]
     aaa:	603b      	str	r3, [r7, #0]
     aac:	4613      	mov	r3, r2
     aae:	71fb      	strb	r3, [r7, #7]
     ab0:	2300      	movs	r3, #0
     ab2:	4618      	mov	r0, r3
     ab4:	3714      	adds	r7, #20
     ab6:	46bd      	mov	sp, r7
     ab8:	bc80      	pop	{r7}
     aba:	4770      	bx	lr

00000abc <xTaskGetCurrentTaskHandle>:
TaskHandle_t xTaskGetCurrentTaskHandle(void) { return (TaskHandle_t)0; }
     abc:	b480      	push	{r7}
     abe:	af00      	add	r7, sp, #0
     ac0:	2300      	movs	r3, #0
     ac2:	4618      	mov	r0, r3
     ac4:	46bd      	mov	sp, r7
     ac6:	bc80      	pop	{r7}
     ac8:	4770      	bx	lr

00000aca <eTaskGetState>:
eTaskState eTaskGetState(TaskHandle_t xTask) { (void)xTask; return eReady; }
     aca:	b480      	push	{r7}
     acc:	b083      	sub	sp, #12
     ace:	af00      	add	r7, sp, #0
     ad0:	6078      	str	r0, [r7, #4]
     ad2:	2301      	movs	r3, #1
     ad4:	4618      	mov	r0, r3
     ad6:	370c      	adds	r7, #12
     ad8:	46bd      	mov	sp, r7
     ada:	bc80      	pop	{r7}
     adc:	4770      	bx	lr

00000ade <xTaskGetTickCount>:
TickType_t xTaskGetTickCount(void) { return 0; }
     ade:	b480      	push	{r7}
     ae0:	af00      	add	r7, sp, #0
     ae2:	2300      	movs	r3, #0
     ae4:	4618      	mov	r0, r3
     ae6:	46bd      	mov	sp, r7
     ae8:	bc80      	pop	{r7}
     aea:	4770      	bx	lr

00000aec <vTaskStartScheduler>:

/* Scheduler */
void vTaskStartScheduler(void) {}
     aec:	b480      	push	{r7}
     aee:	af00      	add	r7, sp, #0
     af0:	bf00      	nop
     af2:	46bd      	mov	sp, r7
     af4:	bc80      	pop	{r7}
     af6:	4770      	bx	lr

00000af8 <vTaskEndScheduler>:
void vTaskEndScheduler(void) {}
     af8:	b480      	push	{r7}
     afa:	af00      	add	r7, sp, #0
     afc:	bf00      	nop
     afe:	46bd      	mov	sp, r7
     b00:	bc80      	pop	{r7}
     b02:	4770      	bx	lr

00000b04 <pvTimerGetTimerID>:

/* Timer API */
void *pvTimerGetTimerID(TimerHandle_t xTimer) { (void)xTimer; return 0; }
     b04:	b480      	push	{r7}
     b06:	b083      	sub	sp, #12
     b08:	af00      	add	r7, sp, #0
     b0a:	6078      	str	r0, [r7, #4]
     b0c:	2300      	movs	r3, #0
     b0e:	4618      	mov	r0, r3
     b10:	370c      	adds	r7, #12
     b12:	46bd      	mov	sp, r7
     b14:	bc80      	pop	{r7}
     b16:	4770      	bx	lr

00000b18 <xTimerCreate>:
TimerHandle_t xTimerCreate(const char *a, TickType_t b, UBaseType_t c, void *d, TimerCallbackFunction_t e) { (void)a;(void)b;(void)c;(void)d;(void)e; return (TimerHandle_t)1; }
     b18:	b480      	push	{r7}
     b1a:	b085      	sub	sp, #20
     b1c:	af00      	add	r7, sp, #0
     b1e:	60f8      	str	r0, [r7, #12]
     b20:	60b9      	str	r1, [r7, #8]
     b22:	607a      	str	r2, [r7, #4]
     b24:	603b      	str	r3, [r7, #0]
     b26:	2301      	movs	r3, #1
     b28:	4618      	mov	r0, r3
     b2a:	3714      	adds	r7, #20
     b2c:	46bd      	mov	sp, r7
     b2e:	bc80      	pop	{r7}
     b30:	4770      	bx	lr

00000b32 <xTimerStart>:
BaseType_t xTimerStart(TimerHandle_t xTimer, TickType_t xTicksToWait) { (void)xTimer;(void)xTicksToWait; return pdPASS; }
     b32:	b480      	push	{r7}
     b34:	b083      	sub	sp, #12
     b36:	af00      	add	r7, sp, #0
     b38:	6078      	str	r0, [r7, #4]
     b3a:	6039      	str	r1, [r7, #0]
     b3c:	2301      	movs	r3, #1
     b3e:	4618      	mov	r0, r3
     b40:	370c      	adds	r7, #12
     b42:	46bd      	mov	sp, r7
     b44:	bc80      	pop	{r7}
     b46:	4770      	bx	lr

00000b48 <xTimerStop>:
BaseType_t xTimerStop(TimerHandle_t xTimer, TickType_t xTicksToWait) { (void)xTimer;(void)xTicksToWait; return pdPASS; }
     b48:	b480      	push	{r7}
     b4a:	b083      	sub	sp, #12
     b4c:	af00      	add	r7, sp, #0
     b4e:	6078      	str	r0, [r7, #4]
     b50:	6039      	str	r1, [r7, #0]
     b52:	2301      	movs	r3, #1
     b54:	4618      	mov	r0, r3
     b56:	370c      	adds	r7, #12
     b58:	46bd      	mov	sp, r7
     b5a:	bc80      	pop	{r7}
     b5c:	4770      	bx	lr

00000b5e <xTimerChangePeriod>:
BaseType_t xTimerChangePeriod(TimerHandle_t xTimer, TickType_t xNewPeriod, TickType_t xTicksToWait) { (void)xTimer;(void)xNewPeriod;(void)xTicksToWait; return pdPASS; }
     b5e:	b480      	push	{r7}
     b60:	b085      	sub	sp, #20
     b62:	af00      	add	r7, sp, #0
     b64:	60f8      	str	r0, [r7, #12]
     b66:	60b9      	str	r1, [r7, #8]
     b68:	607a      	str	r2, [r7, #4]
     b6a:	2301      	movs	r3, #1
     b6c:	4618      	mov	r0, r3
     b6e:	3714      	adds	r7, #20
     b70:	46bd      	mov	sp, r7
     b72:	bc80      	pop	{r7}
     b74:	4770      	bx	lr

00000b76 <xEventGroupCreate>:

/* Event Groups */
EventGroupHandle_t xEventGroupCreate(void) { return (EventGroupHandle_t)1; }
     b76:	b480      	push	{r7}
     b78:	af00      	add	r7, sp, #0
     b7a:	2301      	movs	r3, #1
     b7c:	4618      	mov	r0, r3
     b7e:	46bd      	mov	sp, r7
     b80:	bc80      	pop	{r7}
     b82:	4770      	bx	lr

00000b84 <xEventGroupWaitBits>:
EventBits_t xEventGroupWaitBits(EventGroupHandle_t a, EventBits_t b, BaseType_t c, BaseType_t d, TickType_t e) { (void)a;(void)b;(void)c;(void)d;(void)e; return 0; }
     b84:	b480      	push	{r7}
     b86:	b085      	sub	sp, #20
     b88:	af00      	add	r7, sp, #0
     b8a:	60f8      	str	r0, [r7, #12]
     b8c:	60b9      	str	r1, [r7, #8]
     b8e:	607a      	str	r2, [r7, #4]
     b90:	603b      	str	r3, [r7, #0]
     b92:	2300      	movs	r3, #0
     b94:	4618      	mov	r0, r3
     b96:	3714      	adds	r7, #20
     b98:	46bd      	mov	sp, r7
     b9a:	bc80      	pop	{r7}
     b9c:	4770      	bx	lr

00000b9e <xEventGroupSetBits>:
EventBits_t xEventGroupSetBits(EventGroupHandle_t a, EventBits_t b) { (void)a;(void)b; return 0; }
     b9e:	b480      	push	{r7}
     ba0:	b083      	sub	sp, #12
     ba2:	af00      	add	r7, sp, #0
     ba4:	6078      	str	r0, [r7, #4]
     ba6:	6039      	str	r1, [r7, #0]
     ba8:	2300      	movs	r3, #0
     baa:	4618      	mov	r0, r3
     bac:	370c      	adds	r7, #12
     bae:	46bd      	mov	sp, r7
     bb0:	bc80      	pop	{r7}
     bb2:	4770      	bx	lr

00000bb4 <xEventGroupClearBits>:
EventBits_t xEventGroupClearBits(EventGroupHandle_t a, EventBits_t b) { (void)a;(void)b; return 0; }
     bb4:	b480      	push	{r7}
     bb6:	b083      	sub	sp, #12
     bb8:	af00      	add	r7, sp, #0
     bba:	6078      	str	r0, [r7, #4]
     bbc:	6039      	str	r1, [r7, #0]
     bbe:	2300      	movs	r3, #0
     bc0:	4618      	mov	r0, r3
     bc2:	370c      	adds	r7, #12
     bc4:	46bd      	mov	sp, r7
     bc6:	bc80      	pop	{r7}
     bc8:	4770      	bx	lr

00000bca <xEventGroupGetBits>:
EventBits_t xEventGroupGetBits(EventGroupHandle_t a) { (void)a; return 0; }
     bca:	b480      	push	{r7}
     bcc:	b083      	sub	sp, #12
     bce:	af00      	add	r7, sp, #0
     bd0:	6078      	str	r0, [r7, #4]
     bd2:	2300      	movs	r3, #0
     bd4:	4618      	mov	r0, r3
     bd6:	370c      	adds	r7, #12
     bd8:	46bd      	mov	sp, r7
     bda:	bc80      	pop	{r7}
     bdc:	4770      	bx	lr

00000bde <xSemaphoreCreateMutex>:

/* Semaphores */
SemaphoreHandle_t xSemaphoreCreateMutex(void) { return (SemaphoreHandle_t)1; }
     bde:	b480      	push	{r7}
     be0:	af00      	add	r7, sp, #0
     be2:	2301      	movs	r3, #1
     be4:	4618      	mov	r0, r3
     be6:	46bd      	mov	sp, r7
     be8:	bc80      	pop	{r7}
     bea:	4770      	bx	lr

00000bec <xSemaphoreTake>:
BaseType_t xSemaphoreTake(SemaphoreHandle_t a, TickType_t b) { (void)a;(void)b; return pdTRUE; }
     bec:	b480      	push	{r7}
     bee:	b083      	sub	sp, #12
     bf0:	af00      	add	r7, sp, #0
     bf2:	6078      	str	r0, [r7, #4]
     bf4:	6039      	str	r1, [r7, #0]
     bf6:	2301      	movs	r3, #1
     bf8:	4618      	mov	r0, r3
     bfa:	370c      	adds	r7, #12
     bfc:	46bd      	mov	sp, r7
     bfe:	bc80      	pop	{r7}
     c00:	4770      	bx	lr

00000c02 <xSemaphoreGive>:
BaseType_t xSemaphoreGive(SemaphoreHandle_t a) { (void)a; return pdTRUE; }
     c02:	b480      	push	{r7}
     c04:	b083      	sub	sp, #12
     c06:	af00      	add	r7, sp, #0
     c08:	6078      	str	r0, [r7, #4]
     c0a:	2301      	movs	r3, #1
     c0c:	4618      	mov	r0, r3
     c0e:	370c      	adds	r7, #12
     c10:	46bd      	mov	sp, r7
     c12:	bc80      	pop	{r7}
     c14:	4770      	bx	lr

00000c16 <xSemaphoreGiveFromISR>:
BaseType_t xSemaphoreGiveFromISR(SemaphoreHandle_t a, BaseType_t *b) { (void)a;(void)b; return pdTRUE; }
     c16:	b480      	push	{r7}
     c18:	b083      	sub	sp, #12
     c1a:	af00      	add	r7, sp, #0
     c1c:	6078      	str	r0, [r7, #4]
     c1e:	6039      	str	r1, [r7, #0]
     c20:	2301      	movs	r3, #1
     c22:	4618      	mov	r0, r3
     c24:	370c      	adds	r7, #12
     c26:	46bd      	mov	sp, r7
     c28:	bc80      	pop	{r7}
     c2a:	4770      	bx	lr

00000c2c <pvPortMalloc>:

/* Memory */
__attribute__((weak)) void *pvPortMalloc(size_t xWantedSize) { (void)xWantedSize; return 0; }
     c2c:	b480      	push	{r7}
     c2e:	b083      	sub	sp, #12
     c30:	af00      	add	r7, sp, #0
     c32:	6078      	str	r0, [r7, #4]
     c34:	2300      	movs	r3, #0
     c36:	4618      	mov	r0, r3
     c38:	370c      	adds	r7, #12
     c3a:	46bd      	mov	sp, r7
     c3c:	bc80      	pop	{r7}
     c3e:	4770      	bx	lr

00000c40 <vPortFree>:
__attribute__((weak)) void vPortFree(void *pv) { (void)pv; }
     c40:	b480      	push	{r7}
     c42:	b083      	sub	sp, #12
     c44:	af00      	add	r7, sp, #0
     c46:	6078      	str	r0, [r7, #4]
     c48:	bf00      	nop
     c4a:	370c      	adds	r7, #12
     c4c:	46bd      	mov	sp, r7
     c4e:	bc80      	pop	{r7}
     c50:	4770      	bx	lr

00000c52 <icce_dk_init>:

/* ICCE Protocol stubs */
void icce_dk_init(void) {}
     c52:	b480      	push	{r7}
     c54:	af00      	add	r7, sp, #0
     c56:	bf00      	nop
     c58:	46bd      	mov	sp, r7
     c5a:	bc80      	pop	{r7}
     c5c:	4770      	bx	lr

00000c5e <icce_dk_early_init>:
void icce_dk_early_init(void) {}
     c5e:	b480      	push	{r7}
     c60:	af00      	add	r7, sp, #0
     c62:	bf00      	nop
     c64:	46bd      	mov	sp, r7
     c66:	bc80      	pop	{r7}
     c68:	4770      	bx	lr

00000c6a <icce_dk_late_init>:
void icce_dk_late_init(void) {}
     c6a:	b480      	push	{r7}
     c6c:	af00      	add	r7, sp, #0
     c6e:	bf00      	nop
     c70:	46bd      	mov	sp, r7
     c72:	bc80      	pop	{r7}
     c74:	4770      	bx	lr

00000c76 <icce_dk_on_wakeup>:
void icce_dk_on_wakeup(uint32_t wakeup_source) { (void)wakeup_source; }
     c76:	b480      	push	{r7}
     c78:	b083      	sub	sp, #12
     c7a:	af00      	add	r7, sp, #0
     c7c:	6078      	str	r0, [r7, #4]
     c7e:	bf00      	nop
     c80:	370c      	adds	r7, #12
     c82:	46bd      	mov	sp, r7
     c84:	bc80      	pop	{r7}
     c86:	4770      	bx	lr

00000c88 <icce_dk_on_sleep>:
void icce_dk_on_sleep(void) {}
     c88:	b480      	push	{r7}
     c8a:	af00      	add	r7, sp, #0
     c8c:	bf00      	nop
     c8e:	46bd      	mov	sp, r7
     c90:	bc80      	pop	{r7}
     c92:	4770      	bx	lr

00000c94 <icce_ble_init>:
void icce_ble_init(void) {}
     c94:	b480      	push	{r7}
     c96:	af00      	add	r7, sp, #0
     c98:	bf00      	nop
     c9a:	46bd      	mov	sp, r7
     c9c:	bc80      	pop	{r7}
     c9e:	4770      	bx	lr

00000ca0 <icce_ble_deinit>:
void icce_ble_deinit(void) {}
     ca0:	b480      	push	{r7}
     ca2:	af00      	add	r7, sp, #0
     ca4:	bf00      	nop
     ca6:	46bd      	mov	sp, r7
     ca8:	bc80      	pop	{r7}
     caa:	4770      	bx	lr

00000cac <icce_ble_start_adv>:
void icce_ble_start_adv(void) {}
     cac:	b480      	push	{r7}
     cae:	af00      	add	r7, sp, #0
     cb0:	bf00      	nop
     cb2:	46bd      	mov	sp, r7
     cb4:	bc80      	pop	{r7}
     cb6:	4770      	bx	lr

00000cb8 <icce_ble_stop_adv>:
void icce_ble_stop_adv(void) {}
     cb8:	b480      	push	{r7}
     cba:	af00      	add	r7, sp, #0
     cbc:	bf00      	nop
     cbe:	46bd      	mov	sp, r7
     cc0:	bc80      	pop	{r7}
     cc2:	4770      	bx	lr

00000cc4 <icce_uwb_init>:
void icce_uwb_init(void) {}
     cc4:	b480      	push	{r7}
     cc6:	af00      	add	r7, sp, #0
     cc8:	bf00      	nop
     cca:	46bd      	mov	sp, r7
     ccc:	bc80      	pop	{r7}
     cce:	4770      	bx	lr

00000cd0 <icce_uwb_deinit>:
void icce_uwb_deinit(void) {}
     cd0:	b480      	push	{r7}
     cd2:	af00      	add	r7, sp, #0
     cd4:	bf00      	nop
     cd6:	46bd      	mov	sp, r7
     cd8:	bc80      	pop	{r7}
     cda:	4770      	bx	lr

00000cdc <WdgIf_Trigger>:

/* WdgIf */
Std_ReturnType WdgIf_Trigger(uint8 Device) { (void)Device; return E_OK; }
     cdc:	b480      	push	{r7}
     cde:	b083      	sub	sp, #12
     ce0:	af00      	add	r7, sp, #0
     ce2:	4603      	mov	r3, r0
     ce4:	71fb      	strb	r3, [r7, #7]
     ce6:	2300      	movs	r3, #0
     ce8:	4618      	mov	r0, r3
     cea:	370c      	adds	r7, #12
     cec:	46bd      	mov	sp, r7
     cee:	bc80      	pop	{r7}
     cf0:	4770      	bx	lr
	...

00000cf4 <StartOS>:
 *
 * @pre None
 * @post OS initialized and scheduler started
 */
void StartOS(AppModeType Mode)
{
     cf4:	b580      	push	{r7, lr}
     cf6:	b082      	sub	sp, #8
     cf8:	af00      	add	r7, sp, #0
     cfa:	4603      	mov	r3, r0
     cfc:	71fb      	strb	r3, [r7, #7]
    Os_Internal_StartOS(Mode);
     cfe:	79fb      	ldrb	r3, [r7, #7]
     d00:	4618      	mov	r0, r3
     d02:	f000 f804 	bl	d0e <Os_Internal_StartOS>
}
     d06:	bf00      	nop
     d08:	3708      	adds	r7, #8
     d0a:	46bd      	mov	sp, r7
     d0c:	bd80      	pop	{r7, pc}

00000d0e <Os_Internal_StartOS>:

/**
 * @brief Internal OS startup
 */
void Os_Internal_StartOS(AppModeType Mode)
{
     d0e:	b580      	push	{r7, lr}
     d10:	b082      	sub	sp, #8
     d12:	af00      	add	r7, sp, #0
     d14:	4603      	mov	r3, r0
     d16:	71fb      	strb	r3, [r7, #7]
    uint32 i;

    memset(&Os_GlobalState, 0, sizeof(Os_GlobalState));
     d18:	221c      	movs	r2, #28
     d1a:	2100      	movs	r1, #0
     d1c:	480d      	ldr	r0, [pc, #52]	@ (d54 <Os_Internal_StartOS+0x46>)
     d1e:	f7ff fc79 	bl	614 <memset>
    Os_GlobalState.CurrentAppMode = Mode;
     d22:	4a0c      	ldr	r2, [pc, #48]	@ (d54 <Os_Internal_StartOS+0x46>)
     d24:	79fb      	ldrb	r3, [r7, #7]
     d26:	7093      	strb	r3, [r2, #2]
    Os_GlobalState.IsRunning = TRUE;
     d28:	4b0a      	ldr	r3, [pc, #40]	@ (d54 <Os_Internal_StartOS+0x46>)
     d2a:	2201      	movs	r2, #1
     d2c:	705a      	strb	r2, [r3, #1]

    /* Initialize resources */
    Os_InitResources();
     d2e:	f000 fe80 	bl	1a32 <Os_InitResources>

    /* Initialize alarms */
    Os_InitAlarms();
     d32:	f000 feb1 	bl	1a98 <Os_InitAlarms>

    /* Initialize tasks based on application mode */
    Os_InitTasks(Mode);
     d36:	79fb      	ldrb	r3, [r7, #7]
     d38:	4618      	mov	r0, r3
     d3a:	f000 fee5 	bl	1b08 <Os_InitTasks>

    /* Call startup hook */
    Os_Internal_StartupHook();
     d3e:	f000 fe30 	bl	19a2 <Os_Internal_StartupHook>

    /* Start FreeRTOS scheduler */
    vTaskStartScheduler();
     d42:	f7ff fed3 	bl	aec <vTaskStartScheduler>

    /* Should never reach here unless scheduler stops */
    Os_Internal_ShutdownHook(E_OS_OK);
     d46:	2000      	movs	r0, #0
     d48:	f000 fe44 	bl	19d4 <Os_Internal_ShutdownHook>
}
     d4c:	bf00      	nop
     d4e:	3708      	adds	r7, #8
     d50:	46bd      	mov	sp, r7
     d52:	bd80      	pop	{r7, pc}
     d54:	1fff8124 	.word	0x1fff8124

00000d58 <ShutdownOS>:
 * @brief Shutdown the Operating System
 *
 * @param[in] Error Error code for shutdown reason
 */
void ShutdownOS(StatusType Error)
{
     d58:	b580      	push	{r7, lr}
     d5a:	b082      	sub	sp, #8
     d5c:	af00      	add	r7, sp, #0
     d5e:	4603      	mov	r3, r0
     d60:	71fb      	strb	r3, [r7, #7]
    Os_Internal_ShutdownOS(Error);
     d62:	79fb      	ldrb	r3, [r7, #7]
     d64:	4618      	mov	r0, r3
     d66:	f000 f804 	bl	d72 <Os_Internal_ShutdownOS>
}
     d6a:	bf00      	nop
     d6c:	3708      	adds	r7, #8
     d6e:	46bd      	mov	sp, r7
     d70:	bd80      	pop	{r7, pc}

00000d72 <Os_Internal_ShutdownOS>:

/**
 * @brief Internal OS shutdown
 */
void Os_Internal_ShutdownOS(StatusType Error)
{
     d72:	b580      	push	{r7, lr}
     d74:	b082      	sub	sp, #8
     d76:	af00      	add	r7, sp, #0
     d78:	4603      	mov	r3, r0
     d7a:	71fb      	strb	r3, [r7, #7]
    Os_GlobalState.IsRunning = FALSE;
     d7c:	4b03      	ldr	r3, [pc, #12]	@ (d8c <Os_Internal_ShutdownOS+0x1a>)
     d7e:	2200      	movs	r2, #0
     d80:	705a      	strb	r2, [r3, #1]
    Os_Internal_ShutdownHook(Error);
     d82:	79fb      	ldrb	r3, [r7, #7]
     d84:	4618      	mov	r0, r3
     d86:	f000 fe25 	bl	19d4 <Os_Internal_ShutdownHook>
    #ifdef vTaskEndScheduler
    vTaskEndScheduler();
    #endif

    /* Infinite loop - system halted */
    for(;;)
     d8a:	e7fe      	b.n	d8a <Os_Internal_ShutdownOS+0x18>
     d8c:	1fff8124 	.word	0x1fff8124

00000d90 <GetActiveApplicationMode>:
 * @brief Get the active application mode
 *
 * @return AppModeType Current application mode
 */
AppModeType GetActiveApplicationMode(void)
{
     d90:	b480      	push	{r7}
     d92:	af00      	add	r7, sp, #0
    return Os_GlobalState.CurrentAppMode;
     d94:	4b02      	ldr	r3, [pc, #8]	@ (da0 <GetActiveApplicationMode+0x10>)
     d96:	789b      	ldrb	r3, [r3, #2]
}
     d98:	4618      	mov	r0, r3
     d9a:	46bd      	mov	sp, r7
     d9c:	bc80      	pop	{r7}
     d9e:	4770      	bx	lr
     da0:	1fff8124 	.word	0x1fff8124

00000da4 <ActivateTask>:
 *         - E_OS_OK: Task activated successfully
 *         - E_OS_ID: Invalid task ID
 *         - E_OS_LIMIT: Too many task activations
 */
StatusType ActivateTask(TaskType TaskID)
{
     da4:	b580      	push	{r7, lr}
     da6:	b084      	sub	sp, #16
     da8:	af00      	add	r7, sp, #0
     daa:	6078      	str	r0, [r7, #4]
    StatusType status;

    #if (OS_DEV_ERROR_DETECT == STD_ON)
    if (TaskID >= Os_GlobalState.NumTasks)
     dac:	4b0f      	ldr	r3, [pc, #60]	@ (dec <ActivateTask+0x48>)
     dae:	685b      	ldr	r3, [r3, #4]
     db0:	687a      	ldr	r2, [r7, #4]
     db2:	429a      	cmp	r2, r3
     db4:	d307      	bcc.n	dc6 <ActivateTask+0x22>
    {
        OS_DET_REPORT_ERROR(OS_SID_ACTIVATETASK, E_OS_ID);
     db6:	2303      	movs	r3, #3
     db8:	2201      	movs	r2, #1
     dba:	2100      	movs	r1, #0
     dbc:	2001      	movs	r0, #1
     dbe:	f000 ff89 	bl	1cd4 <Det_ReportError>
        return E_OS_ID;
     dc2:	2303      	movs	r3, #3
     dc4:	e00e      	b.n	de4 <ActivateTask+0x40>
    }
    #endif

    status = Os_Internal_ActivateTask(TaskID);
     dc6:	6878      	ldr	r0, [r7, #4]
     dc8:	f000 f812 	bl	df0 <Os_Internal_ActivateTask>
     dcc:	4603      	mov	r3, r0
     dce:	73fb      	strb	r3, [r7, #15]

    if (status != E_OS_OK)
     dd0:	7bfb      	ldrb	r3, [r7, #15]
     dd2:	2b00      	cmp	r3, #0
     dd4:	d005      	beq.n	de2 <ActivateTask+0x3e>
    {
        OS_DET_REPORT_ERROR(OS_SID_ACTIVATETASK, status);
     dd6:	7bfb      	ldrb	r3, [r7, #15]
     dd8:	2201      	movs	r2, #1
     dda:	2100      	movs	r1, #0
     ddc:	2001      	movs	r0, #1
     dde:	f000 ff79 	bl	1cd4 <Det_ReportError>
    }

    return status;
     de2:	7bfb      	ldrb	r3, [r7, #15]
}
     de4:	4618      	mov	r0, r3
     de6:	3710      	adds	r7, #16
     de8:	46bd      	mov	sp, r7
     dea:	bd80      	pop	{r7, pc}
     dec:	1fff8124 	.word	0x1fff8124

00000df0 <Os_Internal_ActivateTask>:

/**
 * @brief Internal activate task
 */
StatusType Os_Internal_ActivateTask(TaskType TaskID)
{
     df0:	b580      	push	{r7, lr}
     df2:	b086      	sub	sp, #24
     df4:	af02      	add	r7, sp, #8
     df6:	6078      	str	r0, [r7, #4]
    Os_TaskConfigType* task;

    task = &Os_GlobalState.Tasks[TaskID];
     df8:	4b20      	ldr	r3, [pc, #128]	@ (e7c <Os_Internal_ActivateTask+0x8c>)
     dfa:	6919      	ldr	r1, [r3, #16]
     dfc:	687a      	ldr	r2, [r7, #4]
     dfe:	4613      	mov	r3, r2
     e00:	005b      	lsls	r3, r3, #1
     e02:	4413      	add	r3, r2
     e04:	00db      	lsls	r3, r3, #3
     e06:	440b      	add	r3, r1
     e08:	60fb      	str	r3, [r7, #12]

    if (task->FreeRTOS_Task == NULL)
     e0a:	68fb      	ldr	r3, [r7, #12]
     e0c:	685b      	ldr	r3, [r3, #4]
     e0e:	2b00      	cmp	r3, #0
     e10:	d128      	bne.n	e64 <Os_Internal_ActivateTask+0x74>
        if (xTaskCreate(
                Os_TaskWrapper,
                "OsTask",
                configMINIMAL_STACK_SIZE * 2,
                (void*)task,
                task->Priority,
     e12:	68fb      	ldr	r3, [r7, #12]
     e14:	68db      	ldr	r3, [r3, #12]
        if (xTaskCreate(
     e16:	68fa      	ldr	r2, [r7, #12]
     e18:	3204      	adds	r2, #4
     e1a:	9201      	str	r2, [sp, #4]
     e1c:	9300      	str	r3, [sp, #0]
     e1e:	68fb      	ldr	r3, [r7, #12]
     e20:	f44f 7280 	mov.w	r2, #256	@ 0x100
     e24:	4916      	ldr	r1, [pc, #88]	@ (e80 <Os_Internal_ActivateTask+0x90>)
     e26:	4817      	ldr	r0, [pc, #92]	@ (e84 <Os_Internal_ActivateTask+0x94>)
     e28:	f7ff fdcb 	bl	9c2 <xTaskCreate>
     e2c:	4603      	mov	r3, r0
     e2e:	2b01      	cmp	r3, #1
     e30:	d001      	beq.n	e36 <Os_Internal_ActivateTask+0x46>
                &task->FreeRTOS_Task) != pdPASS)
        {
            return E_OS_LIMIT;
     e32:	2304      	movs	r3, #4
     e34:	e01e      	b.n	e74 <Os_Internal_ActivateTask+0x84>
        }

        /* Create event group for extended tasks */
        if (task->IsExtended)
     e36:	68fb      	ldr	r3, [r7, #12]
     e38:	7c5b      	ldrb	r3, [r3, #17]
     e3a:	2b00      	cmp	r3, #0
     e3c:	d017      	beq.n	e6e <Os_Internal_ActivateTask+0x7e>
        {
            task->FreeRTOS_EventGroup = xEventGroupCreate();
     e3e:	f7ff fe9a 	bl	b76 <xEventGroupCreate>
     e42:	4602      	mov	r2, r0
     e44:	68fb      	ldr	r3, [r7, #12]
     e46:	609a      	str	r2, [r3, #8]
            if (task->FreeRTOS_EventGroup == NULL)
     e48:	68fb      	ldr	r3, [r7, #12]
     e4a:	689b      	ldr	r3, [r3, #8]
     e4c:	2b00      	cmp	r3, #0
     e4e:	d10e      	bne.n	e6e <Os_Internal_ActivateTask+0x7e>
            {
                vTaskDelete(task->FreeRTOS_Task);
     e50:	68fb      	ldr	r3, [r7, #12]
     e52:	685b      	ldr	r3, [r3, #4]
     e54:	4618      	mov	r0, r3
     e56:	f7ff fdc1 	bl	9dc <vTaskDelete>
                task->FreeRTOS_Task = NULL;
     e5a:	68fb      	ldr	r3, [r7, #12]
     e5c:	2200      	movs	r2, #0
     e5e:	605a      	str	r2, [r3, #4]
                return E_OS_LIMIT;
     e60:	2304      	movs	r3, #4
     e62:	e007      	b.n	e74 <Os_Internal_ActivateTask+0x84>
        }
    }
    else
    {
        /* Resume the suspended task */
        vTaskResume(task->FreeRTOS_Task);
     e64:	68fb      	ldr	r3, [r7, #12]
     e66:	685b      	ldr	r3, [r3, #4]
     e68:	4618      	mov	r0, r3
     e6a:	f7ff fdd2 	bl	a12 <vTaskResume>
    }

    /* Trigger scheduler if preemptive */
    #if (configUSE_PREEMPTION == 1)
    taskYIELD();
     e6e:	f7ff fdf7 	bl	a60 <taskYIELD>
    #endif

    return E_OS_OK;
     e72:	2300      	movs	r3, #0
}
     e74:	4618      	mov	r0, r3
     e76:	3710      	adds	r7, #16
     e78:	46bd      	mov	sp, r7
     e7a:	bd80      	pop	{r7, pc}
     e7c:	1fff8124 	.word	0x1fff8124
     e80:	00003ae0 	.word	0x00003ae0
     e84:	00001bcb 	.word	0x00001bcb

00000e88 <TerminateTask>:
 * @return StatusType
 *         - E_OS_OK: Task terminated
 *         - E_OS_RESOURCE: Task still holds resources
 */
StatusType TerminateTask(void)
{
     e88:	b580      	push	{r7, lr}
     e8a:	b082      	sub	sp, #8
     e8c:	af00      	add	r7, sp, #0
    StatusType status;

    status = Os_Internal_TerminateTask();
     e8e:	f000 f810 	bl	eb2 <Os_Internal_TerminateTask>
     e92:	4603      	mov	r3, r0
     e94:	71fb      	strb	r3, [r7, #7]

    if (status != E_OS_OK)
     e96:	79fb      	ldrb	r3, [r7, #7]
     e98:	2b00      	cmp	r3, #0
     e9a:	d005      	beq.n	ea8 <TerminateTask+0x20>
    {
        OS_DET_REPORT_ERROR(OS_SID_TERMINATETASK, status);
     e9c:	79fb      	ldrb	r3, [r7, #7]
     e9e:	2202      	movs	r2, #2
     ea0:	2100      	movs	r1, #0
     ea2:	2001      	movs	r0, #1
     ea4:	f000 ff16 	bl	1cd4 <Det_ReportError>
    }

    return status;
     ea8:	79fb      	ldrb	r3, [r7, #7]
}
     eaa:	4618      	mov	r0, r3
     eac:	3708      	adds	r7, #8
     eae:	46bd      	mov	sp, r7
     eb0:	bd80      	pop	{r7, pc}

00000eb2 <Os_Internal_TerminateTask>:

/**
 * @brief Internal terminate task
 */
StatusType Os_Internal_TerminateTask(void)
{
     eb2:	b580      	push	{r7, lr}
     eb4:	b082      	sub	sp, #8
     eb6:	af00      	add	r7, sp, #0
    TaskHandle_t currentTask;
    uint32 i;

    currentTask = xTaskGetCurrentTaskHandle();
     eb8:	f7ff fe00 	bl	abc <xTaskGetCurrentTaskHandle>
     ebc:	6038      	str	r0, [r7, #0]

    /* Check if task holds any resources */
    for (i = 0; i < Os_GlobalState.NumResources; i++)
     ebe:	2300      	movs	r3, #0
     ec0:	607b      	str	r3, [r7, #4]
     ec2:	e010      	b.n	ee6 <Os_Internal_TerminateTask+0x34>
    {
        if (Os_GlobalState.Resources[i].OwnerTask == (TaskType)currentTask)
     ec4:	4b0f      	ldr	r3, [pc, #60]	@ (f04 <Os_Internal_TerminateTask+0x52>)
     ec6:	6999      	ldr	r1, [r3, #24]
     ec8:	687a      	ldr	r2, [r7, #4]
     eca:	4613      	mov	r3, r2
     ecc:	009b      	lsls	r3, r3, #2
     ece:	4413      	add	r3, r2
     ed0:	009b      	lsls	r3, r3, #2
     ed2:	440b      	add	r3, r1
     ed4:	689a      	ldr	r2, [r3, #8]
     ed6:	683b      	ldr	r3, [r7, #0]
     ed8:	429a      	cmp	r2, r3
     eda:	d101      	bne.n	ee0 <Os_Internal_TerminateTask+0x2e>
        {
            return E_OS_RESOURCE;
     edc:	2306      	movs	r3, #6
     ede:	e00d      	b.n	efc <Os_Internal_TerminateTask+0x4a>
    for (i = 0; i < Os_GlobalState.NumResources; i++)
     ee0:	687b      	ldr	r3, [r7, #4]
     ee2:	3301      	adds	r3, #1
     ee4:	607b      	str	r3, [r7, #4]
     ee6:	4b07      	ldr	r3, [pc, #28]	@ (f04 <Os_Internal_TerminateTask+0x52>)
     ee8:	68db      	ldr	r3, [r3, #12]
     eea:	687a      	ldr	r2, [r7, #4]
     eec:	429a      	cmp	r2, r3
     eee:	d3e9      	bcc.n	ec4 <Os_Internal_TerminateTask+0x12>
        }
    }

    /* Call post-task hook */
    Os_Internal_PostTaskHook();
     ef0:	f000 fd45 	bl	197e <Os_Internal_PostTaskHook>

    /* Suspend the task (AutoSAR tasks don't get deleted, they suspend) */
    vTaskSuspend(NULL);
     ef4:	2000      	movs	r0, #0
     ef6:	f7ff fd83 	bl	a00 <vTaskSuspend>

    /* This line is never reached */
    return E_OS_OK;
     efa:	2300      	movs	r3, #0
}
     efc:	4618      	mov	r0, r3
     efe:	3708      	adds	r7, #8
     f00:	46bd      	mov	sp, r7
     f02:	bd80      	pop	{r7, pc}
     f04:	1fff8124 	.word	0x1fff8124

00000f08 <ChainTask>:
 * @return StatusType
 *         - E_OS_OK: Task chained successfully
 *         - E_OS_ID: Invalid task ID
 */
StatusType ChainTask(TaskType TaskID)
{
     f08:	b580      	push	{r7, lr}
     f0a:	b084      	sub	sp, #16
     f0c:	af00      	add	r7, sp, #0
     f0e:	6078      	str	r0, [r7, #4]
    StatusType status;

    #if (OS_DEV_ERROR_DETECT == STD_ON)
    if (TaskID >= Os_GlobalState.NumTasks)
     f10:	4b17      	ldr	r3, [pc, #92]	@ (f70 <ChainTask+0x68>)
     f12:	685b      	ldr	r3, [r3, #4]
     f14:	687a      	ldr	r2, [r7, #4]
     f16:	429a      	cmp	r2, r3
     f18:	d307      	bcc.n	f2a <ChainTask+0x22>
    {
        OS_DET_REPORT_ERROR(OS_SID_CHAINTASK, E_OS_ID);
     f1a:	2303      	movs	r3, #3
     f1c:	2203      	movs	r2, #3
     f1e:	2100      	movs	r1, #0
     f20:	2001      	movs	r0, #1
     f22:	f000 fed7 	bl	1cd4 <Det_ReportError>
        return E_OS_ID;
     f26:	2303      	movs	r3, #3
     f28:	e01d      	b.n	f66 <ChainTask+0x5e>
    }
    #endif

    /* Activate the new task first */
    status = Os_Internal_ActivateTask(TaskID);
     f2a:	6878      	ldr	r0, [r7, #4]
     f2c:	f7ff ff60 	bl	df0 <Os_Internal_ActivateTask>
     f30:	4603      	mov	r3, r0
     f32:	73fb      	strb	r3, [r7, #15]
    if (status != E_OS_OK)
     f34:	7bfb      	ldrb	r3, [r7, #15]
     f36:	2b00      	cmp	r3, #0
     f38:	d007      	beq.n	f4a <ChainTask+0x42>
    {
        OS_DET_REPORT_ERROR(OS_SID_CHAINTASK, status);
     f3a:	7bfb      	ldrb	r3, [r7, #15]
     f3c:	2203      	movs	r2, #3
     f3e:	2100      	movs	r1, #0
     f40:	2001      	movs	r0, #1
     f42:	f000 fec7 	bl	1cd4 <Det_ReportError>
        return status;
     f46:	7bfb      	ldrb	r3, [r7, #15]
     f48:	e00d      	b.n	f66 <ChainTask+0x5e>
    }

    /* Then terminate self */
    status = Os_Internal_TerminateTask();
     f4a:	f7ff ffb2 	bl	eb2 <Os_Internal_TerminateTask>
     f4e:	4603      	mov	r3, r0
     f50:	73fb      	strb	r3, [r7, #15]

    if (status != E_OS_OK)
     f52:	7bfb      	ldrb	r3, [r7, #15]
     f54:	2b00      	cmp	r3, #0
     f56:	d005      	beq.n	f64 <ChainTask+0x5c>
    {
        OS_DET_REPORT_ERROR(OS_SID_CHAINTASK, status);
     f58:	7bfb      	ldrb	r3, [r7, #15]
     f5a:	2203      	movs	r2, #3
     f5c:	2100      	movs	r1, #0
     f5e:	2001      	movs	r0, #1
     f60:	f000 feb8 	bl	1cd4 <Det_ReportError>
    }

    return status;
     f64:	7bfb      	ldrb	r3, [r7, #15]
}
     f66:	4618      	mov	r0, r3
     f68:	3710      	adds	r7, #16
     f6a:	46bd      	mov	sp, r7
     f6c:	bd80      	pop	{r7, pc}
     f6e:	bf00      	nop
     f70:	1fff8124 	.word	0x1fff8124

00000f74 <Schedule>:
 * @return StatusType
 *         - E_OS_OK: Schedule performed
 *         - E_OS_CALLEVEL: Called from wrong context
 */
StatusType Schedule(void)
{
     f74:	b580      	push	{r7, lr}
     f76:	af00      	add	r7, sp, #0
    taskYIELD();
     f78:	f7ff fd72 	bl	a60 <taskYIELD>
    return E_OS_OK;
     f7c:	2300      	movs	r3, #0
}
     f7e:	4618      	mov	r0, r3
     f80:	bd80      	pop	{r7, pc}

00000f82 <GetTaskID>:
 * @return StatusType
 *         - E_OS_OK: Task ID retrieved
 *         - E_OS_PARAM_POINTER: Invalid pointer
 */
StatusType GetTaskID(TaskRefType TaskID)
{
     f82:	b580      	push	{r7, lr}
     f84:	b084      	sub	sp, #16
     f86:	af00      	add	r7, sp, #0
     f88:	6078      	str	r0, [r7, #4]
    TaskHandle_t currentTask;
    uint32 i;

    #if (OS_DEV_ERROR_DETECT == STD_ON)
    if (TaskID == NULL)
     f8a:	687b      	ldr	r3, [r7, #4]
     f8c:	2b00      	cmp	r3, #0
     f8e:	d107      	bne.n	fa0 <GetTaskID+0x1e>
    {
        OS_DET_REPORT_ERROR(OS_SID_GETTASKID, E_OS_PARAM_POINTER);
     f90:	230a      	movs	r3, #10
     f92:	2205      	movs	r2, #5
     f94:	2100      	movs	r1, #0
     f96:	2001      	movs	r0, #1
     f98:	f000 fe9c 	bl	1cd4 <Det_ReportError>
        return E_OS_PARAM_POINTER;
     f9c:	230a      	movs	r3, #10
     f9e:	e02a      	b.n	ff6 <GetTaskID+0x74>
    }
    #endif

    currentTask = xTaskGetCurrentTaskHandle();
     fa0:	f7ff fd8c 	bl	abc <xTaskGetCurrentTaskHandle>
     fa4:	60b8      	str	r0, [r7, #8]

    /* Find the task ID from FreeRTOS handle */
    for (i = 0; i < Os_GlobalState.NumTasks; i++)
     fa6:	2300      	movs	r3, #0
     fa8:	60fb      	str	r3, [r7, #12]
     faa:	e01b      	b.n	fe4 <GetTaskID+0x62>
    {
        if (Os_GlobalState.Tasks[i].FreeRTOS_Task == currentTask)
     fac:	4b14      	ldr	r3, [pc, #80]	@ (1000 <GetTaskID+0x7e>)
     fae:	6919      	ldr	r1, [r3, #16]
     fb0:	68fa      	ldr	r2, [r7, #12]
     fb2:	4613      	mov	r3, r2
     fb4:	005b      	lsls	r3, r3, #1
     fb6:	4413      	add	r3, r2
     fb8:	00db      	lsls	r3, r3, #3
     fba:	440b      	add	r3, r1
     fbc:	685b      	ldr	r3, [r3, #4]
     fbe:	68ba      	ldr	r2, [r7, #8]
     fc0:	429a      	cmp	r2, r3
     fc2:	d10c      	bne.n	fde <GetTaskID+0x5c>
        {
            *TaskID = Os_GlobalState.Tasks[i].TaskID;
     fc4:	4b0e      	ldr	r3, [pc, #56]	@ (1000 <GetTaskID+0x7e>)
     fc6:	6919      	ldr	r1, [r3, #16]
     fc8:	68fa      	ldr	r2, [r7, #12]
     fca:	4613      	mov	r3, r2
     fcc:	005b      	lsls	r3, r3, #1
     fce:	4413      	add	r3, r2
     fd0:	00db      	lsls	r3, r3, #3
     fd2:	440b      	add	r3, r1
     fd4:	681a      	ldr	r2, [r3, #0]
     fd6:	687b      	ldr	r3, [r7, #4]
     fd8:	601a      	str	r2, [r3, #0]
            return E_OS_OK;
     fda:	2300      	movs	r3, #0
     fdc:	e00b      	b.n	ff6 <GetTaskID+0x74>
    for (i = 0; i < Os_GlobalState.NumTasks; i++)
     fde:	68fb      	ldr	r3, [r7, #12]
     fe0:	3301      	adds	r3, #1
     fe2:	60fb      	str	r3, [r7, #12]
     fe4:	4b06      	ldr	r3, [pc, #24]	@ (1000 <GetTaskID+0x7e>)
     fe6:	685b      	ldr	r3, [r3, #4]
     fe8:	68fa      	ldr	r2, [r7, #12]
     fea:	429a      	cmp	r2, r3
     fec:	d3de      	bcc.n	fac <GetTaskID+0x2a>
        }
    }

    *TaskID = 0;
     fee:	687b      	ldr	r3, [r7, #4]
     ff0:	2200      	movs	r2, #0
     ff2:	601a      	str	r2, [r3, #0]
    return E_OS_OK;
     ff4:	2300      	movs	r3, #0
}
     ff6:	4618      	mov	r0, r3
     ff8:	3710      	adds	r7, #16
     ffa:	46bd      	mov	sp, r7
     ffc:	bd80      	pop	{r7, pc}
     ffe:	bf00      	nop
    1000:	1fff8124 	.word	0x1fff8124

00001004 <GetTaskState>:
 *         - E_OS_OK: State retrieved
 *         - E_OS_ID: Invalid task ID
 *         - E_OS_PARAM_POINTER: Invalid pointer
 */
StatusType GetTaskState(TaskType TaskID, TaskStateRefType State)
{
    1004:	b580      	push	{r7, lr}
    1006:	b082      	sub	sp, #8
    1008:	af00      	add	r7, sp, #0
    100a:	6078      	str	r0, [r7, #4]
    100c:	6039      	str	r1, [r7, #0]
    #if (OS_DEV_ERROR_DETECT == STD_ON)
    if (TaskID >= Os_GlobalState.NumTasks)
    100e:	4b10      	ldr	r3, [pc, #64]	@ (1050 <GetTaskState+0x4c>)
    1010:	685b      	ldr	r3, [r3, #4]
    1012:	687a      	ldr	r2, [r7, #4]
    1014:	429a      	cmp	r2, r3
    1016:	d307      	bcc.n	1028 <GetTaskState+0x24>
    {
        OS_DET_REPORT_ERROR(OS_SID_GETTASKSTATE, E_OS_ID);
    1018:	2303      	movs	r3, #3
    101a:	2206      	movs	r2, #6
    101c:	2100      	movs	r1, #0
    101e:	2001      	movs	r0, #1
    1020:	f000 fe58 	bl	1cd4 <Det_ReportError>
        return E_OS_ID;
    1024:	2303      	movs	r3, #3
    1026:	e00f      	b.n	1048 <GetTaskState+0x44>
    }
    if (State == NULL)
    1028:	683b      	ldr	r3, [r7, #0]
    102a:	2b00      	cmp	r3, #0
    102c:	d107      	bne.n	103e <GetTaskState+0x3a>
    {
        OS_DET_REPORT_ERROR(OS_SID_GETTASKSTATE, E_OS_PARAM_POINTER);
    102e:	230a      	movs	r3, #10
    1030:	2206      	movs	r2, #6
    1032:	2100      	movs	r1, #0
    1034:	2001      	movs	r0, #1
    1036:	f000 fe4d 	bl	1cd4 <Det_ReportError>
        return E_OS_PARAM_POINTER;
    103a:	230a      	movs	r3, #10
    103c:	e004      	b.n	1048 <GetTaskState+0x44>
    }
    #endif

    return Os_Internal_GetTaskState(TaskID, State);
    103e:	6839      	ldr	r1, [r7, #0]
    1040:	6878      	ldr	r0, [r7, #4]
    1042:	f000 f807 	bl	1054 <Os_Internal_GetTaskState>
    1046:	4603      	mov	r3, r0
}
    1048:	4618      	mov	r0, r3
    104a:	3708      	adds	r7, #8
    104c:	46bd      	mov	sp, r7
    104e:	bd80      	pop	{r7, pc}
    1050:	1fff8124 	.word	0x1fff8124

00001054 <Os_Internal_GetTaskState>:

/**
 * @brief Internal get task state
 */
StatusType Os_Internal_GetTaskState(TaskType TaskID, TaskStateRefType State)
{
    1054:	b580      	push	{r7, lr}
    1056:	b084      	sub	sp, #16
    1058:	af00      	add	r7, sp, #0
    105a:	6078      	str	r0, [r7, #4]
    105c:	6039      	str	r1, [r7, #0]
    Os_TaskConfigType* task;
    eTaskState freeRtosState;

    task = &Os_GlobalState.Tasks[TaskID];
    105e:	4b20      	ldr	r3, [pc, #128]	@ (10e0 <Os_Internal_GetTaskState+0x8c>)
    1060:	6919      	ldr	r1, [r3, #16]
    1062:	687a      	ldr	r2, [r7, #4]
    1064:	4613      	mov	r3, r2
    1066:	005b      	lsls	r3, r3, #1
    1068:	4413      	add	r3, r2
    106a:	00db      	lsls	r3, r3, #3
    106c:	440b      	add	r3, r1
    106e:	60fb      	str	r3, [r7, #12]

    if (task->FreeRTOS_Task == NULL)
    1070:	68fb      	ldr	r3, [r7, #12]
    1072:	685b      	ldr	r3, [r3, #4]
    1074:	2b00      	cmp	r3, #0
    1076:	d104      	bne.n	1082 <Os_Internal_GetTaskState+0x2e>
    {
        *State = SUSPENDED;
    1078:	683b      	ldr	r3, [r7, #0]
    107a:	2200      	movs	r2, #0
    107c:	701a      	strb	r2, [r3, #0]
        return E_OS_OK;
    107e:	2300      	movs	r3, #0
    1080:	e029      	b.n	10d6 <Os_Internal_GetTaskState+0x82>
    }

    freeRtosState = eTaskGetState(task->FreeRTOS_Task);
    1082:	68fb      	ldr	r3, [r7, #12]
    1084:	685b      	ldr	r3, [r3, #4]
    1086:	4618      	mov	r0, r3
    1088:	f7ff fd1f 	bl	aca <eTaskGetState>
    108c:	4603      	mov	r3, r0
    108e:	72fb      	strb	r3, [r7, #11]

    switch (freeRtosState)
    1090:	7afb      	ldrb	r3, [r7, #11]
    1092:	2b03      	cmp	r3, #3
    1094:	d016      	beq.n	10c4 <Os_Internal_GetTaskState+0x70>
    1096:	2b03      	cmp	r3, #3
    1098:	dc18      	bgt.n	10cc <Os_Internal_GetTaskState+0x78>
    109a:	2b02      	cmp	r3, #2
    109c:	d00e      	beq.n	10bc <Os_Internal_GetTaskState+0x68>
    109e:	2b02      	cmp	r3, #2
    10a0:	dc14      	bgt.n	10cc <Os_Internal_GetTaskState+0x78>
    10a2:	2b00      	cmp	r3, #0
    10a4:	d002      	beq.n	10ac <Os_Internal_GetTaskState+0x58>
    10a6:	2b01      	cmp	r3, #1
    10a8:	d004      	beq.n	10b4 <Os_Internal_GetTaskState+0x60>
    10aa:	e00f      	b.n	10cc <Os_Internal_GetTaskState+0x78>
    {
        case eRunning:
            *State = RUNNING;
    10ac:	683b      	ldr	r3, [r7, #0]
    10ae:	2202      	movs	r2, #2
    10b0:	701a      	strb	r2, [r3, #0]
            break;
    10b2:	e00f      	b.n	10d4 <Os_Internal_GetTaskState+0x80>
        case eReady:
            *State = READY;
    10b4:	683b      	ldr	r3, [r7, #0]
    10b6:	2201      	movs	r2, #1
    10b8:	701a      	strb	r2, [r3, #0]
            break;
    10ba:	e00b      	b.n	10d4 <Os_Internal_GetTaskState+0x80>
        case eBlocked:
            *State = WAITING;
    10bc:	683b      	ldr	r3, [r7, #0]
    10be:	2203      	movs	r2, #3
    10c0:	701a      	strb	r2, [r3, #0]
            break;
    10c2:	e007      	b.n	10d4 <Os_Internal_GetTaskState+0x80>
        case eSuspended:
            *State = SUSPENDED;
    10c4:	683b      	ldr	r3, [r7, #0]
    10c6:	2200      	movs	r2, #0
    10c8:	701a      	strb	r2, [r3, #0]
            break;
    10ca:	e003      	b.n	10d4 <Os_Internal_GetTaskState+0x80>
        default:
            *State = SUSPENDED;
    10cc:	683b      	ldr	r3, [r7, #0]
    10ce:	2200      	movs	r2, #0
    10d0:	701a      	strb	r2, [r3, #0]
            break;
    10d2:	bf00      	nop
    }

    return E_OS_OK;
    10d4:	2300      	movs	r3, #0
}
    10d6:	4618      	mov	r0, r3
    10d8:	3710      	adds	r7, #16
    10da:	46bd      	mov	sp, r7
    10dc:	bd80      	pop	{r7, pc}
    10de:	bf00      	nop
    10e0:	1fff8124 	.word	0x1fff8124

000010e4 <EnableAllInterrupts>:

/**
 * @brief Enable all interrupts
 */
void EnableAllInterrupts(void)
{
    10e4:	b480      	push	{r7}
    10e6:	af00      	add	r7, sp, #0
    portENABLE_INTERRUPTS();
    10e8:	b662      	cpsie	i
}
    10ea:	bf00      	nop
    10ec:	46bd      	mov	sp, r7
    10ee:	bc80      	pop	{r7}
    10f0:	4770      	bx	lr

000010f2 <DisableAllInterrupts>:

/**
 * @brief Disable all interrupts
 */
void DisableAllInterrupts(void)
{
    10f2:	b480      	push	{r7}
    10f4:	af00      	add	r7, sp, #0
    portDISABLE_INTERRUPTS();
    10f6:	b672      	cpsid	i
}
    10f8:	bf00      	nop
    10fa:	46bd      	mov	sp, r7
    10fc:	bc80      	pop	{r7}
    10fe:	4770      	bx	lr

00001100 <ResumeAllInterrupts>:

/**
 * @brief Resume all interrupts
 */
void ResumeAllInterrupts(void)
{
    1100:	b480      	push	{r7}
    1102:	af00      	add	r7, sp, #0
    portENABLE_INTERRUPTS();
    1104:	b662      	cpsie	i
}
    1106:	bf00      	nop
    1108:	46bd      	mov	sp, r7
    110a:	bc80      	pop	{r7}
    110c:	4770      	bx	lr

0000110e <SuspendAllInterrupts>:

/**
 * @brief Suspend all interrupts
 */
void SuspendAllInterrupts(void)
{
    110e:	b480      	push	{r7}
    1110:	af00      	add	r7, sp, #0
    portDISABLE_INTERRUPTS();
    1112:	b672      	cpsid	i
}
    1114:	bf00      	nop
    1116:	46bd      	mov	sp, r7
    1118:	bc80      	pop	{r7}
    111a:	4770      	bx	lr

0000111c <ResumeOSInterrupts>:

/**
 * @brief Resume OS interrupts (category 2)
 */
void ResumeOSInterrupts(void)
{
    111c:	b480      	push	{r7}
    111e:	af00      	add	r7, sp, #0
    portENABLE_INTERRUPTS();
    1120:	b662      	cpsie	i
}
    1122:	bf00      	nop
    1124:	46bd      	mov	sp, r7
    1126:	bc80      	pop	{r7}
    1128:	4770      	bx	lr

0000112a <SuspendOSInterrupts>:

/**
 * @brief Suspend OS interrupts (category 2)
 */
void SuspendOSInterrupts(void)
{
    112a:	b480      	push	{r7}
    112c:	af00      	add	r7, sp, #0
    portDISABLE_INTERRUPTS();
    112e:	b672      	cpsid	i
}
    1130:	bf00      	nop
    1132:	46bd      	mov	sp, r7
    1134:	bc80      	pop	{r7}
    1136:	4770      	bx	lr

00001138 <SetEvent>:
 *         - E_OS_ID: Invalid task ID
 *         - E_OS_ACCESS: Task is not an extended task
 *         - E_OS_STATE: Task is in invalid state
 */
StatusType SetEvent(TaskType TaskID, EventMaskType Mask)
{
    1138:	b580      	push	{r7, lr}
    113a:	b084      	sub	sp, #16
    113c:	af00      	add	r7, sp, #0
    113e:	6078      	str	r0, [r7, #4]
    1140:	6039      	str	r1, [r7, #0]
    StatusType status;

    #if (OS_DEV_ERROR_DETECT == STD_ON)
    if (TaskID >= Os_GlobalState.NumTasks)
    1142:	4b10      	ldr	r3, [pc, #64]	@ (1184 <SetEvent+0x4c>)
    1144:	685b      	ldr	r3, [r3, #4]
    1146:	687a      	ldr	r2, [r7, #4]
    1148:	429a      	cmp	r2, r3
    114a:	d307      	bcc.n	115c <SetEvent+0x24>
    {
        OS_DET_REPORT_ERROR(OS_SID_SETEVENT, E_OS_ID);
    114c:	2303      	movs	r3, #3
    114e:	220d      	movs	r2, #13
    1150:	2100      	movs	r1, #0
    1152:	2001      	movs	r0, #1
    1154:	f000 fdbe 	bl	1cd4 <Det_ReportError>
        return E_OS_ID;
    1158:	2303      	movs	r3, #3
    115a:	e00f      	b.n	117c <SetEvent+0x44>
    }
    #endif

    status = Os_Internal_SetEvent(TaskID, Mask);
    115c:	6839      	ldr	r1, [r7, #0]
    115e:	6878      	ldr	r0, [r7, #4]
    1160:	f000 f812 	bl	1188 <Os_Internal_SetEvent>
    1164:	4603      	mov	r3, r0
    1166:	73fb      	strb	r3, [r7, #15]

    if (status != E_OS_OK)
    1168:	7bfb      	ldrb	r3, [r7, #15]
    116a:	2b00      	cmp	r3, #0
    116c:	d005      	beq.n	117a <SetEvent+0x42>
    {
        OS_DET_REPORT_ERROR(OS_SID_SETEVENT, status);
    116e:	7bfb      	ldrb	r3, [r7, #15]
    1170:	220d      	movs	r2, #13
    1172:	2100      	movs	r1, #0
    1174:	2001      	movs	r0, #1
    1176:	f000 fdad 	bl	1cd4 <Det_ReportError>
    }

    return status;
    117a:	7bfb      	ldrb	r3, [r7, #15]
}
    117c:	4618      	mov	r0, r3
    117e:	3710      	adds	r7, #16
    1180:	46bd      	mov	sp, r7
    1182:	bd80      	pop	{r7, pc}
    1184:	1fff8124 	.word	0x1fff8124

00001188 <Os_Internal_SetEvent>:

/**
 * @brief Internal set event
 */
StatusType Os_Internal_SetEvent(TaskType TaskID, EventMaskType Mask)
{
    1188:	b580      	push	{r7, lr}
    118a:	b084      	sub	sp, #16
    118c:	af00      	add	r7, sp, #0
    118e:	6078      	str	r0, [r7, #4]
    1190:	6039      	str	r1, [r7, #0]
    Os_TaskConfigType* task;

    task = &Os_GlobalState.Tasks[TaskID];
    1192:	4b10      	ldr	r3, [pc, #64]	@ (11d4 <Os_Internal_SetEvent+0x4c>)
    1194:	6919      	ldr	r1, [r3, #16]
    1196:	687a      	ldr	r2, [r7, #4]
    1198:	4613      	mov	r3, r2
    119a:	005b      	lsls	r3, r3, #1
    119c:	4413      	add	r3, r2
    119e:	00db      	lsls	r3, r3, #3
    11a0:	440b      	add	r3, r1
    11a2:	60fb      	str	r3, [r7, #12]

    if (!task->IsExtended)
    11a4:	68fb      	ldr	r3, [r7, #12]
    11a6:	7c5b      	ldrb	r3, [r3, #17]
    11a8:	2b00      	cmp	r3, #0
    11aa:	d101      	bne.n	11b0 <Os_Internal_SetEvent+0x28>
    {
        return E_OS_ACCESS;
    11ac:	2301      	movs	r3, #1
    11ae:	e00c      	b.n	11ca <Os_Internal_SetEvent+0x42>
    }

    if (task->FreeRTOS_EventGroup == NULL)
    11b0:	68fb      	ldr	r3, [r7, #12]
    11b2:	689b      	ldr	r3, [r3, #8]
    11b4:	2b00      	cmp	r3, #0
    11b6:	d101      	bne.n	11bc <Os_Internal_SetEvent+0x34>
    {
        return E_OS_STATE;
    11b8:	2307      	movs	r3, #7
    11ba:	e006      	b.n	11ca <Os_Internal_SetEvent+0x42>
    }

    xEventGroupSetBits(task->FreeRTOS_EventGroup, (EventBits_t)Mask);
    11bc:	68fb      	ldr	r3, [r7, #12]
    11be:	689b      	ldr	r3, [r3, #8]
    11c0:	6839      	ldr	r1, [r7, #0]
    11c2:	4618      	mov	r0, r3
    11c4:	f7ff fceb 	bl	b9e <xEventGroupSetBits>

    return E_OS_OK;
    11c8:	2300      	movs	r3, #0
}
    11ca:	4618      	mov	r0, r3
    11cc:	3710      	adds	r7, #16
    11ce:	46bd      	mov	sp, r7
    11d0:	bd80      	pop	{r7, pc}
    11d2:	bf00      	nop
    11d4:	1fff8124 	.word	0x1fff8124

000011d8 <ClearEvent>:
 *         - E_OS_OK: Events cleared
 *         - E_OS_ACCESS: Task is not an extended task
 *         - E_OS_CALLEVEL: Called from ISR
 */
StatusType ClearEvent(EventMaskType Mask)
{
    11d8:	b580      	push	{r7, lr}
    11da:	b084      	sub	sp, #16
    11dc:	af00      	add	r7, sp, #0
    11de:	6078      	str	r0, [r7, #4]
    StatusType status;

    status = Os_Internal_ClearEvent(Mask);
    11e0:	6878      	ldr	r0, [r7, #4]
    11e2:	f000 f810 	bl	1206 <Os_Internal_ClearEvent>
    11e6:	4603      	mov	r3, r0
    11e8:	73fb      	strb	r3, [r7, #15]

    if (status != E_OS_OK)
    11ea:	7bfb      	ldrb	r3, [r7, #15]
    11ec:	2b00      	cmp	r3, #0
    11ee:	d005      	beq.n	11fc <ClearEvent+0x24>
    {
        OS_DET_REPORT_ERROR(OS_SID_CLEAREVENT, status);
    11f0:	7bfb      	ldrb	r3, [r7, #15]
    11f2:	220e      	movs	r2, #14
    11f4:	2100      	movs	r1, #0
    11f6:	2001      	movs	r0, #1
    11f8:	f000 fd6c 	bl	1cd4 <Det_ReportError>
    }

    return status;
    11fc:	7bfb      	ldrb	r3, [r7, #15]
}
    11fe:	4618      	mov	r0, r3
    1200:	3710      	adds	r7, #16
    1202:	46bd      	mov	sp, r7
    1204:	bd80      	pop	{r7, pc}

00001206 <Os_Internal_ClearEvent>:

/**
 * @brief Internal clear event
 */
StatusType Os_Internal_ClearEvent(EventMaskType Mask)
{
    1206:	b580      	push	{r7, lr}
    1208:	b084      	sub	sp, #16
    120a:	af00      	add	r7, sp, #0
    120c:	6078      	str	r0, [r7, #4]
    TaskHandle_t currentTask;
    uint32 i;

    currentTask = xTaskGetCurrentTaskHandle();
    120e:	f7ff fc55 	bl	abc <xTaskGetCurrentTaskHandle>
    1212:	60b8      	str	r0, [r7, #8]

    /* Find current task config */
    for (i = 0; i < Os_GlobalState.NumTasks; i++)
    1214:	2300      	movs	r3, #0
    1216:	60fb      	str	r3, [r7, #12]
    1218:	e037      	b.n	128a <Os_Internal_ClearEvent+0x84>
    {
        if (Os_GlobalState.Tasks[i].FreeRTOS_Task == currentTask)
    121a:	4b21      	ldr	r3, [pc, #132]	@ (12a0 <Os_Internal_ClearEvent+0x9a>)
    121c:	6919      	ldr	r1, [r3, #16]
    121e:	68fa      	ldr	r2, [r7, #12]
    1220:	4613      	mov	r3, r2
    1222:	005b      	lsls	r3, r3, #1
    1224:	4413      	add	r3, r2
    1226:	00db      	lsls	r3, r3, #3
    1228:	440b      	add	r3, r1
    122a:	685b      	ldr	r3, [r3, #4]
    122c:	68ba      	ldr	r2, [r7, #8]
    122e:	429a      	cmp	r2, r3
    1230:	d128      	bne.n	1284 <Os_Internal_ClearEvent+0x7e>
        {
            if (!Os_GlobalState.Tasks[i].IsExtended)
    1232:	4b1b      	ldr	r3, [pc, #108]	@ (12a0 <Os_Internal_ClearEvent+0x9a>)
    1234:	6919      	ldr	r1, [r3, #16]
    1236:	68fa      	ldr	r2, [r7, #12]
    1238:	4613      	mov	r3, r2
    123a:	005b      	lsls	r3, r3, #1
    123c:	4413      	add	r3, r2
    123e:	00db      	lsls	r3, r3, #3
    1240:	440b      	add	r3, r1
    1242:	7c5b      	ldrb	r3, [r3, #17]
    1244:	2b00      	cmp	r3, #0
    1246:	d101      	bne.n	124c <Os_Internal_ClearEvent+0x46>
            {
                return E_OS_ACCESS;
    1248:	2301      	movs	r3, #1
    124a:	e024      	b.n	1296 <Os_Internal_ClearEvent+0x90>
            }

            if (Os_GlobalState.Tasks[i].FreeRTOS_EventGroup == NULL)
    124c:	4b14      	ldr	r3, [pc, #80]	@ (12a0 <Os_Internal_ClearEvent+0x9a>)
    124e:	6919      	ldr	r1, [r3, #16]
    1250:	68fa      	ldr	r2, [r7, #12]
    1252:	4613      	mov	r3, r2
    1254:	005b      	lsls	r3, r3, #1
    1256:	4413      	add	r3, r2
    1258:	00db      	lsls	r3, r3, #3
    125a:	440b      	add	r3, r1
    125c:	689b      	ldr	r3, [r3, #8]
    125e:	2b00      	cmp	r3, #0
    1260:	d101      	bne.n	1266 <Os_Internal_ClearEvent+0x60>
            {
                return E_OS_STATE;
    1262:	2307      	movs	r3, #7
    1264:	e017      	b.n	1296 <Os_Internal_ClearEvent+0x90>
            }

            xEventGroupClearBits(
                Os_GlobalState.Tasks[i].FreeRTOS_EventGroup,
    1266:	4b0e      	ldr	r3, [pc, #56]	@ (12a0 <Os_Internal_ClearEvent+0x9a>)
    1268:	6919      	ldr	r1, [r3, #16]
    126a:	68fa      	ldr	r2, [r7, #12]
    126c:	4613      	mov	r3, r2
    126e:	005b      	lsls	r3, r3, #1
    1270:	4413      	add	r3, r2
    1272:	00db      	lsls	r3, r3, #3
    1274:	440b      	add	r3, r1
            xEventGroupClearBits(
    1276:	689b      	ldr	r3, [r3, #8]
    1278:	6879      	ldr	r1, [r7, #4]
    127a:	4618      	mov	r0, r3
    127c:	f7ff fc9a 	bl	bb4 <xEventGroupClearBits>
                (EventBits_t)Mask);

            return E_OS_OK;
    1280:	2300      	movs	r3, #0
    1282:	e008      	b.n	1296 <Os_Internal_ClearEvent+0x90>
    for (i = 0; i < Os_GlobalState.NumTasks; i++)
    1284:	68fb      	ldr	r3, [r7, #12]
    1286:	3301      	adds	r3, #1
    1288:	60fb      	str	r3, [r7, #12]
    128a:	4b05      	ldr	r3, [pc, #20]	@ (12a0 <Os_Internal_ClearEvent+0x9a>)
    128c:	685b      	ldr	r3, [r3, #4]
    128e:	68fa      	ldr	r2, [r7, #12]
    1290:	429a      	cmp	r2, r3
    1292:	d3c2      	bcc.n	121a <Os_Internal_ClearEvent+0x14>
        }
    }

    return E_OS_ACCESS;
    1294:	2301      	movs	r3, #1
}
    1296:	4618      	mov	r0, r3
    1298:	3710      	adds	r7, #16
    129a:	46bd      	mov	sp, r7
    129c:	bd80      	pop	{r7, pc}
    129e:	bf00      	nop
    12a0:	1fff8124 	.word	0x1fff8124

000012a4 <WaitEvent>:
 *         - E_OS_OK: Events received
 *         - E_OS_ACCESS: Task is not an extended task
 *         - E_OS_RESOURCE: Task holds resources
 */
StatusType WaitEvent(EventMaskType Mask)
{
    12a4:	b580      	push	{r7, lr}
    12a6:	b084      	sub	sp, #16
    12a8:	af00      	add	r7, sp, #0
    12aa:	6078      	str	r0, [r7, #4]
    StatusType status;

    status = Os_Internal_WaitEvent(Mask);
    12ac:	6878      	ldr	r0, [r7, #4]
    12ae:	f000 f810 	bl	12d2 <Os_Internal_WaitEvent>
    12b2:	4603      	mov	r3, r0
    12b4:	73fb      	strb	r3, [r7, #15]

    if (status != E_OS_OK)
    12b6:	7bfb      	ldrb	r3, [r7, #15]
    12b8:	2b00      	cmp	r3, #0
    12ba:	d005      	beq.n	12c8 <WaitEvent+0x24>
    {
        OS_DET_REPORT_ERROR(OS_SID_WAITEVENT, status);
    12bc:	7bfb      	ldrb	r3, [r7, #15]
    12be:	2210      	movs	r2, #16
    12c0:	2100      	movs	r1, #0
    12c2:	2001      	movs	r0, #1
    12c4:	f000 fd06 	bl	1cd4 <Det_ReportError>
    }

    return status;
    12c8:	7bfb      	ldrb	r3, [r7, #15]
}
    12ca:	4618      	mov	r0, r3
    12cc:	3710      	adds	r7, #16
    12ce:	46bd      	mov	sp, r7
    12d0:	bd80      	pop	{r7, pc}

000012d2 <Os_Internal_WaitEvent>:

/**
 * @brief Internal wait event
 */
StatusType Os_Internal_WaitEvent(EventMaskType Mask)
{
    12d2:	b580      	push	{r7, lr}
    12d4:	b088      	sub	sp, #32
    12d6:	af02      	add	r7, sp, #8
    12d8:	6078      	str	r0, [r7, #4]
    TaskHandle_t currentTask;
    uint32 i;
    EventBits_t bits;

    currentTask = xTaskGetCurrentTaskHandle();
    12da:	f7ff fbef 	bl	abc <xTaskGetCurrentTaskHandle>
    12de:	60f8      	str	r0, [r7, #12]

    /* Find current task and check resources */
    for (i = 0; i < Os_GlobalState.NumTasks; i++)
    12e0:	2300      	movs	r3, #0
    12e2:	617b      	str	r3, [r7, #20]
    12e4:	e05d      	b.n	13a2 <Os_Internal_WaitEvent+0xd0>
    {
        if (Os_GlobalState.Tasks[i].FreeRTOS_Task == currentTask)
    12e6:	4b34      	ldr	r3, [pc, #208]	@ (13b8 <Os_Internal_WaitEvent+0xe6>)
    12e8:	6919      	ldr	r1, [r3, #16]
    12ea:	697a      	ldr	r2, [r7, #20]
    12ec:	4613      	mov	r3, r2
    12ee:	005b      	lsls	r3, r3, #1
    12f0:	4413      	add	r3, r2
    12f2:	00db      	lsls	r3, r3, #3
    12f4:	440b      	add	r3, r1
    12f6:	685b      	ldr	r3, [r3, #4]
    12f8:	68fa      	ldr	r2, [r7, #12]
    12fa:	429a      	cmp	r2, r3
    12fc:	d14e      	bne.n	139c <Os_Internal_WaitEvent+0xca>
        {
            uint32 resIdx;

            if (!Os_GlobalState.Tasks[i].IsExtended)
    12fe:	4b2e      	ldr	r3, [pc, #184]	@ (13b8 <Os_Internal_WaitEvent+0xe6>)
    1300:	6919      	ldr	r1, [r3, #16]
    1302:	697a      	ldr	r2, [r7, #20]
    1304:	4613      	mov	r3, r2
    1306:	005b      	lsls	r3, r3, #1
    1308:	4413      	add	r3, r2
    130a:	00db      	lsls	r3, r3, #3
    130c:	440b      	add	r3, r1
    130e:	7c5b      	ldrb	r3, [r3, #17]
    1310:	2b00      	cmp	r3, #0
    1312:	d101      	bne.n	1318 <Os_Internal_WaitEvent+0x46>
            {
                return E_OS_ACCESS;
    1314:	2301      	movs	r3, #1
    1316:	e04a      	b.n	13ae <Os_Internal_WaitEvent+0xdc>
            }

            /* Check if task holds resources */
            for (resIdx = 0; resIdx < Os_GlobalState.NumResources; resIdx++)
    1318:	2300      	movs	r3, #0
    131a:	613b      	str	r3, [r7, #16]
    131c:	e018      	b.n	1350 <Os_Internal_WaitEvent+0x7e>
            {
                if (Os_GlobalState.Resources[resIdx].OwnerTask ==
    131e:	4b26      	ldr	r3, [pc, #152]	@ (13b8 <Os_Internal_WaitEvent+0xe6>)
    1320:	6999      	ldr	r1, [r3, #24]
    1322:	693a      	ldr	r2, [r7, #16]
    1324:	4613      	mov	r3, r2
    1326:	009b      	lsls	r3, r3, #2
    1328:	4413      	add	r3, r2
    132a:	009b      	lsls	r3, r3, #2
    132c:	440b      	add	r3, r1
    132e:	6899      	ldr	r1, [r3, #8]
                    Os_GlobalState.Tasks[i].TaskID)
    1330:	4b21      	ldr	r3, [pc, #132]	@ (13b8 <Os_Internal_WaitEvent+0xe6>)
    1332:	6918      	ldr	r0, [r3, #16]
    1334:	697a      	ldr	r2, [r7, #20]
    1336:	4613      	mov	r3, r2
    1338:	005b      	lsls	r3, r3, #1
    133a:	4413      	add	r3, r2
    133c:	00db      	lsls	r3, r3, #3
    133e:	4403      	add	r3, r0
    1340:	681b      	ldr	r3, [r3, #0]
                if (Os_GlobalState.Resources[resIdx].OwnerTask ==
    1342:	4299      	cmp	r1, r3
    1344:	d101      	bne.n	134a <Os_Internal_WaitEvent+0x78>
                {
                    return E_OS_RESOURCE;
    1346:	2306      	movs	r3, #6
    1348:	e031      	b.n	13ae <Os_Internal_WaitEvent+0xdc>
            for (resIdx = 0; resIdx < Os_GlobalState.NumResources; resIdx++)
    134a:	693b      	ldr	r3, [r7, #16]
    134c:	3301      	adds	r3, #1
    134e:	613b      	str	r3, [r7, #16]
    1350:	4b19      	ldr	r3, [pc, #100]	@ (13b8 <Os_Internal_WaitEvent+0xe6>)
    1352:	68db      	ldr	r3, [r3, #12]
    1354:	693a      	ldr	r2, [r7, #16]
    1356:	429a      	cmp	r2, r3
    1358:	d3e1      	bcc.n	131e <Os_Internal_WaitEvent+0x4c>
                }
            }

            if (Os_GlobalState.Tasks[i].FreeRTOS_EventGroup == NULL)
    135a:	4b17      	ldr	r3, [pc, #92]	@ (13b8 <Os_Internal_WaitEvent+0xe6>)
    135c:	6919      	ldr	r1, [r3, #16]
    135e:	697a      	ldr	r2, [r7, #20]
    1360:	4613      	mov	r3, r2
    1362:	005b      	lsls	r3, r3, #1
    1364:	4413      	add	r3, r2
    1366:	00db      	lsls	r3, r3, #3
    1368:	440b      	add	r3, r1
    136a:	689b      	ldr	r3, [r3, #8]
    136c:	2b00      	cmp	r3, #0
    136e:	d101      	bne.n	1374 <Os_Internal_WaitEvent+0xa2>
            {
                return E_OS_STATE;
    1370:	2307      	movs	r3, #7
    1372:	e01c      	b.n	13ae <Os_Internal_WaitEvent+0xdc>
            }

            /* Wait for events (no timeout - indefinite wait) */
            bits = xEventGroupWaitBits(
                Os_GlobalState.Tasks[i].FreeRTOS_EventGroup,
    1374:	4b10      	ldr	r3, [pc, #64]	@ (13b8 <Os_Internal_WaitEvent+0xe6>)
    1376:	6919      	ldr	r1, [r3, #16]
    1378:	697a      	ldr	r2, [r7, #20]
    137a:	4613      	mov	r3, r2
    137c:	005b      	lsls	r3, r3, #1
    137e:	4413      	add	r3, r2
    1380:	00db      	lsls	r3, r3, #3
    1382:	440b      	add	r3, r1
            bits = xEventGroupWaitBits(
    1384:	6898      	ldr	r0, [r3, #8]
    1386:	f04f 33ff 	mov.w	r3, #4294967295	@ 0xffffffff
    138a:	9300      	str	r3, [sp, #0]
    138c:	2300      	movs	r3, #0
    138e:	2200      	movs	r2, #0
    1390:	6879      	ldr	r1, [r7, #4]
    1392:	f7ff fbf7 	bl	b84 <xEventGroupWaitBits>
    1396:	60b8      	str	r0, [r7, #8]
                pdFALSE,    /* Don't clear on exit */
                pdFALSE,    /* Wait for any bit */
                portMAX_DELAY);

            (void)bits;
            return E_OS_OK;
    1398:	2300      	movs	r3, #0
    139a:	e008      	b.n	13ae <Os_Internal_WaitEvent+0xdc>
    for (i = 0; i < Os_GlobalState.NumTasks; i++)
    139c:	697b      	ldr	r3, [r7, #20]
    139e:	3301      	adds	r3, #1
    13a0:	617b      	str	r3, [r7, #20]
    13a2:	4b05      	ldr	r3, [pc, #20]	@ (13b8 <Os_Internal_WaitEvent+0xe6>)
    13a4:	685b      	ldr	r3, [r3, #4]
    13a6:	697a      	ldr	r2, [r7, #20]
    13a8:	429a      	cmp	r2, r3
    13aa:	d39c      	bcc.n	12e6 <Os_Internal_WaitEvent+0x14>
        }
    }

    return E_OS_ACCESS;
    13ac:	2301      	movs	r3, #1
}
    13ae:	4618      	mov	r0, r3
    13b0:	3718      	adds	r7, #24
    13b2:	46bd      	mov	sp, r7
    13b4:	bd80      	pop	{r7, pc}
    13b6:	bf00      	nop
    13b8:	1fff8124 	.word	0x1fff8124

000013bc <GetEvent>:
 *         - E_OS_ID: Invalid task ID
 *         - E_OS_ACCESS: Task is not an extended task
 *         - E_OS_PARAM_POINTER: Invalid pointer
 */
StatusType GetEvent(TaskType TaskID, EventMaskRefType Event)
{
    13bc:	b580      	push	{r7, lr}
    13be:	b084      	sub	sp, #16
    13c0:	af00      	add	r7, sp, #0
    13c2:	6078      	str	r0, [r7, #4]
    13c4:	6039      	str	r1, [r7, #0]
    StatusType status;

    #if (OS_DEV_ERROR_DETECT == STD_ON)
    if (TaskID >= Os_GlobalState.NumTasks)
    13c6:	4b16      	ldr	r3, [pc, #88]	@ (1420 <GetEvent+0x64>)
    13c8:	685b      	ldr	r3, [r3, #4]
    13ca:	687a      	ldr	r2, [r7, #4]
    13cc:	429a      	cmp	r2, r3
    13ce:	d307      	bcc.n	13e0 <GetEvent+0x24>
    {
        OS_DET_REPORT_ERROR(OS_SID_GETEVENT, E_OS_ID);
    13d0:	2303      	movs	r3, #3
    13d2:	220f      	movs	r2, #15
    13d4:	2100      	movs	r1, #0
    13d6:	2001      	movs	r0, #1
    13d8:	f000 fc7c 	bl	1cd4 <Det_ReportError>
        return E_OS_ID;
    13dc:	2303      	movs	r3, #3
    13de:	e01a      	b.n	1416 <GetEvent+0x5a>
    }
    if (Event == NULL)
    13e0:	683b      	ldr	r3, [r7, #0]
    13e2:	2b00      	cmp	r3, #0
    13e4:	d107      	bne.n	13f6 <GetEvent+0x3a>
    {
        OS_DET_REPORT_ERROR(OS_SID_GETEVENT, E_OS_PARAM_POINTER);
    13e6:	230a      	movs	r3, #10
    13e8:	220f      	movs	r2, #15
    13ea:	2100      	movs	r1, #0
    13ec:	2001      	movs	r0, #1
    13ee:	f000 fc71 	bl	1cd4 <Det_ReportError>
        return E_OS_PARAM_POINTER;
    13f2:	230a      	movs	r3, #10
    13f4:	e00f      	b.n	1416 <GetEvent+0x5a>
    }
    #endif

    status = Os_Internal_GetEvent(TaskID, Event);
    13f6:	6839      	ldr	r1, [r7, #0]
    13f8:	6878      	ldr	r0, [r7, #4]
    13fa:	f000 f813 	bl	1424 <Os_Internal_GetEvent>
    13fe:	4603      	mov	r3, r0
    1400:	73fb      	strb	r3, [r7, #15]

    if (status != E_OS_OK)
    1402:	7bfb      	ldrb	r3, [r7, #15]
    1404:	2b00      	cmp	r3, #0
    1406:	d005      	beq.n	1414 <GetEvent+0x58>
    {
        OS_DET_REPORT_ERROR(OS_SID_GETEVENT, status);
    1408:	7bfb      	ldrb	r3, [r7, #15]
    140a:	220f      	movs	r2, #15
    140c:	2100      	movs	r1, #0
    140e:	2001      	movs	r0, #1
    1410:	f000 fc60 	bl	1cd4 <Det_ReportError>
    }

    return status;
    1414:	7bfb      	ldrb	r3, [r7, #15]
}
    1416:	4618      	mov	r0, r3
    1418:	3710      	adds	r7, #16
    141a:	46bd      	mov	sp, r7
    141c:	bd80      	pop	{r7, pc}
    141e:	bf00      	nop
    1420:	1fff8124 	.word	0x1fff8124

00001424 <Os_Internal_GetEvent>:

/**
 * @brief Internal get event
 */
StatusType Os_Internal_GetEvent(TaskType TaskID, EventMaskRefType Event)
{
    1424:	b580      	push	{r7, lr}
    1426:	b084      	sub	sp, #16
    1428:	af00      	add	r7, sp, #0
    142a:	6078      	str	r0, [r7, #4]
    142c:	6039      	str	r1, [r7, #0]
    Os_TaskConfigType* task;

    task = &Os_GlobalState.Tasks[TaskID];
    142e:	4b12      	ldr	r3, [pc, #72]	@ (1478 <Os_Internal_GetEvent+0x54>)
    1430:	6919      	ldr	r1, [r3, #16]
    1432:	687a      	ldr	r2, [r7, #4]
    1434:	4613      	mov	r3, r2
    1436:	005b      	lsls	r3, r3, #1
    1438:	4413      	add	r3, r2
    143a:	00db      	lsls	r3, r3, #3
    143c:	440b      	add	r3, r1
    143e:	60fb      	str	r3, [r7, #12]

    if (!task->IsExtended)
    1440:	68fb      	ldr	r3, [r7, #12]
    1442:	7c5b      	ldrb	r3, [r3, #17]
    1444:	2b00      	cmp	r3, #0
    1446:	d101      	bne.n	144c <Os_Internal_GetEvent+0x28>
    {
        return E_OS_ACCESS;
    1448:	2301      	movs	r3, #1
    144a:	e011      	b.n	1470 <Os_Internal_GetEvent+0x4c>
    }

    if (task->FreeRTOS_EventGroup == NULL)
    144c:	68fb      	ldr	r3, [r7, #12]
    144e:	689b      	ldr	r3, [r3, #8]
    1450:	2b00      	cmp	r3, #0
    1452:	d104      	bne.n	145e <Os_Internal_GetEvent+0x3a>
    {
        *Event = 0;
    1454:	683b      	ldr	r3, [r7, #0]
    1456:	2200      	movs	r2, #0
    1458:	601a      	str	r2, [r3, #0]
        return E_OS_OK;
    145a:	2300      	movs	r3, #0
    145c:	e008      	b.n	1470 <Os_Internal_GetEvent+0x4c>
    }

    *Event = (EventMaskType)xEventGroupGetBits(task->FreeRTOS_EventGroup);
    145e:	68fb      	ldr	r3, [r7, #12]
    1460:	689b      	ldr	r3, [r3, #8]
    1462:	4618      	mov	r0, r3
    1464:	f7ff fbb1 	bl	bca <xEventGroupGetBits>
    1468:	4602      	mov	r2, r0
    146a:	683b      	ldr	r3, [r7, #0]
    146c:	601a      	str	r2, [r3, #0]

    return E_OS_OK;
    146e:	2300      	movs	r3, #0
}
    1470:	4618      	mov	r0, r3
    1472:	3710      	adds	r7, #16
    1474:	46bd      	mov	sp, r7
    1476:	bd80      	pop	{r7, pc}
    1478:	1fff8124 	.word	0x1fff8124

0000147c <GetResource>:
 *         - E_OS_OK: Resource acquired
 *         - E_OS_ID: Invalid resource ID
 *         - E_OS_ACCESS: Resource cannot be accessed by this task
 */
StatusType GetResource(ResourceType ResID)
{
    147c:	b580      	push	{r7, lr}
    147e:	b084      	sub	sp, #16
    1480:	af00      	add	r7, sp, #0
    1482:	6078      	str	r0, [r7, #4]
    StatusType status;

    #if (OS_DEV_ERROR_DETECT == STD_ON)
    if (ResID >= Os_GlobalState.NumResources)
    1484:	4b0f      	ldr	r3, [pc, #60]	@ (14c4 <GetResource+0x48>)
    1486:	68db      	ldr	r3, [r3, #12]
    1488:	687a      	ldr	r2, [r7, #4]
    148a:	429a      	cmp	r2, r3
    148c:	d307      	bcc.n	149e <GetResource+0x22>
    {
        OS_DET_REPORT_ERROR(OS_SID_GETRESOURCE, E_OS_ID);
    148e:	2303      	movs	r3, #3
    1490:	220b      	movs	r2, #11
    1492:	2100      	movs	r1, #0
    1494:	2001      	movs	r0, #1
    1496:	f000 fc1d 	bl	1cd4 <Det_ReportError>
        return E_OS_ID;
    149a:	2303      	movs	r3, #3
    149c:	e00e      	b.n	14bc <GetResource+0x40>
    }
    #endif

    status = Os_Internal_GetResource(ResID);
    149e:	6878      	ldr	r0, [r7, #4]
    14a0:	f000 f812 	bl	14c8 <Os_Internal_GetResource>
    14a4:	4603      	mov	r3, r0
    14a6:	73fb      	strb	r3, [r7, #15]

    if (status != E_OS_OK)
    14a8:	7bfb      	ldrb	r3, [r7, #15]
    14aa:	2b00      	cmp	r3, #0
    14ac:	d005      	beq.n	14ba <GetResource+0x3e>
    {
        OS_DET_REPORT_ERROR(OS_SID_GETRESOURCE, status);
    14ae:	7bfb      	ldrb	r3, [r7, #15]
    14b0:	220b      	movs	r2, #11
    14b2:	2100      	movs	r1, #0
    14b4:	2001      	movs	r0, #1
    14b6:	f000 fc0d 	bl	1cd4 <Det_ReportError>
    }

    return status;
    14ba:	7bfb      	ldrb	r3, [r7, #15]
}
    14bc:	4618      	mov	r0, r3
    14be:	3710      	adds	r7, #16
    14c0:	46bd      	mov	sp, r7
    14c2:	bd80      	pop	{r7, pc}
    14c4:	1fff8124 	.word	0x1fff8124

000014c8 <Os_Internal_GetResource>:

/**
 * @brief Internal get resource
 */
StatusType Os_Internal_GetResource(ResourceType ResID)
{
    14c8:	b580      	push	{r7, lr}
    14ca:	b084      	sub	sp, #16
    14cc:	af00      	add	r7, sp, #0
    14ce:	6078      	str	r0, [r7, #4]
    Os_ResourceConfigType* resource;

    resource = &Os_GlobalState.Resources[ResID];
    14d0:	4b15      	ldr	r3, [pc, #84]	@ (1528 <Os_Internal_GetResource+0x60>)
    14d2:	6999      	ldr	r1, [r3, #24]
    14d4:	687a      	ldr	r2, [r7, #4]
    14d6:	4613      	mov	r3, r2
    14d8:	009b      	lsls	r3, r3, #2
    14da:	4413      	add	r3, r2
    14dc:	009b      	lsls	r3, r3, #2
    14de:	440b      	add	r3, r1
    14e0:	60fb      	str	r3, [r7, #12]

    if (resource->FreeRTOS_Mutex == NULL)
    14e2:	68fb      	ldr	r3, [r7, #12]
    14e4:	685b      	ldr	r3, [r3, #4]
    14e6:	2b00      	cmp	r3, #0
    14e8:	d101      	bne.n	14ee <Os_Internal_GetResource+0x26>
    {
        return E_OS_ID;
    14ea:	2303      	movs	r3, #3
    14ec:	e018      	b.n	1520 <Os_Internal_GetResource+0x58>
    }

    /* Take the mutex with indefinite timeout */
    if (xSemaphoreTake(resource->FreeRTOS_Mutex, portMAX_DELAY) != pdTRUE)
    14ee:	68fb      	ldr	r3, [r7, #12]
    14f0:	685b      	ldr	r3, [r3, #4]
    14f2:	f04f 31ff 	mov.w	r1, #4294967295	@ 0xffffffff
    14f6:	4618      	mov	r0, r3
    14f8:	f7ff fb78 	bl	bec <xSemaphoreTake>
    14fc:	4603      	mov	r3, r0
    14fe:	2b01      	cmp	r3, #1
    1500:	d001      	beq.n	1506 <Os_Internal_GetResource+0x3e>
    {
        return E_OS_ACCESS;
    1502:	2301      	movs	r3, #1
    1504:	e00c      	b.n	1520 <Os_Internal_GetResource+0x58>
    }

    resource->OwnerTask = (TaskType)xTaskGetCurrentTaskHandle();
    1506:	f7ff fad9 	bl	abc <xTaskGetCurrentTaskHandle>
    150a:	4603      	mov	r3, r0
    150c:	461a      	mov	r2, r3
    150e:	68fb      	ldr	r3, [r7, #12]
    1510:	609a      	str	r2, [r3, #8]
    resource->NestCount++;
    1512:	68fb      	ldr	r3, [r7, #12]
    1514:	7b1b      	ldrb	r3, [r3, #12]
    1516:	3301      	adds	r3, #1
    1518:	b2da      	uxtb	r2, r3
    151a:	68fb      	ldr	r3, [r7, #12]
    151c:	731a      	strb	r2, [r3, #12]

    return E_OS_OK;
    151e:	2300      	movs	r3, #0
}
    1520:	4618      	mov	r0, r3
    1522:	3710      	adds	r7, #16
    1524:	46bd      	mov	sp, r7
    1526:	bd80      	pop	{r7, pc}
    1528:	1fff8124 	.word	0x1fff8124

0000152c <ReleaseResource>:
 *         - E_OS_ID: Invalid resource ID
 *         - E_OS_NOFUNC: Resource not occupied by this task
 *         - E_OS_ACCESS: Nested resource access
 */
StatusType ReleaseResource(ResourceType ResID)
{
    152c:	b580      	push	{r7, lr}
    152e:	b084      	sub	sp, #16
    1530:	af00      	add	r7, sp, #0
    1532:	6078      	str	r0, [r7, #4]
    StatusType status;

    #if (OS_DEV_ERROR_DETECT == STD_ON)
    if (ResID >= Os_GlobalState.NumResources)
    1534:	4b0f      	ldr	r3, [pc, #60]	@ (1574 <ReleaseResource+0x48>)
    1536:	68db      	ldr	r3, [r3, #12]
    1538:	687a      	ldr	r2, [r7, #4]
    153a:	429a      	cmp	r2, r3
    153c:	d307      	bcc.n	154e <ReleaseResource+0x22>
    {
        OS_DET_REPORT_ERROR(OS_SID_RELEASERESOURCE, E_OS_ID);
    153e:	2303      	movs	r3, #3
    1540:	220c      	movs	r2, #12
    1542:	2100      	movs	r1, #0
    1544:	2001      	movs	r0, #1
    1546:	f000 fbc5 	bl	1cd4 <Det_ReportError>
        return E_OS_ID;
    154a:	2303      	movs	r3, #3
    154c:	e00e      	b.n	156c <ReleaseResource+0x40>
    }
    #endif

    status = Os_Internal_ReleaseResource(ResID);
    154e:	6878      	ldr	r0, [r7, #4]
    1550:	f000 f812 	bl	1578 <Os_Internal_ReleaseResource>
    1554:	4603      	mov	r3, r0
    1556:	73fb      	strb	r3, [r7, #15]

    if (status != E_OS_OK)
    1558:	7bfb      	ldrb	r3, [r7, #15]
    155a:	2b00      	cmp	r3, #0
    155c:	d005      	beq.n	156a <ReleaseResource+0x3e>
    {
        OS_DET_REPORT_ERROR(OS_SID_RELEASERESOURCE, status);
    155e:	7bfb      	ldrb	r3, [r7, #15]
    1560:	220c      	movs	r2, #12
    1562:	2100      	movs	r1, #0
    1564:	2001      	movs	r0, #1
    1566:	f000 fbb5 	bl	1cd4 <Det_ReportError>
    }

    return status;
    156a:	7bfb      	ldrb	r3, [r7, #15]
}
    156c:	4618      	mov	r0, r3
    156e:	3710      	adds	r7, #16
    1570:	46bd      	mov	sp, r7
    1572:	bd80      	pop	{r7, pc}
    1574:	1fff8124 	.word	0x1fff8124

00001578 <Os_Internal_ReleaseResource>:

/**
 * @brief Internal release resource
 */
StatusType Os_Internal_ReleaseResource(ResourceType ResID)
{
    1578:	b580      	push	{r7, lr}
    157a:	b084      	sub	sp, #16
    157c:	af00      	add	r7, sp, #0
    157e:	6078      	str	r0, [r7, #4]
    Os_ResourceConfigType* resource;
    TaskHandle_t currentTask;

    resource = &Os_GlobalState.Resources[ResID];
    1580:	4b1a      	ldr	r3, [pc, #104]	@ (15ec <Os_Internal_ReleaseResource+0x74>)
    1582:	6999      	ldr	r1, [r3, #24]
    1584:	687a      	ldr	r2, [r7, #4]
    1586:	4613      	mov	r3, r2
    1588:	009b      	lsls	r3, r3, #2
    158a:	4413      	add	r3, r2
    158c:	009b      	lsls	r3, r3, #2
    158e:	440b      	add	r3, r1
    1590:	60fb      	str	r3, [r7, #12]
    currentTask = xTaskGetCurrentTaskHandle();
    1592:	f7ff fa93 	bl	abc <xTaskGetCurrentTaskHandle>
    1596:	60b8      	str	r0, [r7, #8]

    if (resource->FreeRTOS_Mutex == NULL)
    1598:	68fb      	ldr	r3, [r7, #12]
    159a:	685b      	ldr	r3, [r3, #4]
    159c:	2b00      	cmp	r3, #0
    159e:	d101      	bne.n	15a4 <Os_Internal_ReleaseResource+0x2c>
    {
        return E_OS_ID;
    15a0:	2303      	movs	r3, #3
    15a2:	e01e      	b.n	15e2 <Os_Internal_ReleaseResource+0x6a>
    }

    if (resource->OwnerTask != (TaskType)currentTask)
    15a4:	68fb      	ldr	r3, [r7, #12]
    15a6:	689a      	ldr	r2, [r3, #8]
    15a8:	68bb      	ldr	r3, [r7, #8]
    15aa:	429a      	cmp	r2, r3
    15ac:	d001      	beq.n	15b2 <Os_Internal_ReleaseResource+0x3a>
    {
        return E_OS_NOFUNC;
    15ae:	2305      	movs	r3, #5
    15b0:	e017      	b.n	15e2 <Os_Internal_ReleaseResource+0x6a>
    }

    resource->NestCount--;
    15b2:	68fb      	ldr	r3, [r7, #12]
    15b4:	7b1b      	ldrb	r3, [r3, #12]
    15b6:	3b01      	subs	r3, #1
    15b8:	b2da      	uxtb	r2, r3
    15ba:	68fb      	ldr	r3, [r7, #12]
    15bc:	731a      	strb	r2, [r3, #12]

    if (resource->NestCount == 0)
    15be:	68fb      	ldr	r3, [r7, #12]
    15c0:	7b1b      	ldrb	r3, [r3, #12]
    15c2:	2b00      	cmp	r3, #0
    15c4:	d102      	bne.n	15cc <Os_Internal_ReleaseResource+0x54>
    {
        resource->OwnerTask = 0;
    15c6:	68fb      	ldr	r3, [r7, #12]
    15c8:	2200      	movs	r2, #0
    15ca:	609a      	str	r2, [r3, #8]
    }

    if (xSemaphoreGive(resource->FreeRTOS_Mutex) != pdTRUE)
    15cc:	68fb      	ldr	r3, [r7, #12]
    15ce:	685b      	ldr	r3, [r3, #4]
    15d0:	4618      	mov	r0, r3
    15d2:	f7ff fb16 	bl	c02 <xSemaphoreGive>
    15d6:	4603      	mov	r3, r0
    15d8:	2b01      	cmp	r3, #1
    15da:	d001      	beq.n	15e0 <Os_Internal_ReleaseResource+0x68>
    {
        return E_OS_ACCESS;
    15dc:	2301      	movs	r3, #1
    15de:	e000      	b.n	15e2 <Os_Internal_ReleaseResource+0x6a>
    }

    return E_OS_OK;
    15e0:	2300      	movs	r3, #0
}
    15e2:	4618      	mov	r0, r3
    15e4:	3710      	adds	r7, #16
    15e6:	46bd      	mov	sp, r7
    15e8:	bd80      	pop	{r7, pc}
    15ea:	bf00      	nop
    15ec:	1fff8124 	.word	0x1fff8124

000015f0 <GetAlarmBase>:
 *         - E_OS_OK: Information retrieved
 *         - E_OS_ID: Invalid alarm ID
 *         - E_OS_PARAM_POINTER: Invalid pointer
 */
StatusType GetAlarmBase(AlarmType AlarmID, AlarmBaseRefType Info)
{
    15f0:	b580      	push	{r7, lr}
    15f2:	b082      	sub	sp, #8
    15f4:	af00      	add	r7, sp, #0
    15f6:	6078      	str	r0, [r7, #4]
    15f8:	6039      	str	r1, [r7, #0]
    #if (OS_DEV_ERROR_DETECT == STD_ON)
    if (AlarmID >= Os_GlobalState.NumAlarms)
    15fa:	4b13      	ldr	r3, [pc, #76]	@ (1648 <GetAlarmBase+0x58>)
    15fc:	689b      	ldr	r3, [r3, #8]
    15fe:	687a      	ldr	r2, [r7, #4]
    1600:	429a      	cmp	r2, r3
    1602:	d307      	bcc.n	1614 <GetAlarmBase+0x24>
    {
        OS_DET_REPORT_ERROR(OS_SID_GETALARMBASE, E_OS_ID);
    1604:	2303      	movs	r3, #3
    1606:	2211      	movs	r2, #17
    1608:	2100      	movs	r1, #0
    160a:	2001      	movs	r0, #1
    160c:	f000 fb62 	bl	1cd4 <Det_ReportError>
        return E_OS_ID;
    1610:	2303      	movs	r3, #3
    1612:	e015      	b.n	1640 <GetAlarmBase+0x50>
    }
    if (Info == NULL)
    1614:	683b      	ldr	r3, [r7, #0]
    1616:	2b00      	cmp	r3, #0
    1618:	d107      	bne.n	162a <GetAlarmBase+0x3a>
    {
        OS_DET_REPORT_ERROR(OS_SID_GETALARMBASE, E_OS_PARAM_POINTER);
    161a:	230a      	movs	r3, #10
    161c:	2211      	movs	r2, #17
    161e:	2100      	movs	r1, #0
    1620:	2001      	movs	r0, #1
    1622:	f000 fb57 	bl	1cd4 <Det_ReportError>
        return E_OS_PARAM_POINTER;
    1626:	230a      	movs	r3, #10
    1628:	e00a      	b.n	1640 <GetAlarmBase+0x50>
    }
    #endif

    Info->maxallowedvalue = portMAX_DELAY;
    162a:	683b      	ldr	r3, [r7, #0]
    162c:	f04f 32ff 	mov.w	r2, #4294967295	@ 0xffffffff
    1630:	601a      	str	r2, [r3, #0]
    Info->ticksperbase = OS_TICKS_PER_MS;
    1632:	683b      	ldr	r3, [r7, #0]
    1634:	2201      	movs	r2, #1
    1636:	605a      	str	r2, [r3, #4]
    Info->mincycle = 1;
    1638:	683b      	ldr	r3, [r7, #0]
    163a:	2201      	movs	r2, #1
    163c:	609a      	str	r2, [r3, #8]

    return E_OS_OK;
    163e:	2300      	movs	r3, #0
}
    1640:	4618      	mov	r0, r3
    1642:	3708      	adds	r7, #8
    1644:	46bd      	mov	sp, r7
    1646:	bd80      	pop	{r7, pc}
    1648:	1fff8124 	.word	0x1fff8124

0000164c <GetAlarm>:
 *         - E_OS_ID: Invalid alarm ID
 *         - E_OS_NOFUNC: Alarm not active
 *         - E_OS_PARAM_POINTER: Invalid pointer
 */
StatusType GetAlarm(AlarmType AlarmID, TickRefType Tick)
{
    164c:	b580      	push	{r7, lr}
    164e:	b084      	sub	sp, #16
    1650:	af00      	add	r7, sp, #0
    1652:	6078      	str	r0, [r7, #4]
    1654:	6039      	str	r1, [r7, #0]
    StatusType status;

    #if (OS_DEV_ERROR_DETECT == STD_ON)
    if (AlarmID >= Os_GlobalState.NumAlarms)
    1656:	4b16      	ldr	r3, [pc, #88]	@ (16b0 <GetAlarm+0x64>)
    1658:	689b      	ldr	r3, [r3, #8]
    165a:	687a      	ldr	r2, [r7, #4]
    165c:	429a      	cmp	r2, r3
    165e:	d307      	bcc.n	1670 <GetAlarm+0x24>
    {
        OS_DET_REPORT_ERROR(OS_SID_GETALARM, E_OS_ID);
    1660:	2303      	movs	r3, #3
    1662:	2212      	movs	r2, #18
    1664:	2100      	movs	r1, #0
    1666:	2001      	movs	r0, #1
    1668:	f000 fb34 	bl	1cd4 <Det_ReportError>
        return E_OS_ID;
    166c:	2303      	movs	r3, #3
    166e:	e01a      	b.n	16a6 <GetAlarm+0x5a>
    }
    if (Tick == NULL)
    1670:	683b      	ldr	r3, [r7, #0]
    1672:	2b00      	cmp	r3, #0
    1674:	d107      	bne.n	1686 <GetAlarm+0x3a>
    {
        OS_DET_REPORT_ERROR(OS_SID_GETALARM, E_OS_PARAM_POINTER);
    1676:	230a      	movs	r3, #10
    1678:	2212      	movs	r2, #18
    167a:	2100      	movs	r1, #0
    167c:	2001      	movs	r0, #1
    167e:	f000 fb29 	bl	1cd4 <Det_ReportError>
        return E_OS_PARAM_POINTER;
    1682:	230a      	movs	r3, #10
    1684:	e00f      	b.n	16a6 <GetAlarm+0x5a>
    }
    #endif

    status = Os_Internal_GetAlarm(AlarmID, Tick);
    1686:	6839      	ldr	r1, [r7, #0]
    1688:	6878      	ldr	r0, [r7, #4]
    168a:	f000 f813 	bl	16b4 <Os_Internal_GetAlarm>
    168e:	4603      	mov	r3, r0
    1690:	73fb      	strb	r3, [r7, #15]

    if (status != E_OS_OK)
    1692:	7bfb      	ldrb	r3, [r7, #15]
    1694:	2b00      	cmp	r3, #0
    1696:	d005      	beq.n	16a4 <GetAlarm+0x58>
    {
        OS_DET_REPORT_ERROR(OS_SID_GETALARM, status);
    1698:	7bfb      	ldrb	r3, [r7, #15]
    169a:	2212      	movs	r2, #18
    169c:	2100      	movs	r1, #0
    169e:	2001      	movs	r0, #1
    16a0:	f000 fb18 	bl	1cd4 <Det_ReportError>
    }

    return status;
    16a4:	7bfb      	ldrb	r3, [r7, #15]
}
    16a6:	4618      	mov	r0, r3
    16a8:	3710      	adds	r7, #16
    16aa:	46bd      	mov	sp, r7
    16ac:	bd80      	pop	{r7, pc}
    16ae:	bf00      	nop
    16b0:	1fff8124 	.word	0x1fff8124

000016b4 <Os_Internal_GetAlarm>:

/**
 * @brief Internal get alarm
 */
StatusType Os_Internal_GetAlarm(AlarmType AlarmID, TickRefType Tick)
{
    16b4:	b480      	push	{r7}
    16b6:	b085      	sub	sp, #20
    16b8:	af00      	add	r7, sp, #0
    16ba:	6078      	str	r0, [r7, #4]
    16bc:	6039      	str	r1, [r7, #0]
    Os_AlarmConfigType* alarm;

    alarm = &Os_GlobalState.Alarms[AlarmID];
    16be:	4b0c      	ldr	r3, [pc, #48]	@ (16f0 <Os_Internal_GetAlarm+0x3c>)
    16c0:	6959      	ldr	r1, [r3, #20]
    16c2:	687a      	ldr	r2, [r7, #4]
    16c4:	4613      	mov	r3, r2
    16c6:	00db      	lsls	r3, r3, #3
    16c8:	1a9b      	subs	r3, r3, r2
    16ca:	009b      	lsls	r3, r3, #2
    16cc:	440b      	add	r3, r1
    16ce:	60fb      	str	r3, [r7, #12]

    if (alarm->State != OS_ALARM_ACTIVE)
    16d0:	68fb      	ldr	r3, [r7, #12]
    16d2:	7c1b      	ldrb	r3, [r3, #16]
    16d4:	2b01      	cmp	r3, #1
    16d6:	d001      	beq.n	16dc <Os_Internal_GetAlarm+0x28>
    {
        return E_OS_NOFUNC;
    16d8:	2305      	movs	r3, #5
    16da:	e004      	b.n	16e6 <Os_Internal_GetAlarm+0x32>
    }

    *Tick = alarm->ExpiryTick;
    16dc:	68fb      	ldr	r3, [r7, #12]
    16de:	68da      	ldr	r2, [r3, #12]
    16e0:	683b      	ldr	r3, [r7, #0]
    16e2:	601a      	str	r2, [r3, #0]
    return E_OS_OK;
    16e4:	2300      	movs	r3, #0
}
    16e6:	4618      	mov	r0, r3
    16e8:	3714      	adds	r7, #20
    16ea:	46bd      	mov	sp, r7
    16ec:	bc80      	pop	{r7}
    16ee:	4770      	bx	lr
    16f0:	1fff8124 	.word	0x1fff8124

000016f4 <SetRelAlarm>:
 *         - E_OS_OK: Alarm set
 *         - E_OS_ID: Invalid alarm ID
 *         - E_OS_VALUE: Invalid parameter values
 */
StatusType SetRelAlarm(AlarmType AlarmID, TickType Increment, TickType Cycle)
{
    16f4:	b580      	push	{r7, lr}
    16f6:	b086      	sub	sp, #24
    16f8:	af00      	add	r7, sp, #0
    16fa:	60f8      	str	r0, [r7, #12]
    16fc:	60b9      	str	r1, [r7, #8]
    16fe:	607a      	str	r2, [r7, #4]
    StatusType status;

    #if (OS_DEV_ERROR_DETECT == STD_ON)
    if (AlarmID >= Os_GlobalState.NumAlarms)
    1700:	4b16      	ldr	r3, [pc, #88]	@ (175c <SetRelAlarm+0x68>)
    1702:	689b      	ldr	r3, [r3, #8]
    1704:	68fa      	ldr	r2, [r7, #12]
    1706:	429a      	cmp	r2, r3
    1708:	d307      	bcc.n	171a <SetRelAlarm+0x26>
    {
        OS_DET_REPORT_ERROR(OS_SID_SETRELALARM, E_OS_ID);
    170a:	2303      	movs	r3, #3
    170c:	2213      	movs	r2, #19
    170e:	2100      	movs	r1, #0
    1710:	2001      	movs	r0, #1
    1712:	f000 fadf 	bl	1cd4 <Det_ReportError>
        return E_OS_ID;
    1716:	2303      	movs	r3, #3
    1718:	e01b      	b.n	1752 <SetRelAlarm+0x5e>
    }
    if (Increment == 0)
    171a:	68bb      	ldr	r3, [r7, #8]
    171c:	2b00      	cmp	r3, #0
    171e:	d107      	bne.n	1730 <SetRelAlarm+0x3c>
    {
        OS_DET_REPORT_ERROR(OS_SID_SETRELALARM, E_OS_VALUE);
    1720:	2308      	movs	r3, #8
    1722:	2213      	movs	r2, #19
    1724:	2100      	movs	r1, #0
    1726:	2001      	movs	r0, #1
    1728:	f000 fad4 	bl	1cd4 <Det_ReportError>
        return E_OS_VALUE;
    172c:	2308      	movs	r3, #8
    172e:	e010      	b.n	1752 <SetRelAlarm+0x5e>
    }
    #endif

    status = Os_Internal_SetRelAlarm(AlarmID, Increment, Cycle);
    1730:	687a      	ldr	r2, [r7, #4]
    1732:	68b9      	ldr	r1, [r7, #8]
    1734:	68f8      	ldr	r0, [r7, #12]
    1736:	f000 f813 	bl	1760 <Os_Internal_SetRelAlarm>
    173a:	4603      	mov	r3, r0
    173c:	75fb      	strb	r3, [r7, #23]

    if (status != E_OS_OK)
    173e:	7dfb      	ldrb	r3, [r7, #23]
    1740:	2b00      	cmp	r3, #0
    1742:	d005      	beq.n	1750 <SetRelAlarm+0x5c>
    {
        OS_DET_REPORT_ERROR(OS_SID_SETRELALARM, status);
    1744:	7dfb      	ldrb	r3, [r7, #23]
    1746:	2213      	movs	r2, #19
    1748:	2100      	movs	r1, #0
    174a:	2001      	movs	r0, #1
    174c:	f000 fac2 	bl	1cd4 <Det_ReportError>
    }

    return status;
    1750:	7dfb      	ldrb	r3, [r7, #23]
}
    1752:	4618      	mov	r0, r3
    1754:	3718      	adds	r7, #24
    1756:	46bd      	mov	sp, r7
    1758:	bd80      	pop	{r7, pc}
    175a:	bf00      	nop
    175c:	1fff8124 	.word	0x1fff8124

00001760 <Os_Internal_SetRelAlarm>:

/**
 * @brief Internal set relative alarm
 */
StatusType Os_Internal_SetRelAlarm(AlarmType AlarmID, TickType Increment, TickType Cycle)
{
    1760:	b580      	push	{r7, lr}
    1762:	b086      	sub	sp, #24
    1764:	af00      	add	r7, sp, #0
    1766:	60f8      	str	r0, [r7, #12]
    1768:	60b9      	str	r1, [r7, #8]
    176a:	607a      	str	r2, [r7, #4]
    Os_AlarmConfigType* alarm;
    TickType periodMs;

    alarm = &Os_GlobalState.Alarms[AlarmID];
    176c:	4b1d      	ldr	r3, [pc, #116]	@ (17e4 <Os_Internal_SetRelAlarm+0x84>)
    176e:	6959      	ldr	r1, [r3, #20]
    1770:	68fa      	ldr	r2, [r7, #12]
    1772:	4613      	mov	r3, r2
    1774:	00db      	lsls	r3, r3, #3
    1776:	1a9b      	subs	r3, r3, r2
    1778:	009b      	lsls	r3, r3, #2
    177a:	440b      	add	r3, r1
    177c:	613b      	str	r3, [r7, #16]

    if (alarm->FreeRTOS_Timer == NULL)
    177e:	693b      	ldr	r3, [r7, #16]
    1780:	699b      	ldr	r3, [r3, #24]
    1782:	2b00      	cmp	r3, #0
    1784:	d101      	bne.n	178a <Os_Internal_SetRelAlarm+0x2a>
    {
        return E_OS_ID;
    1786:	2303      	movs	r3, #3
    1788:	e027      	b.n	17da <Os_Internal_SetRelAlarm+0x7a>
    }

    alarm->Increment = Increment;
    178a:	693b      	ldr	r3, [r7, #16]
    178c:	68ba      	ldr	r2, [r7, #8]
    178e:	605a      	str	r2, [r3, #4]
    alarm->Cycle = Cycle;
    1790:	693b      	ldr	r3, [r7, #16]
    1792:	687a      	ldr	r2, [r7, #4]
    1794:	609a      	str	r2, [r3, #8]
    alarm->State = OS_ALARM_ACTIVE;
    1796:	693b      	ldr	r3, [r7, #16]
    1798:	2201      	movs	r2, #1
    179a:	741a      	strb	r2, [r3, #16]

    /* Convert ticks to milliseconds for FreeRTOS */
    periodMs = Increment / OS_TICKS_PER_MS;
    179c:	68bb      	ldr	r3, [r7, #8]
    179e:	617b      	str	r3, [r7, #20]
    if (periodMs == 0)
    17a0:	697b      	ldr	r3, [r7, #20]
    17a2:	2b00      	cmp	r3, #0
    17a4:	d101      	bne.n	17aa <Os_Internal_SetRelAlarm+0x4a>
    {
        periodMs = 1;
    17a6:	2301      	movs	r3, #1
    17a8:	617b      	str	r3, [r7, #20]
    }

    if (xTimerChangePeriod(alarm->FreeRTOS_Timer, pdMS_TO_TICKS(periodMs), 0) != pdPASS)
    17aa:	693b      	ldr	r3, [r7, #16]
    17ac:	699b      	ldr	r3, [r3, #24]
    17ae:	2200      	movs	r2, #0
    17b0:	6979      	ldr	r1, [r7, #20]
    17b2:	4618      	mov	r0, r3
    17b4:	f7ff f9d3 	bl	b5e <xTimerChangePeriod>
    17b8:	4603      	mov	r3, r0
    17ba:	2b01      	cmp	r3, #1
    17bc:	d001      	beq.n	17c2 <Os_Internal_SetRelAlarm+0x62>
    {
        return E_OS_VALUE;
    17be:	2308      	movs	r3, #8
    17c0:	e00b      	b.n	17da <Os_Internal_SetRelAlarm+0x7a>
    }

    if (xTimerStart(alarm->FreeRTOS_Timer, 0) != pdPASS)
    17c2:	693b      	ldr	r3, [r7, #16]
    17c4:	699b      	ldr	r3, [r3, #24]
    17c6:	2100      	movs	r1, #0
    17c8:	4618      	mov	r0, r3
    17ca:	f7ff f9b2 	bl	b32 <xTimerStart>
    17ce:	4603      	mov	r3, r0
    17d0:	2b01      	cmp	r3, #1
    17d2:	d001      	beq.n	17d8 <Os_Internal_SetRelAlarm+0x78>
    {
        return E_OS_VALUE;
    17d4:	2308      	movs	r3, #8
    17d6:	e000      	b.n	17da <Os_Internal_SetRelAlarm+0x7a>
    }

    return E_OS_OK;
    17d8:	2300      	movs	r3, #0
}
    17da:	4618      	mov	r0, r3
    17dc:	3718      	adds	r7, #24
    17de:	46bd      	mov	sp, r7
    17e0:	bd80      	pop	{r7, pc}
    17e2:	bf00      	nop
    17e4:	1fff8124 	.word	0x1fff8124

000017e8 <SetAbsAlarm>:
 *         - E_OS_OK: Alarm set
 *         - E_OS_ID: Invalid alarm ID
 *         - E_OS_VALUE: Invalid parameter values
 */
StatusType SetAbsAlarm(AlarmType AlarmID, TickType Start, TickType Cycle)
{
    17e8:	b580      	push	{r7, lr}
    17ea:	b086      	sub	sp, #24
    17ec:	af00      	add	r7, sp, #0
    17ee:	60f8      	str	r0, [r7, #12]
    17f0:	60b9      	str	r1, [r7, #8]
    17f2:	607a      	str	r2, [r7, #4]
     * We implement them as relative alarms from current tick count. */
    TickType currentTick;
    TickType relativeIncrement;

    #if (OS_DEV_ERROR_DETECT == STD_ON)
    if (AlarmID >= Os_GlobalState.NumAlarms)
    17f4:	4b12      	ldr	r3, [pc, #72]	@ (1840 <SetAbsAlarm+0x58>)
    17f6:	689b      	ldr	r3, [r3, #8]
    17f8:	68fa      	ldr	r2, [r7, #12]
    17fa:	429a      	cmp	r2, r3
    17fc:	d307      	bcc.n	180e <SetAbsAlarm+0x26>
    {
        OS_DET_REPORT_ERROR(OS_SID_SETABSALARM, E_OS_ID);
    17fe:	2303      	movs	r3, #3
    1800:	2214      	movs	r2, #20
    1802:	2100      	movs	r1, #0
    1804:	2001      	movs	r0, #1
    1806:	f000 fa65 	bl	1cd4 <Det_ReportError>
        return E_OS_ID;
    180a:	2303      	movs	r3, #3
    180c:	e013      	b.n	1836 <SetAbsAlarm+0x4e>
    }
    #endif

    currentTick = (TickType)xTaskGetTickCount();
    180e:	f7ff f966 	bl	ade <xTaskGetTickCount>
    1812:	6138      	str	r0, [r7, #16]

    if (Start > currentTick)
    1814:	68ba      	ldr	r2, [r7, #8]
    1816:	693b      	ldr	r3, [r7, #16]
    1818:	429a      	cmp	r2, r3
    181a:	d904      	bls.n	1826 <SetAbsAlarm+0x3e>
    {
        relativeIncrement = Start - currentTick;
    181c:	68ba      	ldr	r2, [r7, #8]
    181e:	693b      	ldr	r3, [r7, #16]
    1820:	1ad3      	subs	r3, r2, r3
    1822:	617b      	str	r3, [r7, #20]
    1824:	e001      	b.n	182a <SetAbsAlarm+0x42>
    }
    else
    {
        relativeIncrement = 1; /* Start immediately if time has passed */
    1826:	2301      	movs	r3, #1
    1828:	617b      	str	r3, [r7, #20]
    }

    return Os_Internal_SetRelAlarm(AlarmID, relativeIncrement, Cycle);
    182a:	687a      	ldr	r2, [r7, #4]
    182c:	6979      	ldr	r1, [r7, #20]
    182e:	68f8      	ldr	r0, [r7, #12]
    1830:	f7ff ff96 	bl	1760 <Os_Internal_SetRelAlarm>
    1834:	4603      	mov	r3, r0
}
    1836:	4618      	mov	r0, r3
    1838:	3718      	adds	r7, #24
    183a:	46bd      	mov	sp, r7
    183c:	bd80      	pop	{r7, pc}
    183e:	bf00      	nop
    1840:	1fff8124 	.word	0x1fff8124

00001844 <Os_Internal_SetAbsAlarm>:

/**
 * @brief Internal set absolute alarm
 */
StatusType Os_Internal_SetAbsAlarm(AlarmType AlarmID, TickType Start, TickType Cycle)
{
    1844:	b580      	push	{r7, lr}
    1846:	b084      	sub	sp, #16
    1848:	af00      	add	r7, sp, #0
    184a:	60f8      	str	r0, [r7, #12]
    184c:	60b9      	str	r1, [r7, #8]
    184e:	607a      	str	r2, [r7, #4]
    return SetAbsAlarm(AlarmID, Start, Cycle);
    1850:	687a      	ldr	r2, [r7, #4]
    1852:	68b9      	ldr	r1, [r7, #8]
    1854:	68f8      	ldr	r0, [r7, #12]
    1856:	f7ff ffc7 	bl	17e8 <SetAbsAlarm>
    185a:	4603      	mov	r3, r0
}
    185c:	4618      	mov	r0, r3
    185e:	3710      	adds	r7, #16
    1860:	46bd      	mov	sp, r7
    1862:	bd80      	pop	{r7, pc}

00001864 <CancelAlarm>:
 *         - E_OS_OK: Alarm canceled
 *         - E_OS_ID: Invalid alarm ID
 *         - E_OS_NOFUNC: Alarm was not active
 */
StatusType CancelAlarm(AlarmType AlarmID)
{
    1864:	b580      	push	{r7, lr}
    1866:	b084      	sub	sp, #16
    1868:	af00      	add	r7, sp, #0
    186a:	6078      	str	r0, [r7, #4]
    StatusType status;

    #if (OS_DEV_ERROR_DETECT == STD_ON)
    if (AlarmID >= Os_GlobalState.NumAlarms)
    186c:	4b0f      	ldr	r3, [pc, #60]	@ (18ac <CancelAlarm+0x48>)
    186e:	689b      	ldr	r3, [r3, #8]
    1870:	687a      	ldr	r2, [r7, #4]
    1872:	429a      	cmp	r2, r3
    1874:	d307      	bcc.n	1886 <CancelAlarm+0x22>
    {
        OS_DET_REPORT_ERROR(OS_SID_CANCELALARM, E_OS_ID);
    1876:	2303      	movs	r3, #3
    1878:	2215      	movs	r2, #21
    187a:	2100      	movs	r1, #0
    187c:	2001      	movs	r0, #1
    187e:	f000 fa29 	bl	1cd4 <Det_ReportError>
        return E_OS_ID;
    1882:	2303      	movs	r3, #3
    1884:	e00e      	b.n	18a4 <CancelAlarm+0x40>
    }
    #endif

    status = Os_Internal_CancelAlarm(AlarmID);
    1886:	6878      	ldr	r0, [r7, #4]
    1888:	f000 f812 	bl	18b0 <Os_Internal_CancelAlarm>
    188c:	4603      	mov	r3, r0
    188e:	73fb      	strb	r3, [r7, #15]

    if (status != E_OS_OK)
    1890:	7bfb      	ldrb	r3, [r7, #15]
    1892:	2b00      	cmp	r3, #0
    1894:	d005      	beq.n	18a2 <CancelAlarm+0x3e>
    {
        OS_DET_REPORT_ERROR(OS_SID_CANCELALARM, status);
    1896:	7bfb      	ldrb	r3, [r7, #15]
    1898:	2215      	movs	r2, #21
    189a:	2100      	movs	r1, #0
    189c:	2001      	movs	r0, #1
    189e:	f000 fa19 	bl	1cd4 <Det_ReportError>
    }

    return status;
    18a2:	7bfb      	ldrb	r3, [r7, #15]
}
    18a4:	4618      	mov	r0, r3
    18a6:	3710      	adds	r7, #16
    18a8:	46bd      	mov	sp, r7
    18aa:	bd80      	pop	{r7, pc}
    18ac:	1fff8124 	.word	0x1fff8124

000018b0 <Os_Internal_CancelAlarm>:

/**
 * @brief Internal cancel alarm
 */
StatusType Os_Internal_CancelAlarm(AlarmType AlarmID)
{
    18b0:	b580      	push	{r7, lr}
    18b2:	b084      	sub	sp, #16
    18b4:	af00      	add	r7, sp, #0
    18b6:	6078      	str	r0, [r7, #4]
    Os_AlarmConfigType* alarm;

    alarm = &Os_GlobalState.Alarms[AlarmID];
    18b8:	4b13      	ldr	r3, [pc, #76]	@ (1908 <Os_Internal_CancelAlarm+0x58>)
    18ba:	6959      	ldr	r1, [r3, #20]
    18bc:	687a      	ldr	r2, [r7, #4]
    18be:	4613      	mov	r3, r2
    18c0:	00db      	lsls	r3, r3, #3
    18c2:	1a9b      	subs	r3, r3, r2
    18c4:	009b      	lsls	r3, r3, #2
    18c6:	440b      	add	r3, r1
    18c8:	60fb      	str	r3, [r7, #12]

    if (alarm->FreeRTOS_Timer == NULL)
    18ca:	68fb      	ldr	r3, [r7, #12]
    18cc:	699b      	ldr	r3, [r3, #24]
    18ce:	2b00      	cmp	r3, #0
    18d0:	d101      	bne.n	18d6 <Os_Internal_CancelAlarm+0x26>
    {
        return E_OS_ID;
    18d2:	2303      	movs	r3, #3
    18d4:	e014      	b.n	1900 <Os_Internal_CancelAlarm+0x50>
    }

    if (alarm->State != OS_ALARM_ACTIVE)
    18d6:	68fb      	ldr	r3, [r7, #12]
    18d8:	7c1b      	ldrb	r3, [r3, #16]
    18da:	2b01      	cmp	r3, #1
    18dc:	d001      	beq.n	18e2 <Os_Internal_CancelAlarm+0x32>
    {
        return E_OS_NOFUNC;
    18de:	2305      	movs	r3, #5
    18e0:	e00e      	b.n	1900 <Os_Internal_CancelAlarm+0x50>
    }

    if (xTimerStop(alarm->FreeRTOS_Timer, 0) != pdPASS)
    18e2:	68fb      	ldr	r3, [r7, #12]
    18e4:	699b      	ldr	r3, [r3, #24]
    18e6:	2100      	movs	r1, #0
    18e8:	4618      	mov	r0, r3
    18ea:	f7ff f92d 	bl	b48 <xTimerStop>
    18ee:	4603      	mov	r3, r0
    18f0:	2b01      	cmp	r3, #1
    18f2:	d001      	beq.n	18f8 <Os_Internal_CancelAlarm+0x48>
    {
        return E_OS_STATE;
    18f4:	2307      	movs	r3, #7
    18f6:	e003      	b.n	1900 <Os_Internal_CancelAlarm+0x50>
    }

    alarm->State = OS_ALARM_CANCELED;
    18f8:	68fb      	ldr	r3, [r7, #12]
    18fa:	2202      	movs	r2, #2
    18fc:	741a      	strb	r2, [r3, #16]

    return E_OS_OK;
    18fe:	2300      	movs	r3, #0
}
    1900:	4618      	mov	r0, r3
    1902:	3710      	adds	r7, #16
    1904:	46bd      	mov	sp, r7
    1906:	bd80      	pop	{r7, pc}
    1908:	1fff8124 	.word	0x1fff8124

0000190c <ErrorHook>:
 * @brief Error hook - called when an OS error occurs
 *
 * @param[in] Error Error code
 */
void ErrorHook(StatusType Error)
{
    190c:	b580      	push	{r7, lr}
    190e:	b082      	sub	sp, #8
    1910:	af00      	add	r7, sp, #0
    1912:	4603      	mov	r3, r0
    1914:	71fb      	strb	r3, [r7, #7]
    Os_Internal_ErrorHook(Error);
    1916:	79fb      	ldrb	r3, [r7, #7]
    1918:	4618      	mov	r0, r3
    191a:	f000 f804 	bl	1926 <Os_Internal_ErrorHook>
}
    191e:	bf00      	nop
    1920:	3708      	adds	r7, #8
    1922:	46bd      	mov	sp, r7
    1924:	bd80      	pop	{r7, pc}

00001926 <Os_Internal_ErrorHook>:

/**
 * @brief Internal error hook
 */
void Os_Internal_ErrorHook(StatusType Error)
{
    1926:	b480      	push	{r7}
    1928:	b083      	sub	sp, #12
    192a:	af00      	add	r7, sp, #0
    192c:	4603      	mov	r3, r0
    192e:	71fb      	strb	r3, [r7, #7]
    (void)Error;
    /* Default implementation - can be overridden by application */
}
    1930:	bf00      	nop
    1932:	370c      	adds	r7, #12
    1934:	46bd      	mov	sp, r7
    1936:	bc80      	pop	{r7}
    1938:	4770      	bx	lr

0000193a <Appl_ErrorHook>:
/**
 * @brief Application error hook - weak reference
 *        Can be overridden by application code
 */
OS_WEAK void Appl_ErrorHook(StatusType Error)
{
    193a:	b480      	push	{r7}
    193c:	b083      	sub	sp, #12
    193e:	af00      	add	r7, sp, #0
    1940:	4603      	mov	r3, r0
    1942:	71fb      	strb	r3, [r7, #7]
    (void)Error;
}
    1944:	bf00      	nop
    1946:	370c      	adds	r7, #12
    1948:	46bd      	mov	sp, r7
    194a:	bc80      	pop	{r7}
    194c:	4770      	bx	lr

0000194e <PreTaskHook>:

/**
 * @brief Pre-task hook - called before task switch in
 */
void PreTaskHook(void)
{
    194e:	b580      	push	{r7, lr}
    1950:	af00      	add	r7, sp, #0
    Os_Internal_PreTaskHook();
    1952:	f000 f802 	bl	195a <Os_Internal_PreTaskHook>
}
    1956:	bf00      	nop
    1958:	bd80      	pop	{r7, pc}

0000195a <Os_Internal_PreTaskHook>:

/**
 * @brief Internal pre-task hook
 */
void Os_Internal_PreTaskHook(void)
{
    195a:	b480      	push	{r7}
    195c:	af00      	add	r7, sp, #0
    /* Default implementation - can be overridden by application */
}
    195e:	bf00      	nop
    1960:	46bd      	mov	sp, r7
    1962:	bc80      	pop	{r7}
    1964:	4770      	bx	lr

00001966 <Appl_PreTaskHook>:
/**
 * @brief Application pre-task hook - weak reference
 *        Can be overridden by application code
 */
OS_WEAK void Appl_PreTaskHook(void)
{
    1966:	b480      	push	{r7}
    1968:	af00      	add	r7, sp, #0
    /* Default empty implementation */
}
    196a:	bf00      	nop
    196c:	46bd      	mov	sp, r7
    196e:	bc80      	pop	{r7}
    1970:	4770      	bx	lr

00001972 <PostTaskHook>:

/**
 * @brief Post-task hook - called after task switch out
 */
void PostTaskHook(void)
{
    1972:	b580      	push	{r7, lr}
    1974:	af00      	add	r7, sp, #0
    Os_Internal_PostTaskHook();
    1976:	f000 f802 	bl	197e <Os_Internal_PostTaskHook>
}
    197a:	bf00      	nop
    197c:	bd80      	pop	{r7, pc}

0000197e <Os_Internal_PostTaskHook>:

/**
 * @brief Internal post-task hook
 */
void Os_Internal_PostTaskHook(void)
{
    197e:	b480      	push	{r7}
    1980:	af00      	add	r7, sp, #0
    /* Default implementation - can be overridden by application */
}
    1982:	bf00      	nop
    1984:	46bd      	mov	sp, r7
    1986:	bc80      	pop	{r7}
    1988:	4770      	bx	lr

0000198a <Appl_PostTaskHook>:
/**
 * @brief Application post-task hook - weak reference
 *        Can be overridden by application code
 */
OS_WEAK void Appl_PostTaskHook(void)
{
    198a:	b480      	push	{r7}
    198c:	af00      	add	r7, sp, #0
    /* Default empty implementation */
}
    198e:	bf00      	nop
    1990:	46bd      	mov	sp, r7
    1992:	bc80      	pop	{r7}
    1994:	4770      	bx	lr

00001996 <StartupHook>:

/**
 * @brief Startup hook - called after OS initialization
 */
void StartupHook(void)
{
    1996:	b580      	push	{r7, lr}
    1998:	af00      	add	r7, sp, #0
    Os_Internal_StartupHook();
    199a:	f000 f802 	bl	19a2 <Os_Internal_StartupHook>
}
    199e:	bf00      	nop
    19a0:	bd80      	pop	{r7, pc}

000019a2 <Os_Internal_StartupHook>:

/**
 * @brief Internal startup hook
 */
void Os_Internal_StartupHook(void)
{
    19a2:	b480      	push	{r7}
    19a4:	af00      	add	r7, sp, #0
    /* Default implementation - can be overridden by application */
}
    19a6:	bf00      	nop
    19a8:	46bd      	mov	sp, r7
    19aa:	bc80      	pop	{r7}
    19ac:	4770      	bx	lr

000019ae <Appl_StartupHook>:
/**
 * @brief Application startup hook - weak reference
 *        Can be overridden by application code
 */
OS_WEAK void Appl_StartupHook(void)
{
    19ae:	b480      	push	{r7}
    19b0:	af00      	add	r7, sp, #0
    /* Default empty implementation */
}
    19b2:	bf00      	nop
    19b4:	46bd      	mov	sp, r7
    19b6:	bc80      	pop	{r7}
    19b8:	4770      	bx	lr

000019ba <ShutdownHook>:
 * @brief Shutdown hook - called before OS shutdown
 *
 * @param[in] Error Error code for shutdown reason
 */
void ShutdownHook(StatusType Error)
{
    19ba:	b580      	push	{r7, lr}
    19bc:	b082      	sub	sp, #8
    19be:	af00      	add	r7, sp, #0
    19c0:	4603      	mov	r3, r0
    19c2:	71fb      	strb	r3, [r7, #7]
    Os_Internal_ShutdownHook(Error);
    19c4:	79fb      	ldrb	r3, [r7, #7]
    19c6:	4618      	mov	r0, r3
    19c8:	f000 f804 	bl	19d4 <Os_Internal_ShutdownHook>
}
    19cc:	bf00      	nop
    19ce:	3708      	adds	r7, #8
    19d0:	46bd      	mov	sp, r7
    19d2:	bd80      	pop	{r7, pc}

000019d4 <Os_Internal_ShutdownHook>:

/**
 * @brief Internal shutdown hook
 */
void Os_Internal_ShutdownHook(StatusType Error)
{
    19d4:	b480      	push	{r7}
    19d6:	b083      	sub	sp, #12
    19d8:	af00      	add	r7, sp, #0
    19da:	4603      	mov	r3, r0
    19dc:	71fb      	strb	r3, [r7, #7]
    (void)Error;
    /* Default implementation - can be overridden by application */
}
    19de:	bf00      	nop
    19e0:	370c      	adds	r7, #12
    19e2:	46bd      	mov	sp, r7
    19e4:	bc80      	pop	{r7}
    19e6:	4770      	bx	lr

000019e8 <Appl_ShutdownHook>:
/**
 * @brief Application shutdown hook - weak reference
 *        Can be overridden by application code
 */
OS_WEAK void Appl_ShutdownHook(StatusType Error)
{
    19e8:	b480      	push	{r7}
    19ea:	b083      	sub	sp, #12
    19ec:	af00      	add	r7, sp, #0
    19ee:	4603      	mov	r3, r0
    19f0:	71fb      	strb	r3, [r7, #7]
    (void)Error;
}
    19f2:	bf00      	nop
    19f4:	370c      	adds	r7, #12
    19f6:	46bd      	mov	sp, r7
    19f8:	bc80      	pop	{r7}
    19fa:	4770      	bx	lr

000019fc <Os_GetVersionInfo>:
 * @brief Get OS version information
 *
 * @param[out] versioninfo Pointer to version information structure
 */
void Os_GetVersionInfo(Std_VersionInfoType* versioninfo)
{
    19fc:	b480      	push	{r7}
    19fe:	b083      	sub	sp, #12
    1a00:	af00      	add	r7, sp, #0
    1a02:	6078      	str	r0, [r7, #4]
    if (versioninfo != NULL)
    1a04:	687b      	ldr	r3, [r7, #4]
    1a06:	2b00      	cmp	r3, #0
    1a08:	d00e      	beq.n	1a28 <Os_GetVersionInfo+0x2c>
    {
        versioninfo->vendorID = OS_VENDOR_ID;
    1a0a:	687b      	ldr	r3, [r7, #4]
    1a0c:	2201      	movs	r2, #1
    1a0e:	801a      	strh	r2, [r3, #0]
        versioninfo->moduleID = OS_MODULE_ID;
    1a10:	687b      	ldr	r3, [r7, #4]
    1a12:	2201      	movs	r2, #1
    1a14:	805a      	strh	r2, [r3, #2]
        versioninfo->sw_major_version = OS_SW_MAJOR_VERSION;
    1a16:	687b      	ldr	r3, [r7, #4]
    1a18:	2201      	movs	r2, #1
    1a1a:	711a      	strb	r2, [r3, #4]
        versioninfo->sw_minor_version = OS_SW_MINOR_VERSION;
    1a1c:	687b      	ldr	r3, [r7, #4]
    1a1e:	2200      	movs	r2, #0
    1a20:	715a      	strb	r2, [r3, #5]
        versioninfo->sw_patch_version = OS_SW_PATCH_VERSION;
    1a22:	687b      	ldr	r3, [r7, #4]
    1a24:	2200      	movs	r2, #0
    1a26:	719a      	strb	r2, [r3, #6]
    }
}
    1a28:	bf00      	nop
    1a2a:	370c      	adds	r7, #12
    1a2c:	46bd      	mov	sp, r7
    1a2e:	bc80      	pop	{r7}
    1a30:	4770      	bx	lr

00001a32 <Os_InitResources>:

/**
 * @brief Initialize resources (mutexes)
 */
static void Os_InitResources(void)
{
    1a32:	b580      	push	{r7, lr}
    1a34:	b082      	sub	sp, #8
    1a36:	af00      	add	r7, sp, #0
    uint32 i;

    for (i = 0; i < Os_GlobalState.NumResources; i++)
    1a38:	2300      	movs	r3, #0
    1a3a:	607b      	str	r3, [r7, #4]
    1a3c:	e01f      	b.n	1a7e <Os_InitResources+0x4c>
    {
        Os_ResourceConfigType* resource = &Os_GlobalState.Resources[i];
    1a3e:	4b15      	ldr	r3, [pc, #84]	@ (1a94 <Os_InitResources+0x62>)
    1a40:	6999      	ldr	r1, [r3, #24]
    1a42:	687a      	ldr	r2, [r7, #4]
    1a44:	4613      	mov	r3, r2
    1a46:	009b      	lsls	r3, r3, #2
    1a48:	4413      	add	r3, r2
    1a4a:	009b      	lsls	r3, r3, #2
    1a4c:	440b      	add	r3, r1
    1a4e:	603b      	str	r3, [r7, #0]

        resource->ResID = (ResourceType)i;
    1a50:	683b      	ldr	r3, [r7, #0]
    1a52:	687a      	ldr	r2, [r7, #4]
    1a54:	601a      	str	r2, [r3, #0]
        resource->FreeRTOS_Mutex = xSemaphoreCreateMutex();
    1a56:	f7ff f8c2 	bl	bde <xSemaphoreCreateMutex>
    1a5a:	4602      	mov	r2, r0
    1a5c:	683b      	ldr	r3, [r7, #0]
    1a5e:	605a      	str	r2, [r3, #4]
        resource->OwnerTask = 0;
    1a60:	683b      	ldr	r3, [r7, #0]
    1a62:	2200      	movs	r2, #0
    1a64:	609a      	str	r2, [r3, #8]
        resource->NestCount = 0;
    1a66:	683b      	ldr	r3, [r7, #0]
    1a68:	2200      	movs	r2, #0
    1a6a:	731a      	strb	r2, [r3, #12]
        resource->IsCeilingPriority = FALSE;
    1a6c:	683b      	ldr	r3, [r7, #0]
    1a6e:	2200      	movs	r2, #0
    1a70:	735a      	strb	r2, [r3, #13]
        resource->CeilingPriority = 0;
    1a72:	683b      	ldr	r3, [r7, #0]
    1a74:	2200      	movs	r2, #0
    1a76:	611a      	str	r2, [r3, #16]
    for (i = 0; i < Os_GlobalState.NumResources; i++)
    1a78:	687b      	ldr	r3, [r7, #4]
    1a7a:	3301      	adds	r3, #1
    1a7c:	607b      	str	r3, [r7, #4]
    1a7e:	4b05      	ldr	r3, [pc, #20]	@ (1a94 <Os_InitResources+0x62>)
    1a80:	68db      	ldr	r3, [r3, #12]
    1a82:	687a      	ldr	r2, [r7, #4]
    1a84:	429a      	cmp	r2, r3
    1a86:	d3da      	bcc.n	1a3e <Os_InitResources+0xc>
    }
}
    1a88:	bf00      	nop
    1a8a:	bf00      	nop
    1a8c:	3708      	adds	r7, #8
    1a8e:	46bd      	mov	sp, r7
    1a90:	bd80      	pop	{r7, pc}
    1a92:	bf00      	nop
    1a94:	1fff8124 	.word	0x1fff8124

00001a98 <Os_InitAlarms>:

/**
 * @brief Initialize alarms (timers)
 */
static void Os_InitAlarms(void)
{
    1a98:	b580      	push	{r7, lr}
    1a9a:	b084      	sub	sp, #16
    1a9c:	af02      	add	r7, sp, #8
    uint32 i;

    for (i = 0; i < Os_GlobalState.NumAlarms; i++)
    1a9e:	2300      	movs	r3, #0
    1aa0:	607b      	str	r3, [r7, #4]
    1aa2:	e020      	b.n	1ae6 <Os_InitAlarms+0x4e>
    {
        Os_AlarmConfigType* alarm = &Os_GlobalState.Alarms[i];
    1aa4:	4b15      	ldr	r3, [pc, #84]	@ (1afc <Os_InitAlarms+0x64>)
    1aa6:	6959      	ldr	r1, [r3, #20]
    1aa8:	687a      	ldr	r2, [r7, #4]
    1aaa:	4613      	mov	r3, r2
    1aac:	00db      	lsls	r3, r3, #3
    1aae:	1a9b      	subs	r3, r3, r2
    1ab0:	009b      	lsls	r3, r3, #2
    1ab2:	440b      	add	r3, r1
    1ab4:	603b      	str	r3, [r7, #0]

        alarm->AlarmID = (AlarmType)i;
    1ab6:	683b      	ldr	r3, [r7, #0]
    1ab8:	687a      	ldr	r2, [r7, #4]
    1aba:	601a      	str	r2, [r3, #0]
        alarm->State = OS_ALARM_UNUSED;
    1abc:	683b      	ldr	r3, [r7, #0]
    1abe:	2200      	movs	r2, #0
    1ac0:	741a      	strb	r2, [r3, #16]
        alarm->Callback = NULL;
    1ac2:	683b      	ldr	r3, [r7, #0]
    1ac4:	2200      	movs	r2, #0
    1ac6:	615a      	str	r2, [r3, #20]
        alarm->FreeRTOS_Timer = xTimerCreate(
    1ac8:	4b0d      	ldr	r3, [pc, #52]	@ (1b00 <Os_InitAlarms+0x68>)
    1aca:	9300      	str	r3, [sp, #0]
    1acc:	683b      	ldr	r3, [r7, #0]
    1ace:	2200      	movs	r2, #0
    1ad0:	f44f 717a 	mov.w	r1, #1000	@ 0x3e8
    1ad4:	480b      	ldr	r0, [pc, #44]	@ (1b04 <Os_InitAlarms+0x6c>)
    1ad6:	f7ff f81f 	bl	b18 <xTimerCreate>
    1ada:	4602      	mov	r2, r0
    1adc:	683b      	ldr	r3, [r7, #0]
    1ade:	619a      	str	r2, [r3, #24]
    for (i = 0; i < Os_GlobalState.NumAlarms; i++)
    1ae0:	687b      	ldr	r3, [r7, #4]
    1ae2:	3301      	adds	r3, #1
    1ae4:	607b      	str	r3, [r7, #4]
    1ae6:	4b05      	ldr	r3, [pc, #20]	@ (1afc <Os_InitAlarms+0x64>)
    1ae8:	689b      	ldr	r3, [r3, #8]
    1aea:	687a      	ldr	r2, [r7, #4]
    1aec:	429a      	cmp	r2, r3
    1aee:	d3d9      	bcc.n	1aa4 <Os_InitAlarms+0xc>
            pdMS_TO_TICKS(1000),
            pdFALSE, /* One-shot by default */
            (void*)alarm,
            Os_AlarmCallback);
    }
}
    1af0:	bf00      	nop
    1af2:	bf00      	nop
    1af4:	3708      	adds	r7, #8
    1af6:	46bd      	mov	sp, r7
    1af8:	bd80      	pop	{r7, pc}
    1afa:	bf00      	nop
    1afc:	1fff8124 	.word	0x1fff8124
    1b00:	00001b6d 	.word	0x00001b6d
    1b04:	00003ae8 	.word	0x00003ae8

00001b08 <Os_InitTasks>:

/**
 * @brief Initialize tasks
 */
static void Os_InitTasks(AppModeType Mode)
{
    1b08:	b580      	push	{r7, lr}
    1b0a:	b084      	sub	sp, #16
    1b0c:	af00      	add	r7, sp, #0
    1b0e:	4603      	mov	r3, r0
    1b10:	71fb      	strb	r3, [r7, #7]
    uint32 i;
    (void)Mode;

    for (i = 0; i < Os_GlobalState.NumTasks; i++)
    1b12:	2300      	movs	r3, #0
    1b14:	60fb      	str	r3, [r7, #12]
    1b16:	e01d      	b.n	1b54 <Os_InitTasks+0x4c>
    {
        Os_TaskConfigType* task = &Os_GlobalState.Tasks[i];
    1b18:	4b13      	ldr	r3, [pc, #76]	@ (1b68 <Os_InitTasks+0x60>)
    1b1a:	6919      	ldr	r1, [r3, #16]
    1b1c:	68fa      	ldr	r2, [r7, #12]
    1b1e:	4613      	mov	r3, r2
    1b20:	005b      	lsls	r3, r3, #1
    1b22:	4413      	add	r3, r2
    1b24:	00db      	lsls	r3, r3, #3
    1b26:	440b      	add	r3, r1
    1b28:	60bb      	str	r3, [r7, #8]

        task->TaskID = (TaskType)i;
    1b2a:	68bb      	ldr	r3, [r7, #8]
    1b2c:	68fa      	ldr	r2, [r7, #12]
    1b2e:	601a      	str	r2, [r3, #0]
        task->FreeRTOS_Task = NULL;
    1b30:	68bb      	ldr	r3, [r7, #8]
    1b32:	2200      	movs	r2, #0
    1b34:	605a      	str	r2, [r3, #4]
        task->FreeRTOS_EventGroup = NULL;
    1b36:	68bb      	ldr	r3, [r7, #8]
    1b38:	2200      	movs	r2, #0
    1b3a:	609a      	str	r2, [r3, #8]

        if (task->IsAutoStart)
    1b3c:	68bb      	ldr	r3, [r7, #8]
    1b3e:	7c1b      	ldrb	r3, [r3, #16]
    1b40:	2b00      	cmp	r3, #0
    1b42:	d004      	beq.n	1b4e <Os_InitTasks+0x46>
        {
            Os_Internal_ActivateTask(task->TaskID);
    1b44:	68bb      	ldr	r3, [r7, #8]
    1b46:	681b      	ldr	r3, [r3, #0]
    1b48:	4618      	mov	r0, r3
    1b4a:	f7ff f951 	bl	df0 <Os_Internal_ActivateTask>
    for (i = 0; i < Os_GlobalState.NumTasks; i++)
    1b4e:	68fb      	ldr	r3, [r7, #12]
    1b50:	3301      	adds	r3, #1
    1b52:	60fb      	str	r3, [r7, #12]
    1b54:	4b04      	ldr	r3, [pc, #16]	@ (1b68 <Os_InitTasks+0x60>)
    1b56:	685b      	ldr	r3, [r3, #4]
    1b58:	68fa      	ldr	r2, [r7, #12]
    1b5a:	429a      	cmp	r2, r3
    1b5c:	d3dc      	bcc.n	1b18 <Os_InitTasks+0x10>
        }
    }
}
    1b5e:	bf00      	nop
    1b60:	bf00      	nop
    1b62:	3710      	adds	r7, #16
    1b64:	46bd      	mov	sp, r7
    1b66:	bd80      	pop	{r7, pc}
    1b68:	1fff8124 	.word	0x1fff8124

00001b6c <Os_AlarmCallback>:

/**
 * @brief Alarm callback wrapper for FreeRTOS timers
 */
void Os_AlarmCallback(TimerHandle_t xTimer)
{
    1b6c:	b580      	push	{r7, lr}
    1b6e:	b084      	sub	sp, #16
    1b70:	af00      	add	r7, sp, #0
    1b72:	6078      	str	r0, [r7, #4]
    Os_AlarmConfigType* alarm;

    alarm = (Os_AlarmConfigType*)pvTimerGetTimerID(xTimer);
    1b74:	6878      	ldr	r0, [r7, #4]
    1b76:	f7fe ffc5 	bl	b04 <pvTimerGetTimerID>
    1b7a:	60b8      	str	r0, [r7, #8]

    if (alarm != NULL && alarm->Callback != NULL)
    1b7c:	68bb      	ldr	r3, [r7, #8]
    1b7e:	2b00      	cmp	r3, #0
    1b80:	d006      	beq.n	1b90 <Os_AlarmCallback+0x24>
    1b82:	68bb      	ldr	r3, [r7, #8]
    1b84:	695b      	ldr	r3, [r3, #20]
    1b86:	2b00      	cmp	r3, #0
    1b88:	d002      	beq.n	1b90 <Os_AlarmCallback+0x24>
    {
        alarm->Callback();
    1b8a:	68bb      	ldr	r3, [r7, #8]
    1b8c:	695b      	ldr	r3, [r3, #20]
    1b8e:	4798      	blx	r3
    }

    /* Handle cyclic alarms */
    if (alarm->Cycle > 0 && alarm->State == OS_ALARM_ACTIVE)
    1b90:	68bb      	ldr	r3, [r7, #8]
    1b92:	689b      	ldr	r3, [r3, #8]
    1b94:	2b00      	cmp	r3, #0
    1b96:	d014      	beq.n	1bc2 <Os_AlarmCallback+0x56>
    1b98:	68bb      	ldr	r3, [r7, #8]
    1b9a:	7c1b      	ldrb	r3, [r3, #16]
    1b9c:	2b01      	cmp	r3, #1
    1b9e:	d110      	bne.n	1bc2 <Os_AlarmCallback+0x56>
    {
        TickType cycleMs = alarm->Cycle / OS_TICKS_PER_MS;
    1ba0:	68bb      	ldr	r3, [r7, #8]
    1ba2:	689b      	ldr	r3, [r3, #8]
    1ba4:	60fb      	str	r3, [r7, #12]
        if (cycleMs == 0)
    1ba6:	68fb      	ldr	r3, [r7, #12]
    1ba8:	2b00      	cmp	r3, #0
    1baa:	d101      	bne.n	1bb0 <Os_AlarmCallback+0x44>
        {
            cycleMs = 1;
    1bac:	2301      	movs	r3, #1
    1bae:	60fb      	str	r3, [r7, #12]
        }

        xTimerChangePeriod(xTimer, pdMS_TO_TICKS(cycleMs), 0);
    1bb0:	2200      	movs	r2, #0
    1bb2:	68f9      	ldr	r1, [r7, #12]
    1bb4:	6878      	ldr	r0, [r7, #4]
    1bb6:	f7fe ffd2 	bl	b5e <xTimerChangePeriod>
        xTimerStart(xTimer, 0);
    1bba:	2100      	movs	r1, #0
    1bbc:	6878      	ldr	r0, [r7, #4]
    1bbe:	f7fe ffb8 	bl	b32 <xTimerStart>
    }
}
    1bc2:	bf00      	nop
    1bc4:	3710      	adds	r7, #16
    1bc6:	46bd      	mov	sp, r7
    1bc8:	bd80      	pop	{r7, pc}

00001bca <Os_TaskWrapper>:

/**
 * @brief Task wrapper for FreeRTOS
 */
void Os_TaskWrapper(void* pvParameters)
{
    1bca:	b580      	push	{r7, lr}
    1bcc:	b084      	sub	sp, #16
    1bce:	af00      	add	r7, sp, #0
    1bd0:	6078      	str	r0, [r7, #4]
    Os_TaskConfigType* task;

    task = (Os_TaskConfigType*)pvParameters;
    1bd2:	687b      	ldr	r3, [r7, #4]
    1bd4:	60fb      	str	r3, [r7, #12]

    /* Call pre-task hook */
    Os_Internal_PreTaskHook();
    1bd6:	f7ff fec0 	bl	195a <Os_Internal_PreTaskHook>

    /* Execute task entry point */
    if (task->EntryPoint != NULL)
    1bda:	68fb      	ldr	r3, [r7, #12]
    1bdc:	695b      	ldr	r3, [r3, #20]
    1bde:	2b00      	cmp	r3, #0
    1be0:	d002      	beq.n	1be8 <Os_TaskWrapper+0x1e>
    {
        task->EntryPoint();
    1be2:	68fb      	ldr	r3, [r7, #12]
    1be4:	695b      	ldr	r3, [r3, #20]
    1be6:	4798      	blx	r3
    }

    /* Task should not return in AutoSAR - if it does, suspend it */
    Os_Internal_TerminateTask();
    1be8:	f7ff f963 	bl	eb2 <Os_Internal_TerminateTask>
}
    1bec:	bf00      	nop
    1bee:	3710      	adds	r7, #16
    1bf0:	46bd      	mov	sp, r7
    1bf2:	bd80      	pop	{r7, pc}

00001bf4 <Det_Init>:
 * @return None
 * @req SWS_Det_00005
 * @note ConfigPtr may be NULL_PTR for pre-compile configuration
 */
void Det_Init(const Det_ConfigType* ConfigPtr)
{
    1bf4:	b480      	push	{r7}
    1bf6:	b085      	sub	sp, #20
    1bf8:	af00      	add	r7, sp, #0
    1bfa:	6078      	str	r0, [r7, #4]
#if (DET_ENABLED == STD_ON)
    /* Check if already initialized */
    if (Det_State == DET_INITIALIZED || Det_State == DET_STARTED)
    1bfc:	4b29      	ldr	r3, [pc, #164]	@ (1ca4 <Det_Init+0xb0>)
    1bfe:	781b      	ldrb	r3, [r3, #0]
    1c00:	2b01      	cmp	r3, #1
    1c02:	d049      	beq.n	1c98 <Det_Init+0xa4>
    1c04:	4b27      	ldr	r3, [pc, #156]	@ (1ca4 <Det_Init+0xb0>)
    1c06:	781b      	ldrb	r3, [r3, #0]
    1c08:	2b02      	cmp	r3, #2
    1c0a:	d045      	beq.n	1c98 <Det_Init+0xa4>
    }
    
    DET_ENTER_CRITICAL_SECTION();
    
    /* Store configuration pointer */
    DetConfigPtr = ConfigPtr;
    1c0c:	4a26      	ldr	r2, [pc, #152]	@ (1ca8 <Det_Init+0xb4>)
    1c0e:	687b      	ldr	r3, [r7, #4]
    1c10:	6013      	str	r3, [r2, #0]
    
    /* Initialize state */
    Det_State = DET_INITIALIZED;
    1c12:	4b24      	ldr	r3, [pc, #144]	@ (1ca4 <Det_Init+0xb0>)
    1c14:	2201      	movs	r2, #1
    1c16:	701a      	strb	r2, [r3, #0]
    DetInitialized = TRUE;
    1c18:	4b24      	ldr	r3, [pc, #144]	@ (1cac <Det_Init+0xb8>)
    1c1a:	2201      	movs	r2, #1
    1c1c:	701a      	strb	r2, [r3, #0]
    
    /* Reset counters */
    Det_ErrorCounter = 0u;
    1c1e:	4b24      	ldr	r3, [pc, #144]	@ (1cb0 <Det_Init+0xbc>)
    1c20:	2200      	movs	r2, #0
    1c22:	601a      	str	r2, [r3, #0]
    Det_RuntimeErrorCounter = 0u;
    1c24:	4b23      	ldr	r3, [pc, #140]	@ (1cb4 <Det_Init+0xc0>)
    1c26:	2200      	movs	r2, #0
    1c28:	601a      	str	r2, [r3, #0]
    Det_TransientFaultCounter = 0u;
    1c2a:	4b23      	ldr	r3, [pc, #140]	@ (1cb8 <Det_Init+0xc4>)
    1c2c:	2200      	movs	r2, #0
    1c2e:	601a      	str	r2, [r3, #0]
    
    /* Clear hook tables */
    #if (DET_ERROR_HOOKS_ENABLED == STD_ON)
    {
        uint8 i;
        Det_NumRegisteredHooks = 0u;
    1c30:	4b22      	ldr	r3, [pc, #136]	@ (1cbc <Det_Init+0xc8>)
    1c32:	2200      	movs	r2, #0
    1c34:	701a      	strb	r2, [r3, #0]
        for (i = 0u; i < DET_MAX_ERROR_HOOKS; i++)
    1c36:	2300      	movs	r3, #0
    1c38:	73fb      	strb	r3, [r7, #15]
    1c3a:	e007      	b.n	1c4c <Det_Init+0x58>
        {
            Det_ErrorHooks[i] = NULL_PTR;
    1c3c:	7bfb      	ldrb	r3, [r7, #15]
    1c3e:	4a20      	ldr	r2, [pc, #128]	@ (1cc0 <Det_Init+0xcc>)
    1c40:	2100      	movs	r1, #0
    1c42:	f842 1023 	str.w	r1, [r2, r3, lsl #2]
        for (i = 0u; i < DET_MAX_ERROR_HOOKS; i++)
    1c46:	7bfb      	ldrb	r3, [r7, #15]
    1c48:	3301      	adds	r3, #1
    1c4a:	73fb      	strb	r3, [r7, #15]
    1c4c:	7bfb      	ldrb	r3, [r7, #15]
    1c4e:	2b03      	cmp	r3, #3
    1c50:	d9f4      	bls.n	1c3c <Det_Init+0x48>
    #endif
    
    #if (DET_RUNTIME_ERROR_CALLOUTS == STD_ON)
    {
        uint8 i;
        Det_NumRuntimeCallouts = 0u;
    1c52:	4b1c      	ldr	r3, [pc, #112]	@ (1cc4 <Det_Init+0xd0>)
    1c54:	2200      	movs	r2, #0
    1c56:	701a      	strb	r2, [r3, #0]
        for (i = 0u; i < DET_MAX_RUNTIME_CALLOUTS; i++)
    1c58:	2300      	movs	r3, #0
    1c5a:	73bb      	strb	r3, [r7, #14]
    1c5c:	e007      	b.n	1c6e <Det_Init+0x7a>
        {
            Det_RuntimeCallouts[i] = NULL_PTR;
    1c5e:	7bbb      	ldrb	r3, [r7, #14]
    1c60:	4a19      	ldr	r2, [pc, #100]	@ (1cc8 <Det_Init+0xd4>)
    1c62:	2100      	movs	r1, #0
    1c64:	f842 1023 	str.w	r1, [r2, r3, lsl #2]
        for (i = 0u; i < DET_MAX_RUNTIME_CALLOUTS; i++)
    1c68:	7bbb      	ldrb	r3, [r7, #14]
    1c6a:	3301      	adds	r3, #1
    1c6c:	73bb      	strb	r3, [r7, #14]
    1c6e:	7bbb      	ldrb	r3, [r7, #14]
    1c70:	2b01      	cmp	r3, #1
    1c72:	d9f4      	bls.n	1c5e <Det_Init+0x6a>
    #endif
    
    #if (DET_TRANSIENT_FAULT_CALLOUTS == STD_ON)
    {
        uint8 i;
        Det_NumTransientCallouts = 0u;
    1c74:	4b15      	ldr	r3, [pc, #84]	@ (1ccc <Det_Init+0xd8>)
    1c76:	2200      	movs	r2, #0
    1c78:	701a      	strb	r2, [r3, #0]
        for (i = 0u; i < DET_MAX_TRANSIENT_CALLOUTS; i++)
    1c7a:	2300      	movs	r3, #0
    1c7c:	737b      	strb	r3, [r7, #13]
    1c7e:	e007      	b.n	1c90 <Det_Init+0x9c>
        {
            Det_TransientCallouts[i] = NULL_PTR;
    1c80:	7b7b      	ldrb	r3, [r7, #13]
    1c82:	4a13      	ldr	r2, [pc, #76]	@ (1cd0 <Det_Init+0xdc>)
    1c84:	2100      	movs	r1, #0
    1c86:	f842 1023 	str.w	r1, [r2, r3, lsl #2]
        for (i = 0u; i < DET_MAX_TRANSIENT_CALLOUTS; i++)
    1c8a:	7b7b      	ldrb	r3, [r7, #13]
    1c8c:	3301      	adds	r3, #1
    1c8e:	737b      	strb	r3, [r7, #13]
    1c90:	7b7b      	ldrb	r3, [r7, #13]
    1c92:	2b01      	cmp	r3, #1
    1c94:	d9f4      	bls.n	1c80 <Det_Init+0x8c>
    1c96:	e000      	b.n	1c9a <Det_Init+0xa6>
        return;
    1c98:	bf00      	nop
    
#else
    /* Det is disabled - do nothing */
    (void)ConfigPtr; /* Suppress unused parameter warning */
#endif /* DET_ENABLED */
}
    1c9a:	3714      	adds	r7, #20
    1c9c:	46bd      	mov	sp, r7
    1c9e:	bc80      	pop	{r7}
    1ca0:	4770      	bx	lr
    1ca2:	bf00      	nop
    1ca4:	1fff8178 	.word	0x1fff8178
    1ca8:	1fff817c 	.word	0x1fff817c
    1cac:	1fff818c 	.word	0x1fff818c
    1cb0:	1fff8180 	.word	0x1fff8180
    1cb4:	1fff8184 	.word	0x1fff8184
    1cb8:	1fff8188 	.word	0x1fff8188
    1cbc:	1fff81a0 	.word	0x1fff81a0
    1cc0:	1fff8190 	.word	0x1fff8190
    1cc4:	1fff81ac 	.word	0x1fff81ac
    1cc8:	1fff81a4 	.word	0x1fff81a4
    1ccc:	1fff81b8 	.word	0x1fff81b8
    1cd0:	1fff81b0 	.word	0x1fff81b0

00001cd4 <Det_ReportError>:
Std_ReturnType Det_ReportError(
    uint16 ModuleId,
    uint8 InstanceId,
    uint8 ApiId,
    uint8 ErrorId)
{
    1cd4:	b590      	push	{r4, r7, lr}
    1cd6:	b083      	sub	sp, #12
    1cd8:	af00      	add	r7, sp, #0
    1cda:	4604      	mov	r4, r0
    1cdc:	4608      	mov	r0, r1
    1cde:	4611      	mov	r1, r2
    1ce0:	461a      	mov	r2, r3
    1ce2:	4623      	mov	r3, r4
    1ce4:	80fb      	strh	r3, [r7, #6]
    1ce6:	4603      	mov	r3, r0
    1ce8:	717b      	strb	r3, [r7, #5]
    1cea:	460b      	mov	r3, r1
    1cec:	713b      	strb	r3, [r7, #4]
    1cee:	4613      	mov	r3, r2
    1cf0:	70fb      	strb	r3, [r7, #3]
#if (DET_ENABLED == STD_ON)
    
    /* Increment error counter */
    DET_ENTER_CRITICAL_SECTION();
    Det_ErrorCounter++;
    1cf2:	4b08      	ldr	r3, [pc, #32]	@ (1d14 <Det_ReportError+0x40>)
    1cf4:	681b      	ldr	r3, [r3, #0]
    1cf6:	3301      	adds	r3, #1
    1cf8:	4a06      	ldr	r2, [pc, #24]	@ (1d14 <Det_ReportError+0x40>)
    1cfa:	6013      	str	r3, [r2, #0]
    DET_EXIT_CRITICAL_SECTION();
    
    /* Call registered error hooks */
    #if (DET_ERROR_HOOKS_ENABLED == STD_ON)
    Det_CallErrorHooks(ModuleId, InstanceId, ApiId, ErrorId);
    1cfc:	78fb      	ldrb	r3, [r7, #3]
    1cfe:	793a      	ldrb	r2, [r7, #4]
    1d00:	7979      	ldrb	r1, [r7, #5]
    1d02:	88f8      	ldrh	r0, [r7, #6]
    1d04:	f000 f885 	bl	1e12 <Det_CallErrorHooks>
    (void)InstanceId;
    (void)ApiId;
    (void)ErrorId;
#endif /* DET_ENABLED */
    
    return E_OK;
    1d08:	2300      	movs	r3, #0
}
    1d0a:	4618      	mov	r0, r3
    1d0c:	370c      	adds	r7, #12
    1d0e:	46bd      	mov	sp, r7
    1d10:	bd90      	pop	{r4, r7, pc}
    1d12:	bf00      	nop
    1d14:	1fff8180 	.word	0x1fff8180

00001d18 <Det_Start>:
 * @return None
 * @req SWS_Det_00008
 * @note After Start(), error reporting becomes active
 */
void Det_Start(void)
{
    1d18:	b480      	push	{r7}
    1d1a:	af00      	add	r7, sp, #0
#if (DET_ENABLED == STD_ON)
    if (Det_State == DET_INITIALIZED)
    1d1c:	4b05      	ldr	r3, [pc, #20]	@ (1d34 <Det_Start+0x1c>)
    1d1e:	781b      	ldrb	r3, [r3, #0]
    1d20:	2b01      	cmp	r3, #1
    1d22:	d102      	bne.n	1d2a <Det_Start+0x12>
    {
        Det_State = DET_STARTED;
    1d24:	4b03      	ldr	r3, [pc, #12]	@ (1d34 <Det_Start+0x1c>)
    1d26:	2202      	movs	r2, #2
    1d28:	701a      	strb	r2, [r3, #0]
    }
    /* If not initialized, Start() has no effect */
#endif
}
    1d2a:	bf00      	nop
    1d2c:	46bd      	mov	sp, r7
    1d2e:	bc80      	pop	{r7}
    1d30:	4770      	bx	lr
    1d32:	bf00      	nop
    1d34:	1fff8178 	.word	0x1fff8178

00001d38 <Det_ReportRuntimeError>:
Std_ReturnType Det_ReportRuntimeError(
    uint16 ModuleId,
    uint8 InstanceId,
    uint8 ApiId,
    uint8 ErrorId)
{
    1d38:	b590      	push	{r4, r7, lr}
    1d3a:	b085      	sub	sp, #20
    1d3c:	af00      	add	r7, sp, #0
    1d3e:	4604      	mov	r4, r0
    1d40:	4608      	mov	r0, r1
    1d42:	4611      	mov	r1, r2
    1d44:	461a      	mov	r2, r3
    1d46:	4623      	mov	r3, r4
    1d48:	80fb      	strh	r3, [r7, #6]
    1d4a:	4603      	mov	r3, r0
    1d4c:	717b      	strb	r3, [r7, #5]
    1d4e:	460b      	mov	r3, r1
    1d50:	713b      	strb	r3, [r7, #4]
    1d52:	4613      	mov	r3, r2
    1d54:	70fb      	strb	r3, [r7, #3]
    Std_ReturnType result = E_NOT_OK;
    1d56:	2301      	movs	r3, #1
    1d58:	73fb      	strb	r3, [r7, #15]
    
#if (DET_ENABLED == STD_ON)
    
    /* Increment runtime error counter */
    DET_ENTER_CRITICAL_SECTION();
    Det_RuntimeErrorCounter++;
    1d5a:	4b09      	ldr	r3, [pc, #36]	@ (1d80 <Det_ReportRuntimeError+0x48>)
    1d5c:	681b      	ldr	r3, [r3, #0]
    1d5e:	3301      	adds	r3, #1
    1d60:	4a07      	ldr	r2, [pc, #28]	@ (1d80 <Det_ReportRuntimeError+0x48>)
    1d62:	6013      	str	r3, [r2, #0]
    DET_EXIT_CRITICAL_SECTION();
    
    /* Call runtime error callouts */
    #if (DET_RUNTIME_ERROR_CALLOUTS == STD_ON)
    Det_CallRuntimeCallouts(ModuleId, InstanceId, ApiId, ErrorId);
    1d64:	78fb      	ldrb	r3, [r7, #3]
    1d66:	793a      	ldrb	r2, [r7, #4]
    1d68:	7979      	ldrb	r1, [r7, #5]
    1d6a:	88f8      	ldrh	r0, [r7, #6]
    1d6c:	f000 f884 	bl	1e78 <Det_CallRuntimeCallouts>
    result = E_OK; /* Assume handled if callouts exist */
    1d70:	2300      	movs	r3, #0
    1d72:	73fb      	strb	r3, [r7, #15]
    (void)InstanceId;
    (void)ApiId;
    (void)ErrorId;
#endif
    
    return result;
    1d74:	7bfb      	ldrb	r3, [r7, #15]
}
    1d76:	4618      	mov	r0, r3
    1d78:	3714      	adds	r7, #20
    1d7a:	46bd      	mov	sp, r7
    1d7c:	bd90      	pop	{r4, r7, pc}
    1d7e:	bf00      	nop
    1d80:	1fff8184 	.word	0x1fff8184

00001d84 <Det_ReportTransientFault>:
Std_ReturnType Det_ReportTransientFault(
    uint16 ModuleId,
    uint8 InstanceId,
    uint8 ApiId,
    uint8 FaultId)
{
    1d84:	b590      	push	{r4, r7, lr}
    1d86:	b085      	sub	sp, #20
    1d88:	af00      	add	r7, sp, #0
    1d8a:	4604      	mov	r4, r0
    1d8c:	4608      	mov	r0, r1
    1d8e:	4611      	mov	r1, r2
    1d90:	461a      	mov	r2, r3
    1d92:	4623      	mov	r3, r4
    1d94:	80fb      	strh	r3, [r7, #6]
    1d96:	4603      	mov	r3, r0
    1d98:	717b      	strb	r3, [r7, #5]
    1d9a:	460b      	mov	r3, r1
    1d9c:	713b      	strb	r3, [r7, #4]
    1d9e:	4613      	mov	r3, r2
    1da0:	70fb      	strb	r3, [r7, #3]
    Std_ReturnType result = E_NOT_OK;
    1da2:	2301      	movs	r3, #1
    1da4:	73fb      	strb	r3, [r7, #15]
    
#if (DET_ENABLED == STD_ON)
    
    /* Increment transient fault counter */
    DET_ENTER_CRITICAL_SECTION();
    Det_TransientFaultCounter++;
    1da6:	4b09      	ldr	r3, [pc, #36]	@ (1dcc <Det_ReportTransientFault+0x48>)
    1da8:	681b      	ldr	r3, [r3, #0]
    1daa:	3301      	adds	r3, #1
    1dac:	4a07      	ldr	r2, [pc, #28]	@ (1dcc <Det_ReportTransientFault+0x48>)
    1dae:	6013      	str	r3, [r2, #0]
    DET_EXIT_CRITICAL_SECTION();
    
    /* Call transient fault callouts */
    #if (DET_TRANSIENT_FAULT_CALLOUTS == STD_ON)
    Det_CallTransientCallouts(ModuleId, InstanceId, ApiId, FaultId);
    1db0:	78fb      	ldrb	r3, [r7, #3]
    1db2:	793a      	ldrb	r2, [r7, #4]
    1db4:	7979      	ldrb	r1, [r7, #5]
    1db6:	88f8      	ldrh	r0, [r7, #6]
    1db8:	f000 f890 	bl	1edc <Det_CallTransientCallouts>
    result = E_OK;
    1dbc:	2300      	movs	r3, #0
    1dbe:	73fb      	strb	r3, [r7, #15]
    (void)InstanceId;
    (void)ApiId;
    (void)FaultId;
#endif
    
    return result;
    1dc0:	7bfb      	ldrb	r3, [r7, #15]
}
    1dc2:	4618      	mov	r0, r3
    1dc4:	3714      	adds	r7, #20
    1dc6:	46bd      	mov	sp, r7
    1dc8:	bd90      	pop	{r4, r7, pc}
    1dca:	bf00      	nop
    1dcc:	1fff8188 	.word	0x1fff8188

00001dd0 <Det_GetVersionInfo>:
 * @return None
 * @req SWS_Det_00011
 */
#if (DET_VERSION_INFO_API == STD_ON)
void Det_GetVersionInfo(Std_VersionInfoType* versioninfo)
{
    1dd0:	b580      	push	{r7, lr}
    1dd2:	b082      	sub	sp, #8
    1dd4:	af00      	add	r7, sp, #0
    1dd6:	6078      	str	r0, [r7, #4]
    if (versioninfo != NULL_PTR)
    1dd8:	687b      	ldr	r3, [r7, #4]
    1dda:	2b00      	cmp	r3, #0
    1ddc:	d00f      	beq.n	1dfe <Det_GetVersionInfo+0x2e>
    {
        versioninfo->vendorID = DET_VENDOR_ID;
    1dde:	687b      	ldr	r3, [r7, #4]
    1de0:	2264      	movs	r2, #100	@ 0x64
    1de2:	801a      	strh	r2, [r3, #0]
        versioninfo->moduleID = DET_MODULE_ID;
    1de4:	687b      	ldr	r3, [r7, #4]
    1de6:	220f      	movs	r2, #15
    1de8:	805a      	strh	r2, [r3, #2]
        versioninfo->sw_major_version = DET_SW_MAJOR_VERSION;
    1dea:	687b      	ldr	r3, [r7, #4]
    1dec:	2201      	movs	r2, #1
    1dee:	711a      	strb	r2, [r3, #4]
        versioninfo->sw_minor_version = DET_SW_MINOR_VERSION;
    1df0:	687b      	ldr	r3, [r7, #4]
    1df2:	2200      	movs	r2, #0
    1df4:	715a      	strb	r2, [r3, #5]
        versioninfo->sw_patch_version = DET_SW_PATCH_VERSION;
    1df6:	687b      	ldr	r3, [r7, #4]
    1df8:	2200      	movs	r2, #0
    1dfa:	719a      	strb	r2, [r3, #6]
    {
        /* Report error - null pointer */
        (void)Det_ReportError(DET_MODULE_ID, DET_INSTANCE_ID, 0x00u, DET_E_PARAM_POINTER);
    }
    #endif
}
    1dfc:	e005      	b.n	1e0a <Det_GetVersionInfo+0x3a>
        (void)Det_ReportError(DET_MODULE_ID, DET_INSTANCE_ID, 0x00u, DET_E_PARAM_POINTER);
    1dfe:	2301      	movs	r3, #1
    1e00:	2200      	movs	r2, #0
    1e02:	2100      	movs	r1, #0
    1e04:	200f      	movs	r0, #15
    1e06:	f7ff ff65 	bl	1cd4 <Det_ReportError>
}
    1e0a:	bf00      	nop
    1e0c:	3708      	adds	r7, #8
    1e0e:	46bd      	mov	sp, r7
    1e10:	bd80      	pop	{r7, pc}

00001e12 <Det_CallErrorHooks>:
/**
 * @brief Internal function to call all registered error hooks
 */
#if (DET_ERROR_HOOKS_ENABLED == STD_ON)
static void Det_CallErrorHooks(uint16 ModuleId, uint8 InstanceId, uint8 ApiId, uint8 ErrorId)
{
    1e12:	b590      	push	{r4, r7, lr}
    1e14:	b085      	sub	sp, #20
    1e16:	af00      	add	r7, sp, #0
    1e18:	4604      	mov	r4, r0
    1e1a:	4608      	mov	r0, r1
    1e1c:	4611      	mov	r1, r2
    1e1e:	461a      	mov	r2, r3
    1e20:	4623      	mov	r3, r4
    1e22:	80fb      	strh	r3, [r7, #6]
    1e24:	4603      	mov	r3, r0
    1e26:	717b      	strb	r3, [r7, #5]
    1e28:	460b      	mov	r3, r1
    1e2a:	713b      	strb	r3, [r7, #4]
    1e2c:	4613      	mov	r3, r2
    1e2e:	70fb      	strb	r3, [r7, #3]
    uint8 i;
    
    for (i = 0u; i < Det_NumRegisteredHooks; i++)
    1e30:	2300      	movs	r3, #0
    1e32:	73fb      	strb	r3, [r7, #15]
    1e34:	e011      	b.n	1e5a <Det_CallErrorHooks+0x48>
    {
        if (Det_ErrorHooks[i] != NULL_PTR)
    1e36:	7bfb      	ldrb	r3, [r7, #15]
    1e38:	4a0d      	ldr	r2, [pc, #52]	@ (1e70 <Det_CallErrorHooks+0x5e>)
    1e3a:	f852 3023 	ldr.w	r3, [r2, r3, lsl #2]
    1e3e:	2b00      	cmp	r3, #0
    1e40:	d008      	beq.n	1e54 <Det_CallErrorHooks+0x42>
        {
            Det_ErrorHooks[i](ModuleId, InstanceId, ApiId, ErrorId);
    1e42:	7bfb      	ldrb	r3, [r7, #15]
    1e44:	4a0a      	ldr	r2, [pc, #40]	@ (1e70 <Det_CallErrorHooks+0x5e>)
    1e46:	f852 4023 	ldr.w	r4, [r2, r3, lsl #2]
    1e4a:	78fb      	ldrb	r3, [r7, #3]
    1e4c:	793a      	ldrb	r2, [r7, #4]
    1e4e:	7979      	ldrb	r1, [r7, #5]
    1e50:	88f8      	ldrh	r0, [r7, #6]
    1e52:	47a0      	blx	r4
    for (i = 0u; i < Det_NumRegisteredHooks; i++)
    1e54:	7bfb      	ldrb	r3, [r7, #15]
    1e56:	3301      	adds	r3, #1
    1e58:	73fb      	strb	r3, [r7, #15]
    1e5a:	4b06      	ldr	r3, [pc, #24]	@ (1e74 <Det_CallErrorHooks+0x62>)
    1e5c:	781b      	ldrb	r3, [r3, #0]
    1e5e:	7bfa      	ldrb	r2, [r7, #15]
    1e60:	429a      	cmp	r2, r3
    1e62:	d3e8      	bcc.n	1e36 <Det_CallErrorHooks+0x24>
        }
    }
}
    1e64:	bf00      	nop
    1e66:	bf00      	nop
    1e68:	3714      	adds	r7, #20
    1e6a:	46bd      	mov	sp, r7
    1e6c:	bd90      	pop	{r4, r7, pc}
    1e6e:	bf00      	nop
    1e70:	1fff8190 	.word	0x1fff8190
    1e74:	1fff81a0 	.word	0x1fff81a0

00001e78 <Det_CallRuntimeCallouts>:
/**
 * @brief Internal function to call all runtime error callouts
 */
#if (DET_RUNTIME_ERROR_CALLOUTS == STD_ON)
static void Det_CallRuntimeCallouts(uint16 ModuleId, uint8 InstanceId, uint8 ApiId, uint8 ErrorId)
{
    1e78:	b590      	push	{r4, r7, lr}
    1e7a:	b085      	sub	sp, #20
    1e7c:	af00      	add	r7, sp, #0
    1e7e:	4604      	mov	r4, r0
    1e80:	4608      	mov	r0, r1
    1e82:	4611      	mov	r1, r2
    1e84:	461a      	mov	r2, r3
    1e86:	4623      	mov	r3, r4
    1e88:	80fb      	strh	r3, [r7, #6]
    1e8a:	4603      	mov	r3, r0
    1e8c:	717b      	strb	r3, [r7, #5]
    1e8e:	460b      	mov	r3, r1
    1e90:	713b      	strb	r3, [r7, #4]
    1e92:	4613      	mov	r3, r2
    1e94:	70fb      	strb	r3, [r7, #3]
    uint8 i;
    
    for (i = 0u; i < Det_NumRuntimeCallouts; i++)
    1e96:	2300      	movs	r3, #0
    1e98:	73fb      	strb	r3, [r7, #15]
    1e9a:	e011      	b.n	1ec0 <Det_CallRuntimeCallouts+0x48>
    {
        if (Det_RuntimeCallouts[i] != NULL_PTR)
    1e9c:	7bfb      	ldrb	r3, [r7, #15]
    1e9e:	4a0d      	ldr	r2, [pc, #52]	@ (1ed4 <Det_CallRuntimeCallouts+0x5c>)
    1ea0:	f852 3023 	ldr.w	r3, [r2, r3, lsl #2]
    1ea4:	2b00      	cmp	r3, #0
    1ea6:	d008      	beq.n	1eba <Det_CallRuntimeCallouts+0x42>
        {
            Det_RuntimeCallouts[i](ModuleId, InstanceId, ApiId, ErrorId);
    1ea8:	7bfb      	ldrb	r3, [r7, #15]
    1eaa:	4a0a      	ldr	r2, [pc, #40]	@ (1ed4 <Det_CallRuntimeCallouts+0x5c>)
    1eac:	f852 4023 	ldr.w	r4, [r2, r3, lsl #2]
    1eb0:	78fb      	ldrb	r3, [r7, #3]
    1eb2:	793a      	ldrb	r2, [r7, #4]
    1eb4:	7979      	ldrb	r1, [r7, #5]
    1eb6:	88f8      	ldrh	r0, [r7, #6]
    1eb8:	47a0      	blx	r4
    for (i = 0u; i < Det_NumRuntimeCallouts; i++)
    1eba:	7bfb      	ldrb	r3, [r7, #15]
    1ebc:	3301      	adds	r3, #1
    1ebe:	73fb      	strb	r3, [r7, #15]
    1ec0:	4b05      	ldr	r3, [pc, #20]	@ (1ed8 <Det_CallRuntimeCallouts+0x60>)
    1ec2:	781b      	ldrb	r3, [r3, #0]
    1ec4:	7bfa      	ldrb	r2, [r7, #15]
    1ec6:	429a      	cmp	r2, r3
    1ec8:	d3e8      	bcc.n	1e9c <Det_CallRuntimeCallouts+0x24>
        }
    }
}
    1eca:	bf00      	nop
    1ecc:	bf00      	nop
    1ece:	3714      	adds	r7, #20
    1ed0:	46bd      	mov	sp, r7
    1ed2:	bd90      	pop	{r4, r7, pc}
    1ed4:	1fff81a4 	.word	0x1fff81a4
    1ed8:	1fff81ac 	.word	0x1fff81ac

00001edc <Det_CallTransientCallouts>:
/**
 * @brief Internal function to call all transient fault callouts
 */
#if (DET_TRANSIENT_FAULT_CALLOUTS == STD_ON)
static void Det_CallTransientCallouts(uint16 ModuleId, uint8 InstanceId, uint8 ApiId, uint8 FaultId)
{
    1edc:	b590      	push	{r4, r7, lr}
    1ede:	b085      	sub	sp, #20
    1ee0:	af00      	add	r7, sp, #0
    1ee2:	4604      	mov	r4, r0
    1ee4:	4608      	mov	r0, r1
    1ee6:	4611      	mov	r1, r2
    1ee8:	461a      	mov	r2, r3
    1eea:	4623      	mov	r3, r4
    1eec:	80fb      	strh	r3, [r7, #6]
    1eee:	4603      	mov	r3, r0
    1ef0:	717b      	strb	r3, [r7, #5]
    1ef2:	460b      	mov	r3, r1
    1ef4:	713b      	strb	r3, [r7, #4]
    1ef6:	4613      	mov	r3, r2
    1ef8:	70fb      	strb	r3, [r7, #3]
    uint8 i;
    
    for (i = 0u; i < Det_NumTransientCallouts; i++)
    1efa:	2300      	movs	r3, #0
    1efc:	73fb      	strb	r3, [r7, #15]
    1efe:	e011      	b.n	1f24 <Det_CallTransientCallouts+0x48>
    {
        if (Det_TransientCallouts[i] != NULL_PTR)
    1f00:	7bfb      	ldrb	r3, [r7, #15]
    1f02:	4a0d      	ldr	r2, [pc, #52]	@ (1f38 <Det_CallTransientCallouts+0x5c>)
    1f04:	f852 3023 	ldr.w	r3, [r2, r3, lsl #2]
    1f08:	2b00      	cmp	r3, #0
    1f0a:	d008      	beq.n	1f1e <Det_CallTransientCallouts+0x42>
        {
            Det_TransientCallouts[i](ModuleId, InstanceId, ApiId, FaultId);
    1f0c:	7bfb      	ldrb	r3, [r7, #15]
    1f0e:	4a0a      	ldr	r2, [pc, #40]	@ (1f38 <Det_CallTransientCallouts+0x5c>)
    1f10:	f852 4023 	ldr.w	r4, [r2, r3, lsl #2]
    1f14:	78fb      	ldrb	r3, [r7, #3]
    1f16:	793a      	ldrb	r2, [r7, #4]
    1f18:	7979      	ldrb	r1, [r7, #5]
    1f1a:	88f8      	ldrh	r0, [r7, #6]
    1f1c:	47a0      	blx	r4
    for (i = 0u; i < Det_NumTransientCallouts; i++)
    1f1e:	7bfb      	ldrb	r3, [r7, #15]
    1f20:	3301      	adds	r3, #1
    1f22:	73fb      	strb	r3, [r7, #15]
    1f24:	4b05      	ldr	r3, [pc, #20]	@ (1f3c <Det_CallTransientCallouts+0x60>)
    1f26:	781b      	ldrb	r3, [r3, #0]
    1f28:	7bfa      	ldrb	r2, [r7, #15]
    1f2a:	429a      	cmp	r2, r3
    1f2c:	d3e8      	bcc.n	1f00 <Det_CallTransientCallouts+0x24>
        }
    }
}
    1f2e:	bf00      	nop
    1f30:	bf00      	nop
    1f32:	3714      	adds	r7, #20
    1f34:	46bd      	mov	sp, r7
    1f36:	bd90      	pop	{r4, r7, pc}
    1f38:	1fff81b0 	.word	0x1fff81b0
    1f3c:	1fff81b8 	.word	0x1fff81b8

00001f40 <BswM_Init>:
} BswM_StateType;

static BswM_StateType BswM_State = BSWM_UNINIT;
static const BswM_ConfigType* BswM_ConfigPtr = NULL_PTR;

void BswM_Init(const BswM_ConfigType* ConfigPtr) {
    1f40:	b580      	push	{r7, lr}
    1f42:	b082      	sub	sp, #8
    1f44:	af00      	add	r7, sp, #0
    1f46:	6078      	str	r0, [r7, #4]
#if (BSWM_DEV_ERROR_DETECT == STD_ON)
    if (NULL_PTR == ConfigPtr) {
    1f48:	687b      	ldr	r3, [r7, #4]
    1f4a:	2b00      	cmp	r3, #0
    1f4c:	d106      	bne.n	1f5c <BswM_Init+0x1c>
        Det_ReportError(BSWM_MODULE_ID, 0U, BSWM_SID_INIT, BSWM_E_PARAM_POINTER);
    1f4e:	2301      	movs	r3, #1
    1f50:	2200      	movs	r2, #0
    1f52:	2100      	movs	r1, #0
    1f54:	202a      	movs	r0, #42	@ 0x2a
    1f56:	f7ff febd 	bl	1cd4 <Det_ReportError>
        return;
    1f5a:	e005      	b.n	1f68 <BswM_Init+0x28>
    }
#endif
    
    SchM_Enter_BswM(BSWM_EXCLUSIVE_AREA_0);
    BswM_ConfigPtr = ConfigPtr;
    1f5c:	4a04      	ldr	r2, [pc, #16]	@ (1f70 <BswM_Init+0x30>)
    1f5e:	687b      	ldr	r3, [r7, #4]
    1f60:	6013      	str	r3, [r2, #0]
    BswM_State = BSWM_INIT;
    1f62:	4b04      	ldr	r3, [pc, #16]	@ (1f74 <BswM_Init+0x34>)
    1f64:	2201      	movs	r2, #1
    1f66:	701a      	strb	r2, [r3, #0]
    SchM_Exit_BswM(BSWM_EXCLUSIVE_AREA_0);
}
    1f68:	3708      	adds	r7, #8
    1f6a:	46bd      	mov	sp, r7
    1f6c:	bd80      	pop	{r7, pc}
    1f6e:	bf00      	nop
    1f70:	1fff81c0 	.word	0x1fff81c0
    1f74:	1fff81bc 	.word	0x1fff81bc

00001f78 <BswM_DeInit>:

void BswM_DeInit(void) {
    1f78:	b480      	push	{r7}
    1f7a:	af00      	add	r7, sp, #0
    SchM_Enter_BswM(BSWM_EXCLUSIVE_AREA_0);
    BswM_ConfigPtr = NULL_PTR;
    1f7c:	4b04      	ldr	r3, [pc, #16]	@ (1f90 <BswM_DeInit+0x18>)
    1f7e:	2200      	movs	r2, #0
    1f80:	601a      	str	r2, [r3, #0]
    BswM_State = BSWM_UNINIT;
    1f82:	4b04      	ldr	r3, [pc, #16]	@ (1f94 <BswM_DeInit+0x1c>)
    1f84:	2200      	movs	r2, #0
    1f86:	701a      	strb	r2, [r3, #0]
    SchM_Exit_BswM(BSWM_EXCLUSIVE_AREA_0);
}
    1f88:	bf00      	nop
    1f8a:	46bd      	mov	sp, r7
    1f8c:	bc80      	pop	{r7}
    1f8e:	4770      	bx	lr
    1f90:	1fff81c0 	.word	0x1fff81c0
    1f94:	1fff81bc 	.word	0x1fff81bc

00001f98 <BswM_GetVersionInfo>:

#if (BSWM_VERSION_INFO_API == STD_ON)
void BswM_GetVersionInfo(Std_VersionInfoType* VersionInfo) {
    1f98:	b580      	push	{r7, lr}
    1f9a:	b082      	sub	sp, #8
    1f9c:	af00      	add	r7, sp, #0
    1f9e:	6078      	str	r0, [r7, #4]
#if (BSWM_DEV_ERROR_DETECT == STD_ON)
    if (NULL_PTR == VersionInfo) {
    1fa0:	687b      	ldr	r3, [r7, #4]
    1fa2:	2b00      	cmp	r3, #0
    1fa4:	d106      	bne.n	1fb4 <BswM_GetVersionInfo+0x1c>
        Det_ReportError(BSWM_MODULE_ID, 0U, BSWM_SID_GET_VERSION_INFO, BSWM_E_PARAM_POINTER);
    1fa6:	2301      	movs	r3, #1
    1fa8:	2202      	movs	r2, #2
    1faa:	2100      	movs	r1, #0
    1fac:	202a      	movs	r0, #42	@ 0x2a
    1fae:	f7ff fe91 	bl	1cd4 <Det_ReportError>
        return;
    1fb2:	e00e      	b.n	1fd2 <BswM_GetVersionInfo+0x3a>
    }
#endif
    VersionInfo->vendorID = BSWM_VENDOR_ID;
    1fb4:	687b      	ldr	r3, [r7, #4]
    1fb6:	2201      	movs	r2, #1
    1fb8:	801a      	strh	r2, [r3, #0]
    VersionInfo->moduleID = BSWM_MODULE_ID;
    1fba:	687b      	ldr	r3, [r7, #4]
    1fbc:	222a      	movs	r2, #42	@ 0x2a
    1fbe:	805a      	strh	r2, [r3, #2]
    VersionInfo->sw_major_version = 1U;
    1fc0:	687b      	ldr	r3, [r7, #4]
    1fc2:	2201      	movs	r2, #1
    1fc4:	711a      	strb	r2, [r3, #4]
    VersionInfo->sw_minor_version = 0U;
    1fc6:	687b      	ldr	r3, [r7, #4]
    1fc8:	2200      	movs	r2, #0
    1fca:	715a      	strb	r2, [r3, #5]
    VersionInfo->sw_patch_version = 0U;
    1fcc:	687b      	ldr	r3, [r7, #4]
    1fce:	2200      	movs	r2, #0
    1fd0:	719a      	strb	r2, [r3, #6]
}
    1fd2:	3708      	adds	r7, #8
    1fd4:	46bd      	mov	sp, r7
    1fd6:	bd80      	pop	{r7, pc}

00001fd8 <BswM_RequestMode>:
#endif

void BswM_RequestMode(uint16 PortId, BswM_ModeType Mode) {
    1fd8:	b580      	push	{r7, lr}
    1fda:	b082      	sub	sp, #8
    1fdc:	af00      	add	r7, sp, #0
    1fde:	4603      	mov	r3, r0
    1fe0:	460a      	mov	r2, r1
    1fe2:	80fb      	strh	r3, [r7, #6]
    1fe4:	4613      	mov	r3, r2
    1fe6:	717b      	strb	r3, [r7, #5]
#if (BSWM_DEV_ERROR_DETECT == STD_ON)
    if (BSWM_UNINIT == BswM_State) {
    1fe8:	4b06      	ldr	r3, [pc, #24]	@ (2004 <BswM_RequestMode+0x2c>)
    1fea:	781b      	ldrb	r3, [r3, #0]
    1fec:	2b00      	cmp	r3, #0
    1fee:	d106      	bne.n	1ffe <BswM_RequestMode+0x26>
        Det_ReportError(BSWM_MODULE_ID, 0U, BSWM_SID_REQUEST_MODE, BSWM_E_UNINIT);
    1ff0:	2302      	movs	r3, #2
    1ff2:	2203      	movs	r2, #3
    1ff4:	2100      	movs	r1, #0
    1ff6:	202a      	movs	r0, #42	@ 0x2a
    1ff8:	f7ff fe6c 	bl	1cd4 <Det_ReportError>
        return;
    1ffc:	bf00      	nop
#endif
    
    SchM_Enter_BswM(BSWM_EXCLUSIVE_AREA_0);
    /* Update mode request */
    SchM_Exit_BswM(BSWM_EXCLUSIVE_AREA_0);
}
    1ffe:	3708      	adds	r7, #8
    2000:	46bd      	mov	sp, r7
    2002:	bd80      	pop	{r7, pc}
    2004:	1fff81bc 	.word	0x1fff81bc

00002008 <BswM_MainFunction>:

void BswM_MainFunction(void) {
    2008:	b480      	push	{r7}
    200a:	b083      	sub	sp, #12
    200c:	af00      	add	r7, sp, #0
    if (BSWM_UNINIT == BswM_State) {
    200e:	4b0b      	ldr	r3, [pc, #44]	@ (203c <BswM_MainFunction+0x34>)
    2010:	781b      	ldrb	r3, [r3, #0]
    2012:	2b00      	cmp	r3, #0
    2014:	d00d      	beq.n	2032 <BswM_MainFunction+0x2a>
        return;
    }
    
    /* Process rules */
    if (NULL_PTR != BswM_ConfigPtr) {
    2016:	4b0a      	ldr	r3, [pc, #40]	@ (2040 <BswM_MainFunction+0x38>)
    2018:	681b      	ldr	r3, [r3, #0]
    201a:	2b00      	cmp	r3, #0
    201c:	d00a      	beq.n	2034 <BswM_MainFunction+0x2c>
        for (uint16 i = 0U; i < BSWM_MAX_RULES; i++) {
    201e:	2300      	movs	r3, #0
    2020:	80fb      	strh	r3, [r7, #6]
    2022:	e002      	b.n	202a <BswM_MainFunction+0x22>
    2024:	88fb      	ldrh	r3, [r7, #6]
    2026:	3301      	adds	r3, #1
    2028:	80fb      	strh	r3, [r7, #6]
    202a:	88fb      	ldrh	r3, [r7, #6]
    202c:	2b3f      	cmp	r3, #63	@ 0x3f
    202e:	d9f9      	bls.n	2024 <BswM_MainFunction+0x1c>
    2030:	e000      	b.n	2034 <BswM_MainFunction+0x2c>
        return;
    2032:	bf00      	nop
            /* Evaluate and execute rules */
        }
    }
}
    2034:	370c      	adds	r7, #12
    2036:	46bd      	mov	sp, r7
    2038:	bc80      	pop	{r7}
    203a:	4770      	bx	lr
    203c:	1fff81bc 	.word	0x1fff81bc
    2040:	1fff81c0 	.word	0x1fff81c0

00002044 <BswM_EcuM_CurrentState>:

void BswM_EcuM_CurrentState(uint8 State) {
    2044:	b480      	push	{r7}
    2046:	b083      	sub	sp, #12
    2048:	af00      	add	r7, sp, #0
    204a:	4603      	mov	r3, r0
    204c:	71fb      	strb	r3, [r7, #7]
    (void)State;
}
    204e:	bf00      	nop
    2050:	370c      	adds	r7, #12
    2052:	46bd      	mov	sp, r7
    2054:	bc80      	pop	{r7}
    2056:	4770      	bx	lr

00002058 <BswM_ComM_CurrentMode>:

void BswM_ComM_CurrentMode(uint8 Network, uint8 Mode) {
    2058:	b480      	push	{r7}
    205a:	b083      	sub	sp, #12
    205c:	af00      	add	r7, sp, #0
    205e:	4603      	mov	r3, r0
    2060:	460a      	mov	r2, r1
    2062:	71fb      	strb	r3, [r7, #7]
    2064:	4613      	mov	r3, r2
    2066:	71bb      	strb	r3, [r7, #6]
    (void)Network;
    (void)Mode;
}
    2068:	bf00      	nop
    206a:	370c      	adds	r7, #12
    206c:	46bd      	mov	sp, r7
    206e:	bc80      	pop	{r7}
    2070:	4770      	bx	lr

00002072 <BswM_Dcm_RequestCommunicationMode>:

void BswM_Dcm_RequestCommunicationMode(uint8 Mode) {
    2072:	b480      	push	{r7}
    2074:	b083      	sub	sp, #12
    2076:	af00      	add	r7, sp, #0
    2078:	4603      	mov	r3, r0
    207a:	71fb      	strb	r3, [r7, #7]
    (void)Mode;
}
    207c:	bf00      	nop
    207e:	370c      	adds	r7, #12
    2080:	46bd      	mov	sp, r7
    2082:	bc80      	pop	{r7}
    2084:	4770      	bx	lr
    2086:	bf00      	nop

00002088 <EcuM_Init>:
/**
 * @brief Initialize EcuM module
 * @details First entry point - initializes minimal hardware and starts OS
 */
void EcuM_Init(void)
{
    2088:	b580      	push	{r7, lr}
    208a:	b082      	sub	sp, #8
    208c:	af00      	add	r7, sp, #0
#if (ECUM_DEV_ERROR_DETECT == STD_ON)
    if (EcuM_IsInitialized)
    208e:	4b26      	ldr	r3, [pc, #152]	@ (2128 <EcuM_Init+0xa0>)
    2090:	781b      	ldrb	r3, [r3, #0]
    2092:	2b00      	cmp	r3, #0
    2094:	d006      	beq.n	20a4 <EcuM_Init+0x1c>
    {
        Det_ReportError(ECUM_MODULE_ID, ECUM_INSTANCE_ID, ECUM_INIT_SID, ECUM_E_NOT_INITIALIZED);
    2096:	2310      	movs	r3, #16
    2098:	2200      	movs	r2, #0
    209a:	2100      	movs	r1, #0
    209c:	200a      	movs	r0, #10
    209e:	f7ff fe19 	bl	1cd4 <Det_ReportError>
        return;
    20a2:	e03d      	b.n	2120 <EcuM_Init+0x98>
    }
#endif
    
    /* Initialize state variables */
    EcuM_CurrentState = ECUM_STATE_STARTUP;
    20a4:	4b21      	ldr	r3, [pc, #132]	@ (212c <EcuM_Init+0xa4>)
    20a6:	2201      	movs	r2, #1
    20a8:	701a      	strb	r2, [r3, #0]
    EcuM_CurrentSubState = ECUM_SUBSTATE_STARTUP_ONE;
    20aa:	4b21      	ldr	r3, [pc, #132]	@ (2130 <EcuM_Init+0xa8>)
    20ac:	2211      	movs	r2, #17
    20ae:	701a      	strb	r2, [r3, #0]
    EcuM_RunRequests = 0u;
    20b0:	4b20      	ldr	r3, [pc, #128]	@ (2134 <EcuM_Init+0xac>)
    20b2:	2200      	movs	r2, #0
    20b4:	601a      	str	r2, [r3, #0]
    EcuM_KilledRunRequests = 0u;
    20b6:	4b20      	ldr	r3, [pc, #128]	@ (2138 <EcuM_Init+0xb0>)
    20b8:	2200      	movs	r2, #0
    20ba:	601a      	str	r2, [r3, #0]
    EcuM_PendingWakeupEvents = 0u;
    20bc:	4b1f      	ldr	r3, [pc, #124]	@ (213c <EcuM_Init+0xb4>)
    20be:	2200      	movs	r2, #0
    20c0:	601a      	str	r2, [r3, #0]
    EcuM_ValidatedWakeupEvents = 0u;
    20c2:	4b1f      	ldr	r3, [pc, #124]	@ (2140 <EcuM_Init+0xb8>)
    20c4:	2200      	movs	r2, #0
    20c6:	601a      	str	r2, [r3, #0]
    EcuM_ExpiredWakeupEvents = 0u;
    20c8:	4b1e      	ldr	r3, [pc, #120]	@ (2144 <EcuM_Init+0xbc>)
    20ca:	2200      	movs	r2, #0
    20cc:	601a      	str	r2, [r3, #0]
    EcuM_StateTimer = 0u;
    20ce:	4b1e      	ldr	r3, [pc, #120]	@ (2148 <EcuM_Init+0xc0>)
    20d0:	2200      	movs	r2, #0
    20d2:	601a      	str	r2, [r3, #0]
    EcuM_MainFunctionCounter = 0u;
    20d4:	4b1d      	ldr	r3, [pc, #116]	@ (214c <EcuM_Init+0xc4>)
    20d6:	2200      	movs	r2, #0
    20d8:	601a      	str	r2, [r3, #0]
    
    /* Clear wakeup status array */
    uint8 i;
    for (i = 0u; i < ECUM_MAX_WAKEUP_SOURCES; i++)
    20da:	2300      	movs	r3, #0
    20dc:	71fb      	strb	r3, [r7, #7]
    20de:	e00b      	b.n	20f8 <EcuM_Init+0x70>
    {
        EcuM_WakeupStatus[i] = ECUM_WKSTATUS_NONE;
    20e0:	79fb      	ldrb	r3, [r7, #7]
    20e2:	4a1b      	ldr	r2, [pc, #108]	@ (2150 <EcuM_Init+0xc8>)
    20e4:	2100      	movs	r1, #0
    20e6:	54d1      	strb	r1, [r2, r3]
        EcuM_WakeupValidationTimer[i] = 0u;
    20e8:	79fb      	ldrb	r3, [r7, #7]
    20ea:	4a1a      	ldr	r2, [pc, #104]	@ (2154 <EcuM_Init+0xcc>)
    20ec:	2100      	movs	r1, #0
    20ee:	f842 1023 	str.w	r1, [r2, r3, lsl #2]
    for (i = 0u; i < ECUM_MAX_WAKEUP_SOURCES; i++)
    20f2:	79fb      	ldrb	r3, [r7, #7]
    20f4:	3301      	adds	r3, #1
    20f6:	71fb      	strb	r3, [r7, #7]
    20f8:	79fb      	ldrb	r3, [r7, #7]
    20fa:	2b1f      	cmp	r3, #31
    20fc:	d9f0      	bls.n	20e0 <EcuM_Init+0x58>
    }
    
    EcuM_IsInitialized = TRUE;
    20fe:	4b0a      	ldr	r3, [pc, #40]	@ (2128 <EcuM_Init+0xa0>)
    2100:	2201      	movs	r2, #1
    2102:	701a      	strb	r2, [r3, #0]
    EcuM_IsPreOsInitialized = FALSE;
    2104:	4b14      	ldr	r3, [pc, #80]	@ (2158 <EcuM_Init+0xd0>)
    2106:	2200      	movs	r2, #0
    2108:	701a      	strb	r2, [r3, #0]
    EcuM_IsOsInitialized = FALSE;
    210a:	4b14      	ldr	r3, [pc, #80]	@ (215c <EcuM_Init+0xd4>)
    210c:	2200      	movs	r2, #0
    210e:	701a      	strb	r2, [r3, #0]
    EcuM_IsPostOsInitialized = FALSE;
    2110:	4b13      	ldr	r3, [pc, #76]	@ (2160 <EcuM_Init+0xd8>)
    2112:	2200      	movs	r2, #0
    2114:	701a      	strb	r2, [r3, #0]
    
    /* Notify BswM about startup */
#if (ECUM_BSWM_ENABLED == STD_ON)
    BswM_EcuM_CurrentState(ECUM_STATE_STARTUP);
    2116:	2001      	movs	r0, #1
    2118:	f7ff ff94 	bl	2044 <BswM_EcuM_CurrentState>
#endif
    
    /* Start the multi-phase startup sequence */
    EcuM_StartupOne();
    211c:	f000 f822 	bl	2164 <EcuM_StartupOne>
}
    2120:	3708      	adds	r7, #8
    2122:	46bd      	mov	sp, r7
    2124:	bd80      	pop	{r7, pc}
    2126:	bf00      	nop
    2128:	1fff81c7 	.word	0x1fff81c7
    212c:	1fff81c4 	.word	0x1fff81c4
    2130:	1fff8140 	.word	0x1fff8140
    2134:	1fff81cc 	.word	0x1fff81cc
    2138:	1fff81d0 	.word	0x1fff81d0
    213c:	1fff81d4 	.word	0x1fff81d4
    2140:	1fff81d8 	.word	0x1fff81d8
    2144:	1fff81dc 	.word	0x1fff81dc
    2148:	1fff820c 	.word	0x1fff820c
    214c:	1fff8208 	.word	0x1fff8208
    2150:	1fff81e4 	.word	0x1fff81e4
    2154:	1fff8210 	.word	0x1fff8210
    2158:	1fff81c8 	.word	0x1fff81c8
    215c:	1fff81c9 	.word	0x1fff81c9
    2160:	1fff81ca 	.word	0x1fff81ca

00002164 <EcuM_StartupOne>:
/**
 * @brief Startup Phase One - Pre-OS Initialization
 * @details Initialize drivers that don't require OS, start OS
 */
void EcuM_StartupOne(void)
{
    2164:	b580      	push	{r7, lr}
    2166:	af00      	add	r7, sp, #0
#if (ECUM_DEV_ERROR_DETECT == STD_ON)
    if (!EcuM_IsInitialized)
    2168:	4b0c      	ldr	r3, [pc, #48]	@ (219c <EcuM_StartupOne+0x38>)
    216a:	781b      	ldrb	r3, [r3, #0]
    216c:	2b00      	cmp	r3, #0
    216e:	d106      	bne.n	217e <EcuM_StartupOne+0x1a>
    {
        Det_ReportError(ECUM_MODULE_ID, ECUM_INSTANCE_ID, ECUM_STARTUPONE_SID, ECUM_E_NOT_INITIALIZED);
    2170:	2310      	movs	r3, #16
    2172:	220f      	movs	r2, #15
    2174:	2100      	movs	r1, #0
    2176:	200a      	movs	r0, #10
    2178:	f7ff fdac 	bl	1cd4 <Det_ReportError>
        return;
    217c:	e00c      	b.n	2198 <EcuM_StartupOne+0x34>
    }
    
    if (EcuM_CurrentSubState != ECUM_SUBSTATE_STARTUP_ONE)
    217e:	4b08      	ldr	r3, [pc, #32]	@ (21a0 <EcuM_StartupOne+0x3c>)
    2180:	781b      	ldrb	r3, [r3, #0]
    2182:	2b11      	cmp	r3, #17
    2184:	d006      	beq.n	2194 <EcuM_StartupOne+0x30>
    {
        Det_ReportError(ECUM_MODULE_ID, ECUM_INSTANCE_ID, ECUM_STARTUPONE_SID, ECUM_E_WRONG_API_ORDER);
    2186:	2316      	movs	r3, #22
    2188:	220f      	movs	r2, #15
    218a:	2100      	movs	r1, #0
    218c:	200a      	movs	r0, #10
    218e:	f7ff fda1 	bl	1cd4 <Det_ReportError>
        return;
    2192:	e001      	b.n	2198 <EcuM_StartupOne+0x34>
    }
#endif
    
    EcuM_ProcessStartupOne();
    2194:	f000 f826 	bl	21e4 <EcuM_ProcessStartupOne>
}
    2198:	bd80      	pop	{r7, pc}
    219a:	bf00      	nop
    219c:	1fff81c7 	.word	0x1fff81c7
    21a0:	1fff8140 	.word	0x1fff8140

000021a4 <EcuM_StartupTwo>:
/**
 * @brief Startup Phase Two - Post-OS Initialization
 * @details Initialize BSW modules after OS is running
 */
void EcuM_StartupTwo(void)
{
    21a4:	b580      	push	{r7, lr}
    21a6:	af00      	add	r7, sp, #0
#if (ECUM_DEV_ERROR_DETECT == STD_ON)
    if (!EcuM_IsInitialized)
    21a8:	4b0c      	ldr	r3, [pc, #48]	@ (21dc <EcuM_StartupTwo+0x38>)
    21aa:	781b      	ldrb	r3, [r3, #0]
    21ac:	2b00      	cmp	r3, #0
    21ae:	d106      	bne.n	21be <EcuM_StartupTwo+0x1a>
    {
        Det_ReportError(ECUM_MODULE_ID, ECUM_INSTANCE_ID, ECUM_STARTUPTWO_SID, ECUM_E_NOT_INITIALIZED);
    21b0:	2310      	movs	r3, #16
    21b2:	2210      	movs	r2, #16
    21b4:	2100      	movs	r1, #0
    21b6:	200a      	movs	r0, #10
    21b8:	f7ff fd8c 	bl	1cd4 <Det_ReportError>
        return;
    21bc:	e00c      	b.n	21d8 <EcuM_StartupTwo+0x34>
    }
    
    if (EcuM_CurrentSubState != ECUM_SUBSTATE_STARTUP_TWO)
    21be:	4b08      	ldr	r3, [pc, #32]	@ (21e0 <EcuM_StartupTwo+0x3c>)
    21c0:	781b      	ldrb	r3, [r3, #0]
    21c2:	2b12      	cmp	r3, #18
    21c4:	d006      	beq.n	21d4 <EcuM_StartupTwo+0x30>
    {
        Det_ReportError(ECUM_MODULE_ID, ECUM_INSTANCE_ID, ECUM_STARTUPTWO_SID, ECUM_E_WRONG_API_ORDER);
    21c6:	2316      	movs	r3, #22
    21c8:	2210      	movs	r2, #16
    21ca:	2100      	movs	r1, #0
    21cc:	200a      	movs	r0, #10
    21ce:	f7ff fd81 	bl	1cd4 <Det_ReportError>
        return;
    21d2:	e001      	b.n	21d8 <EcuM_StartupTwo+0x34>
    }
#endif
    
    EcuM_ProcessStartupTwo();
    21d4:	f000 f834 	bl	2240 <EcuM_ProcessStartupTwo>
}
    21d8:	bd80      	pop	{r7, pc}
    21da:	bf00      	nop
    21dc:	1fff81c7 	.word	0x1fff81c7
    21e0:	1fff8140 	.word	0x1fff8140

000021e4 <EcuM_ProcessStartupOne>:
/**
 * @brief Process Startup One state
 * @details Initialize MCU, Port, Dio, Gpt, and other pre-OS drivers
 */
static void EcuM_ProcessStartupOne(void)
{
    21e4:	b580      	push	{r7, lr}
    21e6:	af00      	add	r7, sp, #0
    EcuM_UpdateSubState(ECUM_SUBSTATE_STARTUP_ONE);
    21e8:	2011      	movs	r0, #17
    21ea:	f000 ff51 	bl	3090 <EcuM_UpdateSubState>
    
    /* Initialize Pre-OS drivers via callout */
    EcuM_DriverInitOne(EcuM_ConfigPtr);
    21ee:	4b0e      	ldr	r3, [pc, #56]	@ (2228 <EcuM_ProcessStartupOne+0x44>)
    21f0:	681b      	ldr	r3, [r3, #0]
    21f2:	4618      	mov	r0, r3
    21f4:	f7fe f98b 	bl	50e <EcuM_DriverInitOne>
#if (ECUM_WDGM_ENABLED == STD_ON)
    /* WdgM_Init(NULL_PTR); */
#endif
    
    /* Set default shutdown target */
    EcuM_ShutdownTarget = ECUM_SHUTDOWN_TARGET_OFF;
    21f8:	4b0c      	ldr	r3, [pc, #48]	@ (222c <EcuM_ProcessStartupOne+0x48>)
    21fa:	2200      	movs	r2, #0
    21fc:	701a      	strb	r2, [r3, #0]
    EcuM_ShutdownMode = 0u;
    21fe:	4b0c      	ldr	r3, [pc, #48]	@ (2230 <EcuM_ProcessStartupOne+0x4c>)
    2200:	2200      	movs	r2, #0
    2202:	701a      	strb	r2, [r3, #0]
    
    /* Enable wakeup sources configured for startup */
    EcuM_EnableWakeupSources(ECUM_CONFIGURED_WAKEUP_SOURCES);
    2204:	480b      	ldr	r0, [pc, #44]	@ (2234 <EcuM_ProcessStartupOne+0x50>)
    2206:	f000 fcb1 	bl	2b6c <EcuM_EnableWakeupSources>
    
    EcuM_IsPreOsInitialized = TRUE;
    220a:	4b0b      	ldr	r3, [pc, #44]	@ (2238 <EcuM_ProcessStartupOne+0x54>)
    220c:	2201      	movs	r2, #1
    220e:	701a      	strb	r2, [r3, #0]
    
    /* Check for wakeup events */
    EcuM_AL_WakeupCheck();
    2210:	f7fe f9e5 	bl	5de <EcuM_AL_WakeupCheck>
    
    /* Start OS - this is the point where OS takes over */
    /* StartOs(EcuM_ApplicationMode); */
    
    EcuM_IsOsInitialized = TRUE;
    2214:	4b09      	ldr	r3, [pc, #36]	@ (223c <EcuM_ProcessStartupOne+0x58>)
    2216:	2201      	movs	r2, #1
    2218:	701a      	strb	r2, [r3, #0]
    
    /* Transition to Startup Two */
    EcuM_UpdateSubState(ECUM_SUBSTATE_STARTUP_TWO);
    221a:	2012      	movs	r0, #18
    221c:	f000 ff38 	bl	3090 <EcuM_UpdateSubState>
    
    /* Automatically continue to StartupTwo */
    EcuM_StartupTwo();
    2220:	f7ff ffc0 	bl	21a4 <EcuM_StartupTwo>
}
    2224:	bf00      	nop
    2226:	bd80      	pop	{r7, pc}
    2228:	1fff8290 	.word	0x1fff8290
    222c:	1fff81c5 	.word	0x1fff81c5
    2230:	1fff8205 	.word	0x1fff8205
    2234:	00200063 	.word	0x00200063
    2238:	1fff81c8 	.word	0x1fff81c8
    223c:	1fff81c9 	.word	0x1fff81c9

00002240 <EcuM_ProcessStartupTwo>:
/**
 * @brief Process Startup Two state
 * @details Initialize Com, NvM, ComM, BswM and other post-OS modules
 */
static void EcuM_ProcessStartupTwo(void)
{
    2240:	b580      	push	{r7, lr}
    2242:	af00      	add	r7, sp, #0
    EcuM_UpdateSubState(ECUM_SUBSTATE_STARTUP_TWO);
    2244:	2012      	movs	r0, #18
    2246:	f000 ff23 	bl	3090 <EcuM_UpdateSubState>
    
    /* Initialize SchM */
#if (ECUM_SCHM_ENABLED == STD_ON)
    SchM_Init();
    224a:	f7fe fb2c 	bl	8a6 <SchM_Init>
#endif
    
    /* Initialize BswM first */
#if (ECUM_BSWM_ENABLED == STD_ON)
    BswM_Init(NULL_PTR);
    224e:	2000      	movs	r0, #0
    2250:	f7ff fe76 	bl	1f40 <BswM_Init>
    BswM_EcuM_CurrentState(ECUM_STATE_STARTUP);
    2254:	2001      	movs	r0, #1
    2256:	f7ff fef5 	bl	2044 <BswM_EcuM_CurrentState>
#endif
    
    /* Initialize communication stack */
#if (ECUM_COMM_ENABLED == STD_ON)
    ComM_Init();
    225a:	f7fe fb18 	bl	88e <ComM_Init>
#endif
    
    /* Initialize NV memory */
#if (ECUM_NVM_ENABLED == STD_ON)
    NvM_Init();
    225e:	f7fe fb02 	bl	866 <NvM_Init>
    NvM_ReadAll();
    2262:	f7fe fb06 	bl	872 <NvM_ReadAll>
    
    /* Initialize CAN Driver */
    /* Can_Init(&Can_Config); */
    
    /* Call post-OS driver init callout */
    EcuM_DriverInitTwo(EcuM_ConfigPtr);
    2266:	4b0c      	ldr	r3, [pc, #48]	@ (2298 <EcuM_ProcessStartupTwo+0x58>)
    2268:	681b      	ldr	r3, [r3, #0]
    226a:	4618      	mov	r0, r3
    226c:	f7fe f958 	bl	520 <EcuM_DriverInitTwo>
#if (ECUM_RTE_ENABLED == STD_ON)
    /* Rte_Start(); */
#endif
    
    /* Call third phase init (SW-C initialization) */
    EcuM_DriverInitThree(EcuM_ConfigPtr);
    2270:	4b09      	ldr	r3, [pc, #36]	@ (2298 <EcuM_ProcessStartupTwo+0x58>)
    2272:	681b      	ldr	r3, [r3, #0]
    2274:	4618      	mov	r0, r3
    2276:	f7fe f95c 	bl	532 <EcuM_DriverInitThree>
    
    EcuM_IsPostOsInitialized = TRUE;
    227a:	4b08      	ldr	r3, [pc, #32]	@ (229c <EcuM_ProcessStartupTwo+0x5c>)
    227c:	2201      	movs	r2, #1
    227e:	701a      	strb	r2, [r3, #0]
    
    /* Transition to RUN state */
    EcuM_CurrentState = ECUM_STATE_RUN;
    2280:	4b07      	ldr	r3, [pc, #28]	@ (22a0 <EcuM_ProcessStartupTwo+0x60>)
    2282:	2210      	movs	r2, #16
    2284:	701a      	strb	r2, [r3, #0]
    EcuM_UpdateSubState(ECUM_SUBSTATE_RUN);
    2286:	2021      	movs	r0, #33	@ 0x21
    2288:	f000 ff02 	bl	3090 <EcuM_UpdateSubState>
    
    /* Notify BswM */
#if (ECUM_BSWM_ENABLED == STD_ON)
    BswM_EcuM_CurrentState(ECUM_STATE_RUN);
    228c:	2010      	movs	r0, #16
    228e:	f7ff fed9 	bl	2044 <BswM_EcuM_CurrentState>
#endif
}
    2292:	bf00      	nop
    2294:	bd80      	pop	{r7, pc}
    2296:	bf00      	nop
    2298:	1fff8290 	.word	0x1fff8290
    229c:	1fff81ca 	.word	0x1fff81ca
    22a0:	1fff81c4 	.word	0x1fff81c4

000022a4 <EcuM_MainFunction>:
/**
 * @brief EcuM Main Function - Cyclic processing
 * @details Called periodically to process state machine
 */
void EcuM_MainFunction(void)
{
    22a4:	b580      	push	{r7, lr}
    22a6:	af00      	add	r7, sp, #0
#if (ECUM_DEV_ERROR_DETECT == STD_ON)
    if (!EcuM_IsInitialized)
    22a8:	4b17      	ldr	r3, [pc, #92]	@ (2308 <EcuM_MainFunction+0x64>)
    22aa:	781b      	ldrb	r3, [r3, #0]
    22ac:	2b00      	cmp	r3, #0
    22ae:	d106      	bne.n	22be <EcuM_MainFunction+0x1a>
    {
        Det_ReportError(ECUM_MODULE_ID, ECUM_INSTANCE_ID, ECUM_MAINFUNCTION_SID, ECUM_E_NOT_INITIALIZED);
    22b0:	2310      	movs	r3, #16
    22b2:	221b      	movs	r2, #27
    22b4:	2100      	movs	r1, #0
    22b6:	200a      	movs	r0, #10
    22b8:	f7ff fd0c 	bl	1cd4 <Det_ReportError>
        return;
    22bc:	e023      	b.n	2306 <EcuM_MainFunction+0x62>
    }
#endif
    
    EcuM_MainFunctionCounter++;
    22be:	4b13      	ldr	r3, [pc, #76]	@ (230c <EcuM_MainFunction+0x68>)
    22c0:	681b      	ldr	r3, [r3, #0]
    22c2:	3301      	adds	r3, #1
    22c4:	4a11      	ldr	r2, [pc, #68]	@ (230c <EcuM_MainFunction+0x68>)
    22c6:	6013      	str	r3, [r2, #0]
    
    /* Process based on current state */
    switch (EcuM_CurrentState)
    22c8:	4b11      	ldr	r3, [pc, #68]	@ (2310 <EcuM_MainFunction+0x6c>)
    22ca:	781b      	ldrb	r3, [r3, #0]
    22cc:	2b40      	cmp	r3, #64	@ 0x40
    22ce:	d013      	beq.n	22f8 <EcuM_MainFunction+0x54>
    22d0:	2b40      	cmp	r3, #64	@ 0x40
    22d2:	dc13      	bgt.n	22fc <EcuM_MainFunction+0x58>
    22d4:	2b30      	cmp	r3, #48	@ 0x30
    22d6:	d00c      	beq.n	22f2 <EcuM_MainFunction+0x4e>
    22d8:	2b30      	cmp	r3, #48	@ 0x30
    22da:	dc0f      	bgt.n	22fc <EcuM_MainFunction+0x58>
    22dc:	2b10      	cmp	r3, #16
    22de:	d002      	beq.n	22e6 <EcuM_MainFunction+0x42>
    22e0:	2b20      	cmp	r3, #32
    22e2:	d003      	beq.n	22ec <EcuM_MainFunction+0x48>
            /* Shutdown is handled sequentially, not cyclically */
            break;
            
        default:
            /* Invalid state - should not happen */
            break;
    22e4:	e00a      	b.n	22fc <EcuM_MainFunction+0x58>
            EcuM_ProcessRun();
    22e6:	f000 f815 	bl	2314 <EcuM_ProcessRun>
            break;
    22ea:	e008      	b.n	22fe <EcuM_MainFunction+0x5a>
            EcuM_ProcessPostRun();
    22ec:	f000 f81b 	bl	2326 <EcuM_ProcessPostRun>
            break;
    22f0:	e005      	b.n	22fe <EcuM_MainFunction+0x5a>
            EcuM_ProcessSleep();
    22f2:	f000 f8ab 	bl	244c <EcuM_ProcessSleep>
            break;
    22f6:	e002      	b.n	22fe <EcuM_MainFunction+0x5a>
            break;
    22f8:	bf00      	nop
    22fa:	e000      	b.n	22fe <EcuM_MainFunction+0x5a>
            break;
    22fc:	bf00      	nop
    }
    
    /* Update wakeup validation timers */
    EcuM_ValidateWakeupSources();
    22fe:	f000 fd01 	bl	2d04 <EcuM_ValidateWakeupSources>
    EcuM_ExpireWakeupSources();
    2302:	f000 fd51 	bl	2da8 <EcuM_ExpireWakeupSources>
}
    2306:	bd80      	pop	{r7, pc}
    2308:	1fff81c7 	.word	0x1fff81c7
    230c:	1fff8208 	.word	0x1fff8208
    2310:	1fff81c4 	.word	0x1fff81c4

00002314 <EcuM_ProcessRun>:
/**
 * @brief Process RUN state
 * @details Monitor run requests, handle normal operation
 */
static void EcuM_ProcessRun(void)
{
    2314:	b580      	push	{r7, lr}
    2316:	af00      	add	r7, sp, #0
    EcuM_UpdateSubState(ECUM_SUBSTATE_RUN);
    2318:	2021      	movs	r0, #33	@ 0x21
    231a:	f000 feb9 	bl	3090 <EcuM_UpdateSubState>
    
    /* Check if all RUN requests are released */
    EcuM_CheckRunRequests();
    231e:	f000 fa1b 	bl	2758 <EcuM_CheckRunRequests>
    
    /* Set wakeup events based on pending interrupts */
    /* This would be checked via hardware registers or interrupt flags */
}
    2322:	bf00      	nop
    2324:	bd80      	pop	{r7, pc}

00002326 <EcuM_ProcessPostRun>:
/**
 * @brief Process POST_RUN state
 * @details Handle transition from RUN to SLEEP or SHUTDOWN
 */
static void EcuM_ProcessPostRun(void)
{
    2326:	b580      	push	{r7, lr}
    2328:	af00      	add	r7, sp, #0
    EcuM_UpdateSubState(ECUM_SUBSTATE_POST_RUN);
    232a:	2022      	movs	r0, #34	@ 0x22
    232c:	f000 feb0 	bl	3090 <EcuM_UpdateSubState>
    
    /* Wait for all PostRun activities to complete */
    /* Then transition based on shutdown target */
    
    switch (EcuM_ShutdownTarget)
    2330:	4b0e      	ldr	r3, [pc, #56]	@ (236c <EcuM_ProcessPostRun+0x46>)
    2332:	781b      	ldrb	r3, [r3, #0]
    2334:	2b01      	cmp	r3, #1
    2336:	dc02      	bgt.n	233e <EcuM_ProcessPostRun+0x18>
    2338:	2b00      	cmp	r3, #0
    233a:	da0b      	bge.n	2354 <EcuM_ProcessPostRun+0x2e>
            EcuM_Shutdown();
            break;
            
        default:
            /* Invalid target */
            break;
    233c:	e013      	b.n	2366 <EcuM_ProcessPostRun+0x40>
    switch (EcuM_ShutdownTarget)
    233e:	2b02      	cmp	r3, #2
    2340:	d111      	bne.n	2366 <EcuM_ProcessPostRun+0x40>
            EcuM_CurrentState = ECUM_STATE_SLEEP;
    2342:	4b0b      	ldr	r3, [pc, #44]	@ (2370 <EcuM_ProcessPostRun+0x4a>)
    2344:	2230      	movs	r2, #48	@ 0x30
    2346:	701a      	strb	r2, [r3, #0]
            EcuM_UpdateSubState(ECUM_SUBSTATE_GO_SLEEP);
    2348:	2031      	movs	r0, #49	@ 0x31
    234a:	f000 fea1 	bl	3090 <EcuM_UpdateSubState>
            EcuM_GoSleep();
    234e:	f000 f811 	bl	2374 <EcuM_GoSleep>
            break;
    2352:	e009      	b.n	2368 <EcuM_ProcessPostRun+0x42>
            EcuM_CurrentState = ECUM_STATE_SHUTDOWN;
    2354:	4b06      	ldr	r3, [pc, #24]	@ (2370 <EcuM_ProcessPostRun+0x4a>)
    2356:	2240      	movs	r2, #64	@ 0x40
    2358:	701a      	strb	r2, [r3, #0]
            EcuM_UpdateSubState(ECUM_SUBSTATE_GO_OFF_ONE);
    235a:	2041      	movs	r0, #65	@ 0x41
    235c:	f000 fe98 	bl	3090 <EcuM_UpdateSubState>
            EcuM_Shutdown();
    2360:	f000 f8f4 	bl	254c <EcuM_Shutdown>
            break;
    2364:	e000      	b.n	2368 <EcuM_ProcessPostRun+0x42>
            break;
    2366:	bf00      	nop
    }
}
    2368:	bf00      	nop
    236a:	bd80      	pop	{r7, pc}
    236c:	1fff81c5 	.word	0x1fff81c5
    2370:	1fff81c4 	.word	0x1fff81c4

00002374 <EcuM_GoSleep>:
/**
 * @brief Go to Sleep mode
 * @details Prepare and enter sleep mode
 */
void EcuM_GoSleep(void)
{
    2374:	b580      	push	{r7, lr}
    2376:	af00      	add	r7, sp, #0
#if (ECUM_DEV_ERROR_DETECT == STD_ON)
    if (!EcuM_IsInitialized)
    2378:	4b0c      	ldr	r3, [pc, #48]	@ (23ac <EcuM_GoSleep+0x38>)
    237a:	781b      	ldrb	r3, [r3, #0]
    237c:	2b00      	cmp	r3, #0
    237e:	d106      	bne.n	238e <EcuM_GoSleep+0x1a>
    {
        Det_ReportError(ECUM_MODULE_ID, ECUM_INSTANCE_ID, ECUM_SLEEP_SID, ECUM_E_NOT_INITIALIZED);
    2380:	2310      	movs	r3, #16
    2382:	2211      	movs	r2, #17
    2384:	2100      	movs	r1, #0
    2386:	200a      	movs	r0, #10
    2388:	f7ff fca4 	bl	1cd4 <Det_ReportError>
        return;
    238c:	e00c      	b.n	23a8 <EcuM_GoSleep+0x34>
    }
    
    if (EcuM_CurrentState != ECUM_STATE_SLEEP)
    238e:	4b08      	ldr	r3, [pc, #32]	@ (23b0 <EcuM_GoSleep+0x3c>)
    2390:	781b      	ldrb	r3, [r3, #0]
    2392:	2b30      	cmp	r3, #48	@ 0x30
    2394:	d006      	beq.n	23a4 <EcuM_GoSleep+0x30>
    {
        Det_ReportError(ECUM_MODULE_ID, ECUM_INSTANCE_ID, ECUM_SLEEP_SID, ECUM_E_STATE_CHANGE_FAILED);
    2396:	2313      	movs	r3, #19
    2398:	2211      	movs	r2, #17
    239a:	2100      	movs	r1, #0
    239c:	200a      	movs	r0, #10
    239e:	f7ff fc99 	bl	1cd4 <Det_ReportError>
        return;
    23a2:	e001      	b.n	23a8 <EcuM_GoSleep+0x34>
    }
#endif
    
    EcuM_ProcessGoSleep();
    23a4:	f000 f846 	bl	2434 <EcuM_ProcessGoSleep>
}
    23a8:	bd80      	pop	{r7, pc}
    23aa:	bf00      	nop
    23ac:	1fff81c7 	.word	0x1fff81c7
    23b0:	1fff81c4 	.word	0x1fff81c4

000023b4 <EcuM_GoHalt>:
/**
 * @brief Go to Halt mode
 * @details Enter halt mode (CPU clock stopped)
 */
void EcuM_GoHalt(void)
{
    23b4:	b580      	push	{r7, lr}
    23b6:	af00      	add	r7, sp, #0
#if (ECUM_DEV_ERROR_DETECT == STD_ON)
    if (!EcuM_IsInitialized)
    23b8:	4b0c      	ldr	r3, [pc, #48]	@ (23ec <EcuM_GoHalt+0x38>)
    23ba:	781b      	ldrb	r3, [r3, #0]
    23bc:	2b00      	cmp	r3, #0
    23be:	d106      	bne.n	23ce <EcuM_GoHalt+0x1a>
    {
        Det_ReportError(ECUM_MODULE_ID, ECUM_INSTANCE_ID, ECUM_HALT_SID, ECUM_E_NOT_INITIALIZED);
    23c0:	2310      	movs	r3, #16
    23c2:	2212      	movs	r2, #18
    23c4:	2100      	movs	r1, #0
    23c6:	200a      	movs	r0, #10
    23c8:	f7ff fc84 	bl	1cd4 <Det_ReportError>
        return;
    23cc:	e00c      	b.n	23e8 <EcuM_GoHalt+0x34>
    }
    
    if (EcuM_CurrentState != ECUM_STATE_SLEEP)
    23ce:	4b08      	ldr	r3, [pc, #32]	@ (23f0 <EcuM_GoHalt+0x3c>)
    23d0:	781b      	ldrb	r3, [r3, #0]
    23d2:	2b30      	cmp	r3, #48	@ 0x30
    23d4:	d006      	beq.n	23e4 <EcuM_GoHalt+0x30>
    {
        Det_ReportError(ECUM_MODULE_ID, ECUM_INSTANCE_ID, ECUM_HALT_SID, ECUM_E_STATE_CHANGE_FAILED);
    23d6:	2313      	movs	r3, #19
    23d8:	2212      	movs	r2, #18
    23da:	2100      	movs	r1, #0
    23dc:	200a      	movs	r0, #10
    23de:	f7ff fc79 	bl	1cd4 <Det_ReportError>
        return;
    23e2:	e001      	b.n	23e8 <EcuM_GoHalt+0x34>
    }
#endif
    
#if (ECUM_HALT_MODE_SUPPORTED == STD_ON)
    EcuM_ProcessHalt();
    23e4:	f000 f842 	bl	246c <EcuM_ProcessHalt>
#endif
}
    23e8:	bd80      	pop	{r7, pc}
    23ea:	bf00      	nop
    23ec:	1fff81c7 	.word	0x1fff81c7
    23f0:	1fff81c4 	.word	0x1fff81c4

000023f4 <EcuM_GoPoll>:
/**
 * @brief Go to Poll mode
 * @details Enter poll mode (active wait)
 */
void EcuM_GoPoll(void)
{
    23f4:	b580      	push	{r7, lr}
    23f6:	af00      	add	r7, sp, #0
#if (ECUM_DEV_ERROR_DETECT == STD_ON)
    if (!EcuM_IsInitialized)
    23f8:	4b0c      	ldr	r3, [pc, #48]	@ (242c <EcuM_GoPoll+0x38>)
    23fa:	781b      	ldrb	r3, [r3, #0]
    23fc:	2b00      	cmp	r3, #0
    23fe:	d106      	bne.n	240e <EcuM_GoPoll+0x1a>
    {
        Det_ReportError(ECUM_MODULE_ID, ECUM_INSTANCE_ID, ECUM_POLL_SID, ECUM_E_NOT_INITIALIZED);
    2400:	2310      	movs	r3, #16
    2402:	2213      	movs	r2, #19
    2404:	2100      	movs	r1, #0
    2406:	200a      	movs	r0, #10
    2408:	f7ff fc64 	bl	1cd4 <Det_ReportError>
        return;
    240c:	e00c      	b.n	2428 <EcuM_GoPoll+0x34>
    }
    
    if (EcuM_CurrentState != ECUM_STATE_SLEEP)
    240e:	4b08      	ldr	r3, [pc, #32]	@ (2430 <EcuM_GoPoll+0x3c>)
    2410:	781b      	ldrb	r3, [r3, #0]
    2412:	2b30      	cmp	r3, #48	@ 0x30
    2414:	d006      	beq.n	2424 <EcuM_GoPoll+0x30>
    {
        Det_ReportError(ECUM_MODULE_ID, ECUM_INSTANCE_ID, ECUM_POLL_SID, ECUM_E_STATE_CHANGE_FAILED);
    2416:	2313      	movs	r3, #19
    2418:	2213      	movs	r2, #19
    241a:	2100      	movs	r1, #0
    241c:	200a      	movs	r0, #10
    241e:	f7ff fc59 	bl	1cd4 <Det_ReportError>
        return;
    2422:	e001      	b.n	2428 <EcuM_GoPoll+0x34>
    }
#endif
    
#if (ECUM_POLL_MODE_SUPPORTED == STD_ON)
    EcuM_ProcessPoll();
    2424:	f000 f832 	bl	248c <EcuM_ProcessPoll>
#endif
}
    2428:	bd80      	pop	{r7, pc}
    242a:	bf00      	nop
    242c:	1fff81c7 	.word	0x1fff81c7
    2430:	1fff81c4 	.word	0x1fff81c4

00002434 <EcuM_ProcessGoSleep>:
/**
 * @brief Process GoSleep state
 * @details Prepare BSW modules for sleep entry
 */
static void EcuM_ProcessGoSleep(void)
{
    2434:	b580      	push	{r7, lr}
    2436:	af00      	add	r7, sp, #0
    EcuM_UpdateSubState(ECUM_SUBSTATE_GO_SLEEP);
    2438:	2031      	movs	r0, #49	@ 0x31
    243a:	f000 fe29 	bl	3090 <EcuM_UpdateSubState>
    
    /* Notify BswM about preparing for sleep */
#if (ECUM_BSWM_ENABLED == STD_ON)
    BswM_EcuM_CurrentState(ECUM_STATE_SLEEP);
    243e:	2030      	movs	r0, #48	@ 0x30
    2440:	f7ff fe00 	bl	2044 <BswM_EcuM_CurrentState>
#if (ECUM_WDGM_ENABLED == STD_ON)
    /* WdgM_DeInit(); */
#endif
    
    /* Enter sleep mode */
    EcuM_PerformSleep();
    2444:	f000 f8e6 	bl	2614 <EcuM_PerformSleep>
}
    2448:	bf00      	nop
    244a:	bd80      	pop	{r7, pc}

0000244c <EcuM_ProcessSleep>:
/**
 * @brief Process Sleep state
 * @details Handle sleep mode operation
 */
static void EcuM_ProcessSleep(void)
{
    244c:	b580      	push	{r7, lr}
    244e:	af00      	add	r7, sp, #0
    EcuM_UpdateSubState(ECUM_SUBSTATE_SLEEP);
    2450:	2032      	movs	r0, #50	@ 0x32
    2452:	f000 fe1d 	bl	3090 <EcuM_UpdateSubState>
    
    /* Sleep mode is entered - waiting for wakeup event */
    /* This function may not be called cyclically during actual sleep */
    
    /* Check for pending wakeup events */
    if (EcuM_PendingWakeupEvents != ECUM_WKSOURCE_NONE)
    2456:	4b04      	ldr	r3, [pc, #16]	@ (2468 <EcuM_ProcessSleep+0x1c>)
    2458:	681b      	ldr	r3, [r3, #0]
    245a:	2b00      	cmp	r3, #0
    245c:	d001      	beq.n	2462 <EcuM_ProcessSleep+0x16>
    {
        /* Wakeup detected - restart sequence */
        EcuM_WakeupRestart();
    245e:	f000 f82b 	bl	24b8 <EcuM_WakeupRestart>
    }
}
    2462:	bf00      	nop
    2464:	bd80      	pop	{r7, pc}
    2466:	bf00      	nop
    2468:	1fff81d4 	.word	0x1fff81d4

0000246c <EcuM_ProcessHalt>:
/**
 * @brief Process Halt state
 * @details CPU is halted, waiting for interrupt
 */
static void EcuM_ProcessHalt(void)
{
    246c:	b580      	push	{r7, lr}
    246e:	af00      	add	r7, sp, #0
    EcuM_UpdateSubState(ECUM_SUBSTATE_HALT);
    2470:	2050      	movs	r0, #80	@ 0x50
    2472:	f000 fe0d 	bl	3090 <EcuM_UpdateSubState>
    
    /* Enable wakeup sources before halting */
    EcuM_EnableWakeupSources(EcuM_EnabledWakeupSources);
    2476:	4b04      	ldr	r3, [pc, #16]	@ (2488 <EcuM_ProcessHalt+0x1c>)
    2478:	681b      	ldr	r3, [r3, #0]
    247a:	4618      	mov	r0, r3
    247c:	f000 fb76 	bl	2b6c <EcuM_EnableWakeupSources>
    /* Execute HALT instruction - CPU stops here */
    /* This is typically implemented in Mcu module */
    /* Mcu_PerformReset(); */
    
    /* After wakeup, execution continues here */
    EcuM_WakeupRestart();
    2480:	f000 f81a 	bl	24b8 <EcuM_WakeupRestart>
}
    2484:	bf00      	nop
    2486:	bd80      	pop	{r7, pc}
    2488:	1fff8144 	.word	0x1fff8144

0000248c <EcuM_ProcessPoll>:
/**
 * @brief Process Poll state
 * @details Active wait for wakeup
 */
static void EcuM_ProcessPoll(void)
{
    248c:	b580      	push	{r7, lr}
    248e:	af00      	add	r7, sp, #0
    EcuM_UpdateSubState(ECUM_SUBSTATE_POLL);
    2490:	2051      	movs	r0, #81	@ 0x51
    2492:	f000 fdfd 	bl	3090 <EcuM_UpdateSubState>
    
    /* In poll mode, we continuously check for wakeup */
    /* This consumes more power than halt mode */
    
    /* Poll wakeup sources */
    EcuM_CheckWakeup(EcuM_EnabledWakeupSources);
    2496:	4b06      	ldr	r3, [pc, #24]	@ (24b0 <EcuM_ProcessPoll+0x24>)
    2498:	681b      	ldr	r3, [r3, #0]
    249a:	4618      	mov	r0, r3
    249c:	f000 fb52 	bl	2b44 <EcuM_CheckWakeup>
    
    /* If wakeup detected, restart */
    if (EcuM_PendingWakeupEvents != ECUM_WKSOURCE_NONE)
    24a0:	4b04      	ldr	r3, [pc, #16]	@ (24b4 <EcuM_ProcessPoll+0x28>)
    24a2:	681b      	ldr	r3, [r3, #0]
    24a4:	2b00      	cmp	r3, #0
    24a6:	d001      	beq.n	24ac <EcuM_ProcessPoll+0x20>
    {
        EcuM_WakeupRestart();
    24a8:	f000 f806 	bl	24b8 <EcuM_WakeupRestart>
    }
}
    24ac:	bf00      	nop
    24ae:	bd80      	pop	{r7, pc}
    24b0:	1fff8144 	.word	0x1fff8144
    24b4:	1fff81d4 	.word	0x1fff81d4

000024b8 <EcuM_WakeupRestart>:
/**
 * @brief Wakeup Restart sequence
 * @details Handle wakeup from sleep
 */
void EcuM_WakeupRestart(void)
{
    24b8:	b580      	push	{r7, lr}
    24ba:	af00      	add	r7, sp, #0
#if (ECUM_DEV_ERROR_DETECT == STD_ON)
    if (!EcuM_IsInitialized)
    24bc:	4b09      	ldr	r3, [pc, #36]	@ (24e4 <EcuM_WakeupRestart+0x2c>)
    24be:	781b      	ldrb	r3, [r3, #0]
    24c0:	2b00      	cmp	r3, #0
    24c2:	d106      	bne.n	24d2 <EcuM_WakeupRestart+0x1a>
    {
        Det_ReportError(ECUM_MODULE_ID, ECUM_INSTANCE_ID, ECUM_WAKEUPRESTART_SID, ECUM_E_NOT_INITIALIZED);
    24c4:	2310      	movs	r3, #16
    24c6:	2214      	movs	r2, #20
    24c8:	2100      	movs	r1, #0
    24ca:	200a      	movs	r0, #10
    24cc:	f7ff fc02 	bl	1cd4 <Det_ReportError>
        return;
    24d0:	e007      	b.n	24e2 <EcuM_WakeupRestart+0x2a>
    }
#endif
    
    /* Transition to wakeup state */
    EcuM_CurrentState = ECUM_STATE_WAKE_SLEEP;
    24d2:	4b05      	ldr	r3, [pc, #20]	@ (24e8 <EcuM_WakeupRestart+0x30>)
    24d4:	2231      	movs	r2, #49	@ 0x31
    24d6:	701a      	strb	r2, [r3, #0]
    EcuM_UpdateSubState(ECUM_SUBSTATE_WAKEUP_ONE);
    24d8:	2033      	movs	r0, #51	@ 0x33
    24da:	f000 fdd9 	bl	3090 <EcuM_UpdateSubState>
    
    /* Process Wakeup One */
    EcuM_ProcessWakeupOne();
    24de:	f000 f805 	bl	24ec <EcuM_ProcessWakeupOne>
}
    24e2:	bd80      	pop	{r7, pc}
    24e4:	1fff81c7 	.word	0x1fff81c7
    24e8:	1fff81c4 	.word	0x1fff81c4

000024ec <EcuM_ProcessWakeupOne>:
/**
 * @brief Process Wakeup One state
 * @details Initialize drivers after wakeup
 */
static void EcuM_ProcessWakeupOne(void)
{
    24ec:	b580      	push	{r7, lr}
    24ee:	af00      	add	r7, sp, #0
    /* Re-initialize MCU and essential drivers */
    EcuM_DriverRestart(EcuM_ConfigPtr);
    24f0:	4b06      	ldr	r3, [pc, #24]	@ (250c <EcuM_ProcessWakeupOne+0x20>)
    24f2:	681b      	ldr	r3, [r3, #0]
    24f4:	4618      	mov	r0, r3
    24f6:	f7fe f826 	bl	546 <EcuM_DriverRestart>
    
    /* Validate wakeup sources */
    EcuM_AL_WakeupValidation();
    24fa:	f7fe f876 	bl	5ea <EcuM_AL_WakeupValidation>
    
    /* Transition to Wakeup Two */
    EcuM_UpdateSubState(ECUM_SUBSTATE_WAKEUP_TWO);
    24fe:	2034      	movs	r0, #52	@ 0x34
    2500:	f000 fdc6 	bl	3090 <EcuM_UpdateSubState>
    EcuM_ProcessWakeupTwo();
    2504:	f000 f804 	bl	2510 <EcuM_ProcessWakeupTwo>
}
    2508:	bf00      	nop
    250a:	bd80      	pop	{r7, pc}
    250c:	1fff8290 	.word	0x1fff8290

00002510 <EcuM_ProcessWakeupTwo>:
/**
 * @brief Process Wakeup Two state
 * @details Re-initialize OS and BSW after wakeup
 */
static void EcuM_ProcessWakeupTwo(void)
{
    2510:	b580      	push	{r7, lr}
    2512:	af00      	add	r7, sp, #0
    /* Re-initialize OS if needed */
    
    /* Re-initialize SchM */
#if (ECUM_SCHM_ENABLED == STD_ON)
    SchM_Init();
    2514:	f7fe f9c7 	bl	8a6 <SchM_Init>
#endif
    
    /* Notify BswM */
#if (ECUM_BSWM_ENABLED == STD_ON)
    BswM_EcuM_CurrentState(ECUM_STATE_RUN);
    2518:	2010      	movs	r0, #16
    251a:	f7ff fd93 	bl	2044 <BswM_EcuM_CurrentState>
    BswM_EcuM_CurrentWakeup(EcuM_ValidatedWakeupEvents, ECUM_WKSTATUS_VALIDATED);
    251e:	4b09      	ldr	r3, [pc, #36]	@ (2544 <EcuM_ProcessWakeupTwo+0x34>)
    2520:	681b      	ldr	r3, [r3, #0]
    2522:	2102      	movs	r1, #2
    2524:	4618      	mov	r0, r3
    2526:	f7fe f9ca 	bl	8be <BswM_EcuM_CurrentWakeup>
#endif
    
    /* Re-initialize communication */
#if (ECUM_COMM_ENABLED == STD_ON)
    ComM_Init();
    252a:	f7fe f9b0 	bl	88e <ComM_Init>
#if (ECUM_RTE_ENABLED == STD_ON)
    /* Rte_Start(); */
#endif
    
    /* Transition back to RUN */
    EcuM_CurrentState = ECUM_STATE_RUN;
    252e:	4b06      	ldr	r3, [pc, #24]	@ (2548 <EcuM_ProcessWakeupTwo+0x38>)
    2530:	2210      	movs	r2, #16
    2532:	701a      	strb	r2, [r3, #0]
    EcuM_UpdateSubState(ECUM_SUBSTATE_RUN);
    2534:	2021      	movs	r0, #33	@ 0x21
    2536:	f000 fdab 	bl	3090 <EcuM_UpdateSubState>
    
    /* Notify application about wakeup */
    EcuM_AL_WakeupReaction();
    253a:	f7fe f85c 	bl	5f6 <EcuM_AL_WakeupReaction>
}
    253e:	bf00      	nop
    2540:	bd80      	pop	{r7, pc}
    2542:	bf00      	nop
    2544:	1fff81d8 	.word	0x1fff81d8
    2548:	1fff81c4 	.word	0x1fff81c4

0000254c <EcuM_Shutdown>:
/**
 * @brief Shutdown sequence
 * @details Initiate shutdown sequence
 */
void EcuM_Shutdown(void)
{
    254c:	b580      	push	{r7, lr}
    254e:	af00      	add	r7, sp, #0
#if (ECUM_DEV_ERROR_DETECT == STD_ON)
    if (!EcuM_IsInitialized)
    2550:	4b09      	ldr	r3, [pc, #36]	@ (2578 <EcuM_Shutdown+0x2c>)
    2552:	781b      	ldrb	r3, [r3, #0]
    2554:	2b00      	cmp	r3, #0
    2556:	d106      	bne.n	2566 <EcuM_Shutdown+0x1a>
    {
        Det_ReportError(ECUM_MODULE_ID, ECUM_INSTANCE_ID, ECUM_SHUTDOWN_SID, ECUM_E_NOT_INITIALIZED);
    2558:	2310      	movs	r3, #16
    255a:	2201      	movs	r2, #1
    255c:	2100      	movs	r1, #0
    255e:	200a      	movs	r0, #10
    2560:	f7ff fbb8 	bl	1cd4 <Det_ReportError>
        return;
    2564:	e007      	b.n	2576 <EcuM_Shutdown+0x2a>
    }
#endif
    
    /* Start shutdown sequence */
    EcuM_CurrentState = ECUM_STATE_SHUTDOWN;
    2566:	4b05      	ldr	r3, [pc, #20]	@ (257c <EcuM_Shutdown+0x30>)
    2568:	2240      	movs	r2, #64	@ 0x40
    256a:	701a      	strb	r2, [r3, #0]
    EcuM_UpdateSubState(ECUM_SUBSTATE_GO_OFF_ONE);
    256c:	2041      	movs	r0, #65	@ 0x41
    256e:	f000 fd8f 	bl	3090 <EcuM_UpdateSubState>
    
    /* Process GoOffOne */
    EcuM_ProcessGoOffOne();
    2572:	f000 f805 	bl	2580 <EcuM_ProcessGoOffOne>
}
    2576:	bd80      	pop	{r7, pc}
    2578:	1fff81c7 	.word	0x1fff81c7
    257c:	1fff81c4 	.word	0x1fff81c4

00002580 <EcuM_ProcessGoOffOne>:
/**
 * @brief Process GoOffOne state
 * @details Write NV data, deinit BSW modules
 */
static void EcuM_ProcessGoOffOne(void)
{
    2580:	b580      	push	{r7, lr}
    2582:	af00      	add	r7, sp, #0
    EcuM_UpdateSubState(ECUM_SUBSTATE_GO_OFF_ONE);
    2584:	2041      	movs	r0, #65	@ 0x41
    2586:	f000 fd83 	bl	3090 <EcuM_UpdateSubState>
    
    /* Notify BswM */
#if (ECUM_BSWM_ENABLED == STD_ON)
    BswM_EcuM_CurrentState(ECUM_STATE_SHUTDOWN);
    258a:	2040      	movs	r0, #64	@ 0x40
    258c:	f7ff fd5a 	bl	2044 <BswM_EcuM_CurrentState>
    /* Rte_Stop(); */
#endif
    
    /* De-initialize COM stack */
#if (ECUM_COMM_ENABLED == STD_ON)
    ComM_DeInit();
    2590:	f7fe f983 	bl	89a <ComM_DeInit>
#endif
    
    /* Write all NV data */
#if (ECUM_NVM_ENABLED == STD_ON)
    NvM_WriteAll();
    2594:	f7fe f974 	bl	880 <NvM_WriteAll>
    
    /* De-initialize PDU Router */
    /* PduR_DeInit(); */
    
    /* Transition to GoOffTwo */
    EcuM_UpdateSubState(ECUM_SUBSTATE_GO_OFF_TWO);
    2598:	2042      	movs	r0, #66	@ 0x42
    259a:	f000 fd79 	bl	3090 <EcuM_UpdateSubState>
    EcuM_ProcessGoOffTwo();
    259e:	f000 f802 	bl	25a6 <EcuM_ProcessGoOffTwo>
}
    25a2:	bf00      	nop
    25a4:	bd80      	pop	{r7, pc}

000025a6 <EcuM_ProcessGoOffTwo>:
/**
 * @brief Process GoOffTwo state
 * @details Shutdown OS and perform final actions
 */
static void EcuM_ProcessGoOffTwo(void)
{
    25a6:	b580      	push	{r7, lr}
    25a8:	af00      	add	r7, sp, #0
    EcuM_UpdateSubState(ECUM_SUBSTATE_GO_OFF_TWO);
    25aa:	2042      	movs	r0, #66	@ 0x42
    25ac:	f000 fd70 	bl	3090 <EcuM_UpdateSubState>
    
    /* Disable all interrupts */
    EcuM_DisableInterrupts();
    25b0:	f000 fd8a 	bl	30c8 <EcuM_DisableInterrupts>
    
    /* De-initialize SchM */
#if (ECUM_SCHM_ENABLED == STD_ON)
    SchM_Deinit();
    25b4:	f7fe f97d 	bl	8b2 <SchM_Deinit>
#endif
    
    /* Perform shutdown based on target */
    switch (EcuM_ShutdownTarget)
    25b8:	4b0a      	ldr	r3, [pc, #40]	@ (25e4 <EcuM_ProcessGoOffTwo+0x3e>)
    25ba:	781b      	ldrb	r3, [r3, #0]
    25bc:	2b02      	cmp	r3, #2
    25be:	d00c      	beq.n	25da <EcuM_ProcessGoOffTwo+0x34>
    25c0:	2b02      	cmp	r3, #2
    25c2:	dc0c      	bgt.n	25de <EcuM_ProcessGoOffTwo+0x38>
    25c4:	2b00      	cmp	r3, #0
    25c6:	d002      	beq.n	25ce <EcuM_ProcessGoOffTwo+0x28>
    25c8:	2b01      	cmp	r3, #1
    25ca:	d003      	beq.n	25d4 <EcuM_ProcessGoOffTwo+0x2e>
        case ECUM_SHUTDOWN_TARGET_SLEEP:
            /* Should not reach here - sleep is handled separately */
            break;
            
        default:
            break;
    25cc:	e007      	b.n	25de <EcuM_ProcessGoOffTwo+0x38>
            EcuM_PerformShutdown();
    25ce:	f000 f80b 	bl	25e8 <EcuM_PerformShutdown>
            break;
    25d2:	e005      	b.n	25e0 <EcuM_ProcessGoOffTwo+0x3a>
            EcuM_PerformReset();
    25d4:	f000 f818 	bl	2608 <EcuM_PerformReset>
            break;
    25d8:	e002      	b.n	25e0 <EcuM_ProcessGoOffTwo+0x3a>
            break;
    25da:	bf00      	nop
    25dc:	e000      	b.n	25e0 <EcuM_ProcessGoOffTwo+0x3a>
            break;
    25de:	bf00      	nop
    }
}
    25e0:	bf00      	nop
    25e2:	bd80      	pop	{r7, pc}
    25e4:	1fff81c5 	.word	0x1fff81c5

000025e8 <EcuM_PerformShutdown>:

/**
 * @brief Perform Shutdown (Power Off)
 */
static void EcuM_PerformShutdown(void)
{
    25e8:	b580      	push	{r7, lr}
    25ea:	af00      	add	r7, sp, #0
    /* Call shutdown hook */
    EcuM_AL_SwitchOff();
    25ec:	f7fd ffdd 	bl	5aa <EcuM_AL_SwitchOff>
    
    /* Set state to OFF */
    EcuM_CurrentState = ECUM_STATE_OFF;
    25f0:	4b03      	ldr	r3, [pc, #12]	@ (2600 <EcuM_PerformShutdown+0x18>)
    25f2:	2200      	movs	r2, #0
    25f4:	701a      	strb	r2, [r3, #0]
    EcuM_IsInitialized = FALSE;
    25f6:	4b03      	ldr	r3, [pc, #12]	@ (2604 <EcuM_PerformShutdown+0x1c>)
    25f8:	2200      	movs	r2, #0
    25fa:	701a      	strb	r2, [r3, #0]
    
    /* Hardware shutdown - typically cuts power or enters standby */
    /* This function should not return */
    while (1)
    25fc:	e7fe      	b.n	25fc <EcuM_PerformShutdown+0x14>
    25fe:	bf00      	nop
    2600:	1fff81c4 	.word	0x1fff81c4
    2604:	1fff81c7 	.word	0x1fff81c7

00002608 <EcuM_PerformReset>:

/**
 * @brief Perform Reset
 */
static void EcuM_PerformReset(void)
{
    2608:	b580      	push	{r7, lr}
    260a:	af00      	add	r7, sp, #0
    /* Reset callout */
    EcuM_AL_Reset(ECUM_DEFAULT_RESET_TYPE);
    260c:	2000      	movs	r0, #0
    260e:	f7fd ffd6 	bl	5be <EcuM_AL_Reset>
    
    /* Hardware reset */
    /* Mcu_PerformReset(); */
    
    /* Should not return from reset */
    while (1)
    2612:	e7fe      	b.n	2612 <EcuM_PerformReset+0xa>

00002614 <EcuM_PerformSleep>:

/**
 * @brief Perform Sleep Entry
 */
static void EcuM_PerformSleep(void)
{
    2614:	b580      	push	{r7, lr}
    2616:	af00      	add	r7, sp, #0
    /* Disable interrupts temporarily */
    EcuM_DisableInterrupts();
    2618:	f000 fd56 	bl	30c8 <EcuM_DisableInterrupts>
    
    /* Enable configured wakeup sources */
    EcuM_EnableWakeupSources(EcuM_EnabledWakeupSources);
    261c:	4b06      	ldr	r3, [pc, #24]	@ (2638 <EcuM_PerformSleep+0x24>)
    261e:	681b      	ldr	r3, [r3, #0]
    2620:	4618      	mov	r0, r3
    2622:	f000 faa3 	bl	2b6c <EcuM_EnableWakeupSources>
    
    /* Enter sleep mode via callout */
    EcuM_AL_EnterSleep();
    2626:	f7fd ffd4 	bl	5d2 <EcuM_AL_EnterSleep>
    
    /* After this point, CPU should be in sleep mode */
    /* Execution resumes here after wakeup */
    
    /* Disable wakeup sources */
    EcuM_DisableWakeupSources(ECUM_CONFIGURED_WAKEUP_SOURCES);
    262a:	4804      	ldr	r0, [pc, #16]	@ (263c <EcuM_PerformSleep+0x28>)
    262c:	f000 fabe 	bl	2bac <EcuM_DisableWakeupSources>
    
    /* Enable interrupts */
    EcuM_EnableInterrupts();
    2630:	f000 fd50 	bl	30d4 <EcuM_EnableInterrupts>
}
    2634:	bf00      	nop
    2636:	bd80      	pop	{r7, pc}
    2638:	1fff8144 	.word	0x1fff8144
    263c:	00200063 	.word	0x00200063

00002640 <EcuM_RequestRUN>:
 * @brief Request RUN mode
 * @param user User requesting RUN mode
 * @return E_OK if successful, E_NOT_OK otherwise
 */
Std_ReturnType EcuM_RequestRUN(EcuM_UserType user)
{
    2640:	b580      	push	{r7, lr}
    2642:	b082      	sub	sp, #8
    2644:	af00      	add	r7, sp, #0
    2646:	4603      	mov	r3, r0
    2648:	71fb      	strb	r3, [r7, #7]
#if (ECUM_DEV_ERROR_DETECT == STD_ON)
    if (!EcuM_IsInitialized)
    264a:	4b17      	ldr	r3, [pc, #92]	@ (26a8 <EcuM_RequestRUN+0x68>)
    264c:	781b      	ldrb	r3, [r3, #0]
    264e:	2b00      	cmp	r3, #0
    2650:	d107      	bne.n	2662 <EcuM_RequestRUN+0x22>
    {
        Det_ReportError(ECUM_MODULE_ID, ECUM_INSTANCE_ID, ECUM_REQUESTRUN_SID, ECUM_E_NOT_INITIALIZED);
    2652:	2310      	movs	r3, #16
    2654:	2202      	movs	r2, #2
    2656:	2100      	movs	r1, #0
    2658:	200a      	movs	r0, #10
    265a:	f7ff fb3b 	bl	1cd4 <Det_ReportError>
        return E_NOT_OK;
    265e:	2301      	movs	r3, #1
    2660:	e01d      	b.n	269e <EcuM_RequestRUN+0x5e>
    }
    
    if (user >= ECUM_MAX_USERS)
    2662:	79fb      	ldrb	r3, [r7, #7]
    2664:	2b1f      	cmp	r3, #31
    2666:	d907      	bls.n	2678 <EcuM_RequestRUN+0x38>
    {
        Det_ReportError(ECUM_MODULE_ID, ECUM_INSTANCE_ID, ECUM_REQUESTRUN_SID, ECUM_E_INVALID_PAR);
    2668:	2311      	movs	r3, #17
    266a:	2202      	movs	r2, #2
    266c:	2100      	movs	r1, #0
    266e:	200a      	movs	r0, #10
    2670:	f7ff fb30 	bl	1cd4 <Det_ReportError>
        return E_NOT_OK;
    2674:	2301      	movs	r3, #1
    2676:	e012      	b.n	269e <EcuM_RequestRUN+0x5e>
    }
#endif
    
    /* Set the bit for this user */
    EcuM_RunRequests |= (1u << user);
    2678:	79fb      	ldrb	r3, [r7, #7]
    267a:	2201      	movs	r2, #1
    267c:	409a      	lsls	r2, r3
    267e:	4b0b      	ldr	r3, [pc, #44]	@ (26ac <EcuM_RequestRUN+0x6c>)
    2680:	681b      	ldr	r3, [r3, #0]
    2682:	4313      	orrs	r3, r2
    2684:	4a09      	ldr	r2, [pc, #36]	@ (26ac <EcuM_RequestRUN+0x6c>)
    2686:	6013      	str	r3, [r2, #0]
    
    /* Check if transitioning from POST_RUN back to RUN */
    if (EcuM_CurrentState == ECUM_STATE_POST_RUN)
    2688:	4b09      	ldr	r3, [pc, #36]	@ (26b0 <EcuM_RequestRUN+0x70>)
    268a:	781b      	ldrb	r3, [r3, #0]
    268c:	2b20      	cmp	r3, #32
    268e:	d105      	bne.n	269c <EcuM_RequestRUN+0x5c>
    {
        EcuM_CurrentState = ECUM_STATE_RUN;
    2690:	4b07      	ldr	r3, [pc, #28]	@ (26b0 <EcuM_RequestRUN+0x70>)
    2692:	2210      	movs	r2, #16
    2694:	701a      	strb	r2, [r3, #0]
        EcuM_UpdateSubState(ECUM_SUBSTATE_RUN);
    2696:	2021      	movs	r0, #33	@ 0x21
    2698:	f000 fcfa 	bl	3090 <EcuM_UpdateSubState>
    }
    
    return E_OK;
    269c:	2300      	movs	r3, #0
}
    269e:	4618      	mov	r0, r3
    26a0:	3708      	adds	r7, #8
    26a2:	46bd      	mov	sp, r7
    26a4:	bd80      	pop	{r7, pc}
    26a6:	bf00      	nop
    26a8:	1fff81c7 	.word	0x1fff81c7
    26ac:	1fff81cc 	.word	0x1fff81cc
    26b0:	1fff81c4 	.word	0x1fff81c4

000026b4 <EcuM_ReleaseRUN>:
 * @brief Release RUN mode request
 * @param user User releasing RUN mode
 * @return E_OK if successful, E_NOT_OK otherwise
 */
Std_ReturnType EcuM_ReleaseRUN(EcuM_UserType user)
{
    26b4:	b580      	push	{r7, lr}
    26b6:	b082      	sub	sp, #8
    26b8:	af00      	add	r7, sp, #0
    26ba:	4603      	mov	r3, r0
    26bc:	71fb      	strb	r3, [r7, #7]
#if (ECUM_DEV_ERROR_DETECT == STD_ON)
    if (!EcuM_IsInitialized)
    26be:	4b14      	ldr	r3, [pc, #80]	@ (2710 <EcuM_ReleaseRUN+0x5c>)
    26c0:	781b      	ldrb	r3, [r3, #0]
    26c2:	2b00      	cmp	r3, #0
    26c4:	d107      	bne.n	26d6 <EcuM_ReleaseRUN+0x22>
    {
        Det_ReportError(ECUM_MODULE_ID, ECUM_INSTANCE_ID, ECUM_RELEASERUN_SID, ECUM_E_NOT_INITIALIZED);
    26c6:	2310      	movs	r3, #16
    26c8:	2203      	movs	r2, #3
    26ca:	2100      	movs	r1, #0
    26cc:	200a      	movs	r0, #10
    26ce:	f7ff fb01 	bl	1cd4 <Det_ReportError>
        return E_NOT_OK;
    26d2:	2301      	movs	r3, #1
    26d4:	e017      	b.n	2706 <EcuM_ReleaseRUN+0x52>
    }
    
    if (user >= ECUM_MAX_USERS)
    26d6:	79fb      	ldrb	r3, [r7, #7]
    26d8:	2b1f      	cmp	r3, #31
    26da:	d907      	bls.n	26ec <EcuM_ReleaseRUN+0x38>
    {
        Det_ReportError(ECUM_MODULE_ID, ECUM_INSTANCE_ID, ECUM_RELEASERUN_SID, ECUM_E_INVALID_PAR);
    26dc:	2311      	movs	r3, #17
    26de:	2203      	movs	r2, #3
    26e0:	2100      	movs	r1, #0
    26e2:	200a      	movs	r0, #10
    26e4:	f7ff faf6 	bl	1cd4 <Det_ReportError>
        return E_NOT_OK;
    26e8:	2301      	movs	r3, #1
    26ea:	e00c      	b.n	2706 <EcuM_ReleaseRUN+0x52>
    }
#endif
    
    /* Clear the bit for this user */
    EcuM_RunRequests &= ~(1u << user);
    26ec:	79fb      	ldrb	r3, [r7, #7]
    26ee:	2201      	movs	r2, #1
    26f0:	fa02 f303 	lsl.w	r3, r2, r3
    26f4:	43da      	mvns	r2, r3
    26f6:	4b07      	ldr	r3, [pc, #28]	@ (2714 <EcuM_ReleaseRUN+0x60>)
    26f8:	681b      	ldr	r3, [r3, #0]
    26fa:	4013      	ands	r3, r2
    26fc:	4a05      	ldr	r2, [pc, #20]	@ (2714 <EcuM_ReleaseRUN+0x60>)
    26fe:	6013      	str	r3, [r2, #0]
    
    /* Check run requests */
    EcuM_CheckRunRequests();
    2700:	f000 f82a 	bl	2758 <EcuM_CheckRunRequests>
    
    return E_OK;
    2704:	2300      	movs	r3, #0
}
    2706:	4618      	mov	r0, r3
    2708:	3708      	adds	r7, #8
    270a:	46bd      	mov	sp, r7
    270c:	bd80      	pop	{r7, pc}
    270e:	bf00      	nop
    2710:	1fff81c7 	.word	0x1fff81c7
    2714:	1fff81cc 	.word	0x1fff81cc

00002718 <EcuM_KillAllRUNRequests>:
/**
 * @brief Kill all RUN requests
 * @return E_OK if successful, E_NOT_OK otherwise
 */
Std_ReturnType EcuM_KillAllRUNRequests(void)
{
    2718:	b580      	push	{r7, lr}
    271a:	af00      	add	r7, sp, #0
#if (ECUM_DEV_ERROR_DETECT == STD_ON)
    if (!EcuM_IsInitialized)
    271c:	4b0b      	ldr	r3, [pc, #44]	@ (274c <EcuM_KillAllRUNRequests+0x34>)
    271e:	781b      	ldrb	r3, [r3, #0]
    2720:	2b00      	cmp	r3, #0
    2722:	d107      	bne.n	2734 <EcuM_KillAllRUNRequests+0x1c>
    {
        Det_ReportError(ECUM_MODULE_ID, ECUM_INSTANCE_ID, ECUM_KILLALLRUNREQUESTS_SID, ECUM_E_NOT_INITIALIZED);
    2724:	2310      	movs	r3, #16
    2726:	221c      	movs	r2, #28
    2728:	2100      	movs	r1, #0
    272a:	200a      	movs	r0, #10
    272c:	f7ff fad2 	bl	1cd4 <Det_ReportError>
        return E_NOT_OK;
    2730:	2301      	movs	r3, #1
    2732:	e009      	b.n	2748 <EcuM_KillAllRUNRequests+0x30>
    }
#endif
    
    /* Save killed requests for potential recovery */
    EcuM_KilledRunRequests = EcuM_RunRequests;
    2734:	4b06      	ldr	r3, [pc, #24]	@ (2750 <EcuM_KillAllRUNRequests+0x38>)
    2736:	681b      	ldr	r3, [r3, #0]
    2738:	4a06      	ldr	r2, [pc, #24]	@ (2754 <EcuM_KillAllRUNRequests+0x3c>)
    273a:	6013      	str	r3, [r2, #0]
    
    /* Clear all requests */
    EcuM_RunRequests = 0u;
    273c:	4b04      	ldr	r3, [pc, #16]	@ (2750 <EcuM_KillAllRUNRequests+0x38>)
    273e:	2200      	movs	r2, #0
    2740:	601a      	str	r2, [r3, #0]
    
    /* Check if transition needed */
    EcuM_CheckRunRequests();
    2742:	f000 f809 	bl	2758 <EcuM_CheckRunRequests>
    
    return E_OK;
    2746:	2300      	movs	r3, #0
}
    2748:	4618      	mov	r0, r3
    274a:	bd80      	pop	{r7, pc}
    274c:	1fff81c7 	.word	0x1fff81c7
    2750:	1fff81cc 	.word	0x1fff81cc
    2754:	1fff81d0 	.word	0x1fff81d0

00002758 <EcuM_CheckRunRequests>:

/**
 * @brief Check RUN requests and transition state if needed
 */
static void EcuM_CheckRunRequests(void)
{
    2758:	b580      	push	{r7, lr}
    275a:	af00      	add	r7, sp, #0
    if (EcuM_RunRequests == 0u)
    275c:	4b09      	ldr	r3, [pc, #36]	@ (2784 <EcuM_CheckRunRequests+0x2c>)
    275e:	681b      	ldr	r3, [r3, #0]
    2760:	2b00      	cmp	r3, #0
    2762:	d10c      	bne.n	277e <EcuM_CheckRunRequests+0x26>
    {
        /* No more RUN requests - transition to POST_RUN */
        if (EcuM_CurrentState == ECUM_STATE_RUN)
    2764:	4b08      	ldr	r3, [pc, #32]	@ (2788 <EcuM_CheckRunRequests+0x30>)
    2766:	781b      	ldrb	r3, [r3, #0]
    2768:	2b10      	cmp	r3, #16
    276a:	d108      	bne.n	277e <EcuM_CheckRunRequests+0x26>
        {
            EcuM_CurrentState = ECUM_STATE_POST_RUN;
    276c:	4b06      	ldr	r3, [pc, #24]	@ (2788 <EcuM_CheckRunRequests+0x30>)
    276e:	2220      	movs	r2, #32
    2770:	701a      	strb	r2, [r3, #0]
            EcuM_UpdateSubState(ECUM_SUBSTATE_POST_RUN);
    2772:	2022      	movs	r0, #34	@ 0x22
    2774:	f000 fc8c 	bl	3090 <EcuM_UpdateSubState>
            
#if (ECUM_BSWM_ENABLED == STD_ON)
            BswM_EcuM_CurrentState(ECUM_STATE_POST_RUN);
    2778:	2020      	movs	r0, #32
    277a:	f7ff fc63 	bl	2044 <BswM_EcuM_CurrentState>
#endif
        }
    }
}
    277e:	bf00      	nop
    2780:	bd80      	pop	{r7, pc}
    2782:	bf00      	nop
    2784:	1fff81cc 	.word	0x1fff81cc
    2788:	1fff81c4 	.word	0x1fff81c4

0000278c <EcuM_GetState>:
 * @brief Get current ECU state
 * @param state Pointer to store state
 * @return E_OK if successful, E_NOT_OK otherwise
 */
Std_ReturnType EcuM_GetState(EcuM_StateType* state)
{
    278c:	b580      	push	{r7, lr}
    278e:	b082      	sub	sp, #8
    2790:	af00      	add	r7, sp, #0
    2792:	6078      	str	r0, [r7, #4]
#if (ECUM_DEV_ERROR_DETECT == STD_ON)
    if (!EcuM_IsInitialized)
    2794:	4b0f      	ldr	r3, [pc, #60]	@ (27d4 <EcuM_GetState+0x48>)
    2796:	781b      	ldrb	r3, [r3, #0]
    2798:	2b00      	cmp	r3, #0
    279a:	d107      	bne.n	27ac <EcuM_GetState+0x20>
    {
        Det_ReportError(ECUM_MODULE_ID, ECUM_INSTANCE_ID, ECUM_GETSTATE_SID, ECUM_E_NOT_INITIALIZED);
    279c:	2310      	movs	r3, #16
    279e:	2205      	movs	r2, #5
    27a0:	2100      	movs	r1, #0
    27a2:	200a      	movs	r0, #10
    27a4:	f7ff fa96 	bl	1cd4 <Det_ReportError>
        return E_NOT_OK;
    27a8:	2301      	movs	r3, #1
    27aa:	e00f      	b.n	27cc <EcuM_GetState+0x40>
    }
    
    if (state == NULL_PTR)
    27ac:	687b      	ldr	r3, [r7, #4]
    27ae:	2b00      	cmp	r3, #0
    27b0:	d107      	bne.n	27c2 <EcuM_GetState+0x36>
    {
        Det_ReportError(ECUM_MODULE_ID, ECUM_INSTANCE_ID, ECUM_GETSTATE_SID, ECUM_E_NULL_POINTER);
    27b2:	2312      	movs	r3, #18
    27b4:	2205      	movs	r2, #5
    27b6:	2100      	movs	r1, #0
    27b8:	200a      	movs	r0, #10
    27ba:	f7ff fa8b 	bl	1cd4 <Det_ReportError>
        return E_NOT_OK;
    27be:	2301      	movs	r3, #1
    27c0:	e004      	b.n	27cc <EcuM_GetState+0x40>
    }
#endif
    
    *state = EcuM_CurrentState;
    27c2:	4b05      	ldr	r3, [pc, #20]	@ (27d8 <EcuM_GetState+0x4c>)
    27c4:	781a      	ldrb	r2, [r3, #0]
    27c6:	687b      	ldr	r3, [r7, #4]
    27c8:	701a      	strb	r2, [r3, #0]
    return E_OK;
    27ca:	2300      	movs	r3, #0
}
    27cc:	4618      	mov	r0, r3
    27ce:	3708      	adds	r7, #8
    27d0:	46bd      	mov	sp, r7
    27d2:	bd80      	pop	{r7, pc}
    27d4:	1fff81c7 	.word	0x1fff81c7
    27d8:	1fff81c4 	.word	0x1fff81c4

000027dc <EcuM_GetSubState>:
 * @brief Get current sub-state
 * @param subState Pointer to store sub-state
 * @return E_OK if successful, E_NOT_OK otherwise
 */
Std_ReturnType EcuM_GetSubState(EcuM_SubStateType* subState)
{
    27dc:	b580      	push	{r7, lr}
    27de:	b082      	sub	sp, #8
    27e0:	af00      	add	r7, sp, #0
    27e2:	6078      	str	r0, [r7, #4]
#if (ECUM_DEV_ERROR_DETECT == STD_ON)
    if (!EcuM_IsInitialized)
    27e4:	4b0f      	ldr	r3, [pc, #60]	@ (2824 <EcuM_GetSubState+0x48>)
    27e6:	781b      	ldrb	r3, [r3, #0]
    27e8:	2b00      	cmp	r3, #0
    27ea:	d107      	bne.n	27fc <EcuM_GetSubState+0x20>
    {
        Det_ReportError(ECUM_MODULE_ID, ECUM_INSTANCE_ID, ECUM_GETSTATE_SID, ECUM_E_NOT_INITIALIZED);
    27ec:	2310      	movs	r3, #16
    27ee:	2205      	movs	r2, #5
    27f0:	2100      	movs	r1, #0
    27f2:	200a      	movs	r0, #10
    27f4:	f7ff fa6e 	bl	1cd4 <Det_ReportError>
        return E_NOT_OK;
    27f8:	2301      	movs	r3, #1
    27fa:	e00f      	b.n	281c <EcuM_GetSubState+0x40>
    }
    
    if (subState == NULL_PTR)
    27fc:	687b      	ldr	r3, [r7, #4]
    27fe:	2b00      	cmp	r3, #0
    2800:	d107      	bne.n	2812 <EcuM_GetSubState+0x36>
    {
        Det_ReportError(ECUM_MODULE_ID, ECUM_INSTANCE_ID, ECUM_GETSTATE_SID, ECUM_E_NULL_POINTER);
    2802:	2312      	movs	r3, #18
    2804:	2205      	movs	r2, #5
    2806:	2100      	movs	r1, #0
    2808:	200a      	movs	r0, #10
    280a:	f7ff fa63 	bl	1cd4 <Det_ReportError>
        return E_NOT_OK;
    280e:	2301      	movs	r3, #1
    2810:	e004      	b.n	281c <EcuM_GetSubState+0x40>
    }
#endif
    
    *subState = EcuM_CurrentSubState;
    2812:	4b05      	ldr	r3, [pc, #20]	@ (2828 <EcuM_GetSubState+0x4c>)
    2814:	781a      	ldrb	r2, [r3, #0]
    2816:	687b      	ldr	r3, [r7, #4]
    2818:	701a      	strb	r2, [r3, #0]
    return E_OK;
    281a:	2300      	movs	r3, #0
}
    281c:	4618      	mov	r0, r3
    281e:	3708      	adds	r7, #8
    2820:	46bd      	mov	sp, r7
    2822:	bd80      	pop	{r7, pc}
    2824:	1fff81c7 	.word	0x1fff81c7
    2828:	1fff8140 	.word	0x1fff8140

0000282c <EcuM_SelectShutdownTarget>:
 * @param target Shutdown target (OFF, RESET, SLEEP)
 * @param mode Mode specific to target
 * @return E_OK if successful, E_NOT_OK otherwise
 */
Std_ReturnType EcuM_SelectShutdownTarget(EcuM_ShutdownTargetType target, uint8 mode)
{
    282c:	b580      	push	{r7, lr}
    282e:	b082      	sub	sp, #8
    2830:	af00      	add	r7, sp, #0
    2832:	4603      	mov	r3, r0
    2834:	460a      	mov	r2, r1
    2836:	71fb      	strb	r3, [r7, #7]
    2838:	4613      	mov	r3, r2
    283a:	71bb      	strb	r3, [r7, #6]
#if (ECUM_DEV_ERROR_DETECT == STD_ON)
    if (!EcuM_IsInitialized)
    283c:	4b17      	ldr	r3, [pc, #92]	@ (289c <EcuM_SelectShutdownTarget+0x70>)
    283e:	781b      	ldrb	r3, [r3, #0]
    2840:	2b00      	cmp	r3, #0
    2842:	d107      	bne.n	2854 <EcuM_SelectShutdownTarget+0x28>
    {
        Det_ReportError(ECUM_MODULE_ID, ECUM_INSTANCE_ID, ECUM_SELECTSHUTDOWNTARGET_SID, ECUM_E_NOT_INITIALIZED);
    2844:	2310      	movs	r3, #16
    2846:	2204      	movs	r2, #4
    2848:	2100      	movs	r1, #0
    284a:	200a      	movs	r0, #10
    284c:	f7ff fa42 	bl	1cd4 <Det_ReportError>
        return E_NOT_OK;
    2850:	2301      	movs	r3, #1
    2852:	e01e      	b.n	2892 <EcuM_SelectShutdownTarget+0x66>
    }
    
    if ((target != ECUM_SHUTDOWN_TARGET_OFF) && 
    2854:	79fb      	ldrb	r3, [r7, #7]
    2856:	2b00      	cmp	r3, #0
    2858:	d00d      	beq.n	2876 <EcuM_SelectShutdownTarget+0x4a>
    285a:	79fb      	ldrb	r3, [r7, #7]
    285c:	2b01      	cmp	r3, #1
    285e:	d00a      	beq.n	2876 <EcuM_SelectShutdownTarget+0x4a>
        (target != ECUM_SHUTDOWN_TARGET_RESET) && 
    2860:	79fb      	ldrb	r3, [r7, #7]
    2862:	2b02      	cmp	r3, #2
    2864:	d007      	beq.n	2876 <EcuM_SelectShutdownTarget+0x4a>
        (target != ECUM_SHUTDOWN_TARGET_SLEEP))
    {
        Det_ReportError(ECUM_MODULE_ID, ECUM_INSTANCE_ID, ECUM_SELECTSHUTDOWNTARGET_SID, ECUM_E_INVALID_PAR);
    2866:	2311      	movs	r3, #17
    2868:	2204      	movs	r2, #4
    286a:	2100      	movs	r1, #0
    286c:	200a      	movs	r0, #10
    286e:	f7ff fa31 	bl	1cd4 <Det_ReportError>
        return E_NOT_OK;
    2872:	2301      	movs	r3, #1
    2874:	e00d      	b.n	2892 <EcuM_SelectShutdownTarget+0x66>
    }
#endif
    
    EcuM_ShutdownTarget = target;
    2876:	4a0a      	ldr	r2, [pc, #40]	@ (28a0 <EcuM_SelectShutdownTarget+0x74>)
    2878:	79fb      	ldrb	r3, [r7, #7]
    287a:	7013      	strb	r3, [r2, #0]
    
    if (target == ECUM_SHUTDOWN_TARGET_SLEEP)
    287c:	79fb      	ldrb	r3, [r7, #7]
    287e:	2b02      	cmp	r3, #2
    2880:	d103      	bne.n	288a <EcuM_SelectShutdownTarget+0x5e>
    {
        EcuM_SleepMode = mode;
    2882:	4a08      	ldr	r2, [pc, #32]	@ (28a4 <EcuM_SelectShutdownTarget+0x78>)
    2884:	79bb      	ldrb	r3, [r7, #6]
    2886:	7013      	strb	r3, [r2, #0]
    2888:	e002      	b.n	2890 <EcuM_SelectShutdownTarget+0x64>
    }
    else
    {
        EcuM_ShutdownMode = mode;
    288a:	4a07      	ldr	r2, [pc, #28]	@ (28a8 <EcuM_SelectShutdownTarget+0x7c>)
    288c:	79bb      	ldrb	r3, [r7, #6]
    288e:	7013      	strb	r3, [r2, #0]
    }
    
    return E_OK;
    2890:	2300      	movs	r3, #0
}
    2892:	4618      	mov	r0, r3
    2894:	3708      	adds	r7, #8
    2896:	46bd      	mov	sp, r7
    2898:	bd80      	pop	{r7, pc}
    289a:	bf00      	nop
    289c:	1fff81c7 	.word	0x1fff81c7
    28a0:	1fff81c5 	.word	0x1fff81c5
    28a4:	1fff8204 	.word	0x1fff8204
    28a8:	1fff8205 	.word	0x1fff8205

000028ac <EcuM_GetShutdownTarget>:
 * @param target Pointer to store target
 * @param mode Pointer to store mode
 * @return E_OK if successful, E_NOT_OK otherwise
 */
Std_ReturnType EcuM_GetShutdownTarget(EcuM_ShutdownTargetType* target, uint8* mode)
{
    28ac:	b580      	push	{r7, lr}
    28ae:	b082      	sub	sp, #8
    28b0:	af00      	add	r7, sp, #0
    28b2:	6078      	str	r0, [r7, #4]
    28b4:	6039      	str	r1, [r7, #0]
#if (ECUM_DEV_ERROR_DETECT == STD_ON)
    if (!EcuM_IsInitialized)
    28b6:	4b18      	ldr	r3, [pc, #96]	@ (2918 <EcuM_GetShutdownTarget+0x6c>)
    28b8:	781b      	ldrb	r3, [r3, #0]
    28ba:	2b00      	cmp	r3, #0
    28bc:	d107      	bne.n	28ce <EcuM_GetShutdownTarget+0x22>
    {
        Det_ReportError(ECUM_MODULE_ID, ECUM_INSTANCE_ID, ECUM_GETSHUTDOWNTARGET_SID, ECUM_E_NOT_INITIALIZED);
    28be:	2310      	movs	r3, #16
    28c0:	2209      	movs	r2, #9
    28c2:	2100      	movs	r1, #0
    28c4:	200a      	movs	r0, #10
    28c6:	f7ff fa05 	bl	1cd4 <Det_ReportError>
        return E_NOT_OK;
    28ca:	2301      	movs	r3, #1
    28cc:	e01f      	b.n	290e <EcuM_GetShutdownTarget+0x62>
    }
    
    if ((target == NULL_PTR) || (mode == NULL_PTR))
    28ce:	687b      	ldr	r3, [r7, #4]
    28d0:	2b00      	cmp	r3, #0
    28d2:	d002      	beq.n	28da <EcuM_GetShutdownTarget+0x2e>
    28d4:	683b      	ldr	r3, [r7, #0]
    28d6:	2b00      	cmp	r3, #0
    28d8:	d107      	bne.n	28ea <EcuM_GetShutdownTarget+0x3e>
    {
        Det_ReportError(ECUM_MODULE_ID, ECUM_INSTANCE_ID, ECUM_GETSHUTDOWNTARGET_SID, ECUM_E_NULL_POINTER);
    28da:	2312      	movs	r3, #18
    28dc:	2209      	movs	r2, #9
    28de:	2100      	movs	r1, #0
    28e0:	200a      	movs	r0, #10
    28e2:	f7ff f9f7 	bl	1cd4 <Det_ReportError>
        return E_NOT_OK;
    28e6:	2301      	movs	r3, #1
    28e8:	e011      	b.n	290e <EcuM_GetShutdownTarget+0x62>
    }
#endif
    
    *target = EcuM_ShutdownTarget;
    28ea:	4b0c      	ldr	r3, [pc, #48]	@ (291c <EcuM_GetShutdownTarget+0x70>)
    28ec:	781a      	ldrb	r2, [r3, #0]
    28ee:	687b      	ldr	r3, [r7, #4]
    28f0:	701a      	strb	r2, [r3, #0]
    
    if (EcuM_ShutdownTarget == ECUM_SHUTDOWN_TARGET_SLEEP)
    28f2:	4b0a      	ldr	r3, [pc, #40]	@ (291c <EcuM_GetShutdownTarget+0x70>)
    28f4:	781b      	ldrb	r3, [r3, #0]
    28f6:	2b02      	cmp	r3, #2
    28f8:	d104      	bne.n	2904 <EcuM_GetShutdownTarget+0x58>
    {
        *mode = EcuM_SleepMode;
    28fa:	4b09      	ldr	r3, [pc, #36]	@ (2920 <EcuM_GetShutdownTarget+0x74>)
    28fc:	781a      	ldrb	r2, [r3, #0]
    28fe:	683b      	ldr	r3, [r7, #0]
    2900:	701a      	strb	r2, [r3, #0]
    2902:	e003      	b.n	290c <EcuM_GetShutdownTarget+0x60>
    }
    else
    {
        *mode = EcuM_ShutdownMode;
    2904:	4b07      	ldr	r3, [pc, #28]	@ (2924 <EcuM_GetShutdownTarget+0x78>)
    2906:	781a      	ldrb	r2, [r3, #0]
    2908:	683b      	ldr	r3, [r7, #0]
    290a:	701a      	strb	r2, [r3, #0]
    }
    
    return E_OK;
    290c:	2300      	movs	r3, #0
}
    290e:	4618      	mov	r0, r3
    2910:	3708      	adds	r7, #8
    2912:	46bd      	mov	sp, r7
    2914:	bd80      	pop	{r7, pc}
    2916:	bf00      	nop
    2918:	1fff81c7 	.word	0x1fff81c7
    291c:	1fff81c5 	.word	0x1fff81c5
    2920:	1fff8204 	.word	0x1fff8204
    2924:	1fff8205 	.word	0x1fff8205

00002928 <EcuM_GetLastShutdownTarget>:
 * @param target Pointer to store target
 * @param mode Pointer to store mode
 * @return E_OK if successful, E_NOT_OK otherwise
 */
Std_ReturnType EcuM_GetLastShutdownTarget(EcuM_ShutdownTargetType* target, uint8* mode)
{
    2928:	b580      	push	{r7, lr}
    292a:	b082      	sub	sp, #8
    292c:	af00      	add	r7, sp, #0
    292e:	6078      	str	r0, [r7, #4]
    2930:	6039      	str	r1, [r7, #0]
#if (ECUM_DEV_ERROR_DETECT == STD_ON)
    if (!EcuM_IsInitialized)
    2932:	4b13      	ldr	r3, [pc, #76]	@ (2980 <EcuM_GetLastShutdownTarget+0x58>)
    2934:	781b      	ldrb	r3, [r3, #0]
    2936:	2b00      	cmp	r3, #0
    2938:	d107      	bne.n	294a <EcuM_GetLastShutdownTarget+0x22>
    {
        Det_ReportError(ECUM_MODULE_ID, ECUM_INSTANCE_ID, ECUM_GETLASTSHUTDOWNTARGET_SID, ECUM_E_NOT_INITIALIZED);
    293a:	2310      	movs	r3, #16
    293c:	221d      	movs	r2, #29
    293e:	2100      	movs	r1, #0
    2940:	200a      	movs	r0, #10
    2942:	f7ff f9c7 	bl	1cd4 <Det_ReportError>
        return E_NOT_OK;
    2946:	2301      	movs	r3, #1
    2948:	e015      	b.n	2976 <EcuM_GetLastShutdownTarget+0x4e>
    }
    
    if ((target == NULL_PTR) || (mode == NULL_PTR))
    294a:	687b      	ldr	r3, [r7, #4]
    294c:	2b00      	cmp	r3, #0
    294e:	d002      	beq.n	2956 <EcuM_GetLastShutdownTarget+0x2e>
    2950:	683b      	ldr	r3, [r7, #0]
    2952:	2b00      	cmp	r3, #0
    2954:	d107      	bne.n	2966 <EcuM_GetLastShutdownTarget+0x3e>
    {
        Det_ReportError(ECUM_MODULE_ID, ECUM_INSTANCE_ID, ECUM_GETLASTSHUTDOWNTARGET_SID, ECUM_E_NULL_POINTER);
    2956:	2312      	movs	r3, #18
    2958:	221d      	movs	r2, #29
    295a:	2100      	movs	r1, #0
    295c:	200a      	movs	r0, #10
    295e:	f7ff f9b9 	bl	1cd4 <Det_ReportError>
        return E_NOT_OK;
    2962:	2301      	movs	r3, #1
    2964:	e007      	b.n	2976 <EcuM_GetLastShutdownTarget+0x4e>
    }
#endif
    
    /* In a full implementation, this would be read from NV memory */
    *target = EcuM_ShutdownTarget;
    2966:	4b07      	ldr	r3, [pc, #28]	@ (2984 <EcuM_GetLastShutdownTarget+0x5c>)
    2968:	781a      	ldrb	r2, [r3, #0]
    296a:	687b      	ldr	r3, [r7, #4]
    296c:	701a      	strb	r2, [r3, #0]
    *mode = 0u;
    296e:	683b      	ldr	r3, [r7, #0]
    2970:	2200      	movs	r2, #0
    2972:	701a      	strb	r2, [r3, #0]
    
    return E_OK;
    2974:	2300      	movs	r3, #0
}
    2976:	4618      	mov	r0, r3
    2978:	3708      	adds	r7, #8
    297a:	46bd      	mov	sp, r7
    297c:	bd80      	pop	{r7, pc}
    297e:	bf00      	nop
    2980:	1fff81c7 	.word	0x1fff81c7
    2984:	1fff81c5 	.word	0x1fff81c5

00002988 <EcuM_SelectShutdownCause>:
 * @brief Select shutdown cause
 * @param cause Shutdown cause
 * @return E_OK if successful, E_NOT_OK otherwise
 */
Std_ReturnType EcuM_SelectShutdownCause(EcuM_ShutdownCauseType cause)
{
    2988:	b580      	push	{r7, lr}
    298a:	b082      	sub	sp, #8
    298c:	af00      	add	r7, sp, #0
    298e:	4603      	mov	r3, r0
    2990:	71fb      	strb	r3, [r7, #7]
#if (ECUM_DEV_ERROR_DETECT == STD_ON)
    if (!EcuM_IsInitialized)
    2992:	4b0a      	ldr	r3, [pc, #40]	@ (29bc <EcuM_SelectShutdownCause+0x34>)
    2994:	781b      	ldrb	r3, [r3, #0]
    2996:	2b00      	cmp	r3, #0
    2998:	d107      	bne.n	29aa <EcuM_SelectShutdownCause+0x22>
    {
        Det_ReportError(ECUM_MODULE_ID, ECUM_INSTANCE_ID, ECUM_SELECTSHUTDOWNCAUSE_SID, ECUM_E_NOT_INITIALIZED);
    299a:	2310      	movs	r3, #16
    299c:	221f      	movs	r2, #31
    299e:	2100      	movs	r1, #0
    29a0:	200a      	movs	r0, #10
    29a2:	f7ff f997 	bl	1cd4 <Det_ReportError>
        return E_NOT_OK;
    29a6:	2301      	movs	r3, #1
    29a8:	e003      	b.n	29b2 <EcuM_SelectShutdownCause+0x2a>
    }
#endif
    
    EcuM_ShutdownCause = cause;
    29aa:	4a05      	ldr	r2, [pc, #20]	@ (29c0 <EcuM_SelectShutdownCause+0x38>)
    29ac:	79fb      	ldrb	r3, [r7, #7]
    29ae:	7013      	strb	r3, [r2, #0]
    return E_OK;
    29b0:	2300      	movs	r3, #0
}
    29b2:	4618      	mov	r0, r3
    29b4:	3708      	adds	r7, #8
    29b6:	46bd      	mov	sp, r7
    29b8:	bd80      	pop	{r7, pc}
    29ba:	bf00      	nop
    29bc:	1fff81c7 	.word	0x1fff81c7
    29c0:	1fff8141 	.word	0x1fff8141

000029c4 <EcuM_GetShutdownCause>:
 * @brief Get shutdown cause
 * @param cause Pointer to store cause
 * @return E_OK if successful, E_NOT_OK otherwise
 */
Std_ReturnType EcuM_GetShutdownCause(EcuM_ShutdownCauseType* cause)
{
    29c4:	b580      	push	{r7, lr}
    29c6:	b082      	sub	sp, #8
    29c8:	af00      	add	r7, sp, #0
    29ca:	6078      	str	r0, [r7, #4]
#if (ECUM_DEV_ERROR_DETECT == STD_ON)
    if (!EcuM_IsInitialized)
    29cc:	4b0f      	ldr	r3, [pc, #60]	@ (2a0c <EcuM_GetShutdownCause+0x48>)
    29ce:	781b      	ldrb	r3, [r3, #0]
    29d0:	2b00      	cmp	r3, #0
    29d2:	d107      	bne.n	29e4 <EcuM_GetShutdownCause+0x20>
    {
        Det_ReportError(ECUM_MODULE_ID, ECUM_INSTANCE_ID, ECUM_GETSHUTDOWNCAUSE_SID, ECUM_E_NOT_INITIALIZED);
    29d4:	2310      	movs	r3, #16
    29d6:	221e      	movs	r2, #30
    29d8:	2100      	movs	r1, #0
    29da:	200a      	movs	r0, #10
    29dc:	f7ff f97a 	bl	1cd4 <Det_ReportError>
        return E_NOT_OK;
    29e0:	2301      	movs	r3, #1
    29e2:	e00f      	b.n	2a04 <EcuM_GetShutdownCause+0x40>
    }
    
    if (cause == NULL_PTR)
    29e4:	687b      	ldr	r3, [r7, #4]
    29e6:	2b00      	cmp	r3, #0
    29e8:	d107      	bne.n	29fa <EcuM_GetShutdownCause+0x36>
    {
        Det_ReportError(ECUM_MODULE_ID, ECUM_INSTANCE_ID, ECUM_GETSHUTDOWNCAUSE_SID, ECUM_E_NULL_POINTER);
    29ea:	2312      	movs	r3, #18
    29ec:	221e      	movs	r2, #30
    29ee:	2100      	movs	r1, #0
    29f0:	200a      	movs	r0, #10
    29f2:	f7ff f96f 	bl	1cd4 <Det_ReportError>
        return E_NOT_OK;
    29f6:	2301      	movs	r3, #1
    29f8:	e004      	b.n	2a04 <EcuM_GetShutdownCause+0x40>
    }
#endif
    
    *cause = EcuM_ShutdownCause;
    29fa:	4b05      	ldr	r3, [pc, #20]	@ (2a10 <EcuM_GetShutdownCause+0x4c>)
    29fc:	781a      	ldrb	r2, [r3, #0]
    29fe:	687b      	ldr	r3, [r7, #4]
    2a00:	701a      	strb	r2, [r3, #0]
    return E_OK;
    2a02:	2300      	movs	r3, #0
}
    2a04:	4618      	mov	r0, r3
    2a06:	3708      	adds	r7, #8
    2a08:	46bd      	mov	sp, r7
    2a0a:	bd80      	pop	{r7, pc}
    2a0c:	1fff81c7 	.word	0x1fff81c7
    2a10:	1fff8141 	.word	0x1fff8141

00002a14 <EcuM_SetWakeupEvent>:
/**
 * @brief Set wakeup event
 * @param sources Wakeup source bitmask
 */
void EcuM_SetWakeupEvent(EcuM_WakeupSourceType sources)
{
    2a14:	b580      	push	{r7, lr}
    2a16:	b084      	sub	sp, #16
    2a18:	af00      	add	r7, sp, #0
    2a1a:	6078      	str	r0, [r7, #4]
#if (ECUM_DEV_ERROR_DETECT == STD_ON)
    if (!EcuM_IsInitialized)
    2a1c:	4b1e      	ldr	r3, [pc, #120]	@ (2a98 <EcuM_SetWakeupEvent+0x84>)
    2a1e:	781b      	ldrb	r3, [r3, #0]
    2a20:	2b00      	cmp	r3, #0
    2a22:	d106      	bne.n	2a32 <EcuM_SetWakeupEvent+0x1e>
    {
        Det_ReportError(ECUM_MODULE_ID, ECUM_INSTANCE_ID, ECUM_SETWAKEUPEVENT_SID, ECUM_E_NOT_INITIALIZED);
    2a24:	2310      	movs	r3, #16
    2a26:	2207      	movs	r2, #7
    2a28:	2100      	movs	r1, #0
    2a2a:	200a      	movs	r0, #10
    2a2c:	f7ff f952 	bl	1cd4 <Det_ReportError>
        return;
    2a30:	e02f      	b.n	2a92 <EcuM_SetWakeupEvent+0x7e>
    }
#endif
    
    /* Only process enabled wakeup sources */
    sources &= EcuM_EnabledWakeupSources;
    2a32:	4b1a      	ldr	r3, [pc, #104]	@ (2a9c <EcuM_SetWakeupEvent+0x88>)
    2a34:	681b      	ldr	r3, [r3, #0]
    2a36:	687a      	ldr	r2, [r7, #4]
    2a38:	4013      	ands	r3, r2
    2a3a:	607b      	str	r3, [r7, #4]
    
    if (sources != ECUM_WKSOURCE_NONE)
    2a3c:	687b      	ldr	r3, [r7, #4]
    2a3e:	2b00      	cmp	r3, #0
    2a40:	d027      	beq.n	2a92 <EcuM_SetWakeupEvent+0x7e>
    {
        /* Add to pending events */
        EcuM_PendingWakeupEvents |= sources;
    2a42:	4b17      	ldr	r3, [pc, #92]	@ (2aa0 <EcuM_SetWakeupEvent+0x8c>)
    2a44:	681a      	ldr	r2, [r3, #0]
    2a46:	687b      	ldr	r3, [r7, #4]
    2a48:	4313      	orrs	r3, r2
    2a4a:	4a15      	ldr	r2, [pc, #84]	@ (2aa0 <EcuM_SetWakeupEvent+0x8c>)
    2a4c:	6013      	str	r3, [r2, #0]
        
        /* Set status to pending */
        uint8 i;
        for (i = 0u; i < ECUM_MAX_WAKEUP_SOURCES; i++)
    2a4e:	2300      	movs	r3, #0
    2a50:	73fb      	strb	r3, [r7, #15]
    2a52:	e017      	b.n	2a84 <EcuM_SetWakeupEvent+0x70>
        {
            if (sources & (1u << i))
    2a54:	7bfb      	ldrb	r3, [r7, #15]
    2a56:	2201      	movs	r2, #1
    2a58:	409a      	lsls	r2, r3
    2a5a:	687b      	ldr	r3, [r7, #4]
    2a5c:	4013      	ands	r3, r2
    2a5e:	2b00      	cmp	r3, #0
    2a60:	d00d      	beq.n	2a7e <EcuM_SetWakeupEvent+0x6a>
            {
                if (EcuM_WakeupStatus[i] == ECUM_WKSTATUS_NONE)
    2a62:	7bfb      	ldrb	r3, [r7, #15]
    2a64:	4a0f      	ldr	r2, [pc, #60]	@ (2aa4 <EcuM_SetWakeupEvent+0x90>)
    2a66:	5cd3      	ldrb	r3, [r2, r3]
    2a68:	2b00      	cmp	r3, #0
    2a6a:	d108      	bne.n	2a7e <EcuM_SetWakeupEvent+0x6a>
                {
                    EcuM_WakeupStatus[i] = ECUM_WKSTATUS_PENDING;
    2a6c:	7bfb      	ldrb	r3, [r7, #15]
    2a6e:	4a0d      	ldr	r2, [pc, #52]	@ (2aa4 <EcuM_SetWakeupEvent+0x90>)
    2a70:	2101      	movs	r1, #1
    2a72:	54d1      	strb	r1, [r2, r3]
                    EcuM_WakeupValidationTimer[i] = ECUM_WAKEUP_VALIDATION_TIMEOUT / ECUM_MAIN_FUNCTION_PERIOD;
    2a74:	7bfb      	ldrb	r3, [r7, #15]
    2a76:	4a0c      	ldr	r2, [pc, #48]	@ (2aa8 <EcuM_SetWakeupEvent+0x94>)
    2a78:	210a      	movs	r1, #10
    2a7a:	f842 1023 	str.w	r1, [r2, r3, lsl #2]
        for (i = 0u; i < ECUM_MAX_WAKEUP_SOURCES; i++)
    2a7e:	7bfb      	ldrb	r3, [r7, #15]
    2a80:	3301      	adds	r3, #1
    2a82:	73fb      	strb	r3, [r7, #15]
    2a84:	7bfb      	ldrb	r3, [r7, #15]
    2a86:	2b1f      	cmp	r3, #31
    2a88:	d9e4      	bls.n	2a54 <EcuM_SetWakeupEvent+0x40>
            }
        }
        
        /* Notify BswM */
#if (ECUM_BSWM_ENABLED == STD_ON)
        BswM_EcuM_CurrentWakeup(sources, ECUM_WKSTATUS_PENDING);
    2a8a:	2101      	movs	r1, #1
    2a8c:	6878      	ldr	r0, [r7, #4]
    2a8e:	f7fd ff16 	bl	8be <BswM_EcuM_CurrentWakeup>
#endif
    }
}
    2a92:	3710      	adds	r7, #16
    2a94:	46bd      	mov	sp, r7
    2a96:	bd80      	pop	{r7, pc}
    2a98:	1fff81c7 	.word	0x1fff81c7
    2a9c:	1fff8144 	.word	0x1fff8144
    2aa0:	1fff81d4 	.word	0x1fff81d4
    2aa4:	1fff81e4 	.word	0x1fff81e4
    2aa8:	1fff8210 	.word	0x1fff8210

00002aac <EcuM_ClearWakeupEvent>:
/**
 * @brief Clear wakeup event
 * @param sources Wakeup source bitmask to clear
 */
void EcuM_ClearWakeupEvent(EcuM_WakeupSourceType sources)
{
    2aac:	b580      	push	{r7, lr}
    2aae:	b084      	sub	sp, #16
    2ab0:	af00      	add	r7, sp, #0
    2ab2:	6078      	str	r0, [r7, #4]
#if (ECUM_DEV_ERROR_DETECT == STD_ON)
    if (!EcuM_IsInitialized)
    2ab4:	4b1d      	ldr	r3, [pc, #116]	@ (2b2c <EcuM_ClearWakeupEvent+0x80>)
    2ab6:	781b      	ldrb	r3, [r3, #0]
    2ab8:	2b00      	cmp	r3, #0
    2aba:	d106      	bne.n	2aca <EcuM_ClearWakeupEvent+0x1e>
    {
        Det_ReportError(ECUM_MODULE_ID, ECUM_INSTANCE_ID, ECUM_CLEARWAKEUPEVENT_SID, ECUM_E_NOT_INITIALIZED);
    2abc:	2310      	movs	r3, #16
    2abe:	2215      	movs	r2, #21
    2ac0:	2100      	movs	r1, #0
    2ac2:	200a      	movs	r0, #10
    2ac4:	f7ff f906 	bl	1cd4 <Det_ReportError>
        return;
    2ac8:	e02d      	b.n	2b26 <EcuM_ClearWakeupEvent+0x7a>
    }
#endif
    
    /* Clear from pending and validated events */
    EcuM_PendingWakeupEvents &= ~sources;
    2aca:	687b      	ldr	r3, [r7, #4]
    2acc:	43da      	mvns	r2, r3
    2ace:	4b18      	ldr	r3, [pc, #96]	@ (2b30 <EcuM_ClearWakeupEvent+0x84>)
    2ad0:	681b      	ldr	r3, [r3, #0]
    2ad2:	4013      	ands	r3, r2
    2ad4:	4a16      	ldr	r2, [pc, #88]	@ (2b30 <EcuM_ClearWakeupEvent+0x84>)
    2ad6:	6013      	str	r3, [r2, #0]
    EcuM_ValidatedWakeupEvents &= ~sources;
    2ad8:	687b      	ldr	r3, [r7, #4]
    2ada:	43da      	mvns	r2, r3
    2adc:	4b15      	ldr	r3, [pc, #84]	@ (2b34 <EcuM_ClearWakeupEvent+0x88>)
    2ade:	681b      	ldr	r3, [r3, #0]
    2ae0:	4013      	ands	r3, r2
    2ae2:	4a14      	ldr	r2, [pc, #80]	@ (2b34 <EcuM_ClearWakeupEvent+0x88>)
    2ae4:	6013      	str	r3, [r2, #0]
    EcuM_ExpiredWakeupEvents &= ~sources;
    2ae6:	687b      	ldr	r3, [r7, #4]
    2ae8:	43da      	mvns	r2, r3
    2aea:	4b13      	ldr	r3, [pc, #76]	@ (2b38 <EcuM_ClearWakeupEvent+0x8c>)
    2aec:	681b      	ldr	r3, [r3, #0]
    2aee:	4013      	ands	r3, r2
    2af0:	4a11      	ldr	r2, [pc, #68]	@ (2b38 <EcuM_ClearWakeupEvent+0x8c>)
    2af2:	6013      	str	r3, [r2, #0]
    
    /* Clear status */
    uint8 i;
    for (i = 0u; i < ECUM_MAX_WAKEUP_SOURCES; i++)
    2af4:	2300      	movs	r3, #0
    2af6:	73fb      	strb	r3, [r7, #15]
    2af8:	e012      	b.n	2b20 <EcuM_ClearWakeupEvent+0x74>
    {
        if (sources & (1u << i))
    2afa:	7bfb      	ldrb	r3, [r7, #15]
    2afc:	2201      	movs	r2, #1
    2afe:	409a      	lsls	r2, r3
    2b00:	687b      	ldr	r3, [r7, #4]
    2b02:	4013      	ands	r3, r2
    2b04:	2b00      	cmp	r3, #0
    2b06:	d008      	beq.n	2b1a <EcuM_ClearWakeupEvent+0x6e>
        {
            EcuM_WakeupStatus[i] = ECUM_WKSTATUS_NONE;
    2b08:	7bfb      	ldrb	r3, [r7, #15]
    2b0a:	4a0c      	ldr	r2, [pc, #48]	@ (2b3c <EcuM_ClearWakeupEvent+0x90>)
    2b0c:	2100      	movs	r1, #0
    2b0e:	54d1      	strb	r1, [r2, r3]
            EcuM_WakeupValidationTimer[i] = 0u;
    2b10:	7bfb      	ldrb	r3, [r7, #15]
    2b12:	4a0b      	ldr	r2, [pc, #44]	@ (2b40 <EcuM_ClearWakeupEvent+0x94>)
    2b14:	2100      	movs	r1, #0
    2b16:	f842 1023 	str.w	r1, [r2, r3, lsl #2]
    for (i = 0u; i < ECUM_MAX_WAKEUP_SOURCES; i++)
    2b1a:	7bfb      	ldrb	r3, [r7, #15]
    2b1c:	3301      	adds	r3, #1
    2b1e:	73fb      	strb	r3, [r7, #15]
    2b20:	7bfb      	ldrb	r3, [r7, #15]
    2b22:	2b1f      	cmp	r3, #31
    2b24:	d9e9      	bls.n	2afa <EcuM_ClearWakeupEvent+0x4e>
        }
    }
}
    2b26:	3710      	adds	r7, #16
    2b28:	46bd      	mov	sp, r7
    2b2a:	bd80      	pop	{r7, pc}
    2b2c:	1fff81c7 	.word	0x1fff81c7
    2b30:	1fff81d4 	.word	0x1fff81d4
    2b34:	1fff81d8 	.word	0x1fff81d8
    2b38:	1fff81dc 	.word	0x1fff81dc
    2b3c:	1fff81e4 	.word	0x1fff81e4
    2b40:	1fff8210 	.word	0x1fff8210

00002b44 <EcuM_CheckWakeup>:
/**
 * @brief Check wakeup sources
 * @param sources Wakeup sources to check
 */
void EcuM_CheckWakeup(EcuM_WakeupSourceType sources)
{
    2b44:	b580      	push	{r7, lr}
    2b46:	b082      	sub	sp, #8
    2b48:	af00      	add	r7, sp, #0
    2b4a:	6078      	str	r0, [r7, #4]
#if (ECUM_DEV_ERROR_DETECT == STD_ON)
    if (!EcuM_IsInitialized)
    2b4c:	4b06      	ldr	r3, [pc, #24]	@ (2b68 <EcuM_CheckWakeup+0x24>)
    2b4e:	781b      	ldrb	r3, [r3, #0]
    2b50:	2b00      	cmp	r3, #0
    2b52:	d106      	bne.n	2b62 <EcuM_CheckWakeup+0x1e>
    {
        Det_ReportError(ECUM_MODULE_ID, ECUM_INSTANCE_ID, ECUM_CHECKWAKEUP_SID, ECUM_E_NOT_INITIALIZED);
    2b54:	2310      	movs	r3, #16
    2b56:	2216      	movs	r2, #22
    2b58:	2100      	movs	r1, #0
    2b5a:	200a      	movs	r0, #10
    2b5c:	f7ff f8ba 	bl	1cd4 <Det_ReportError>
        return;
    2b60:	bf00      	nop
    
#if (ECUM_CHECK_WAKEUP_ENABLED == STD_ON)
    /* EcuM_AL_CheckWakeup would be called here */
    (void)sources;
#endif
}
    2b62:	3708      	adds	r7, #8
    2b64:	46bd      	mov	sp, r7
    2b66:	bd80      	pop	{r7, pc}
    2b68:	1fff81c7 	.word	0x1fff81c7

00002b6c <EcuM_EnableWakeupSources>:
 * @brief Enable wakeup sources
 * @param sources Wakeup source bitmask
 * @return E_OK if successful, E_NOT_OK otherwise
 */
Std_ReturnType EcuM_EnableWakeupSources(EcuM_WakeupSourceType sources)
{
    2b6c:	b580      	push	{r7, lr}
    2b6e:	b082      	sub	sp, #8
    2b70:	af00      	add	r7, sp, #0
    2b72:	6078      	str	r0, [r7, #4]
#if (ECUM_DEV_ERROR_DETECT == STD_ON)
    if (!EcuM_IsInitialized)
    2b74:	4b0b      	ldr	r3, [pc, #44]	@ (2ba4 <EcuM_EnableWakeupSources+0x38>)
    2b76:	781b      	ldrb	r3, [r3, #0]
    2b78:	2b00      	cmp	r3, #0
    2b7a:	d107      	bne.n	2b8c <EcuM_EnableWakeupSources+0x20>
    {
        Det_ReportError(ECUM_MODULE_ID, ECUM_INSTANCE_ID, ECUM_ENABLEWAKEUPSOURCES_SID, ECUM_E_NOT_INITIALIZED);
    2b7c:	2310      	movs	r3, #16
    2b7e:	2217      	movs	r2, #23
    2b80:	2100      	movs	r1, #0
    2b82:	200a      	movs	r0, #10
    2b84:	f7ff f8a6 	bl	1cd4 <Det_ReportError>
        return E_NOT_OK;
    2b88:	2301      	movs	r3, #1
    2b8a:	e006      	b.n	2b9a <EcuM_EnableWakeupSources+0x2e>
    }
#endif
    
    /* Add to enabled sources */
    EcuM_EnabledWakeupSources |= sources;
    2b8c:	4b06      	ldr	r3, [pc, #24]	@ (2ba8 <EcuM_EnableWakeupSources+0x3c>)
    2b8e:	681a      	ldr	r2, [r3, #0]
    2b90:	687b      	ldr	r3, [r7, #4]
    2b92:	4313      	orrs	r3, r2
    2b94:	4a04      	ldr	r2, [pc, #16]	@ (2ba8 <EcuM_EnableWakeupSources+0x3c>)
    2b96:	6013      	str	r3, [r2, #0]
    
    /* Enable in hardware - call integrator callout */
    /* EcuM_AL_EnableWakeupSources(sources); */
    
    return E_OK;
    2b98:	2300      	movs	r3, #0
}
    2b9a:	4618      	mov	r0, r3
    2b9c:	3708      	adds	r7, #8
    2b9e:	46bd      	mov	sp, r7
    2ba0:	bd80      	pop	{r7, pc}
    2ba2:	bf00      	nop
    2ba4:	1fff81c7 	.word	0x1fff81c7
    2ba8:	1fff8144 	.word	0x1fff8144

00002bac <EcuM_DisableWakeupSources>:
 * @brief Disable wakeup sources
 * @param sources Wakeup source bitmask
 * @return E_OK if successful, E_NOT_OK otherwise
 */
Std_ReturnType EcuM_DisableWakeupSources(EcuM_WakeupSourceType sources)
{
    2bac:	b580      	push	{r7, lr}
    2bae:	b082      	sub	sp, #8
    2bb0:	af00      	add	r7, sp, #0
    2bb2:	6078      	str	r0, [r7, #4]
#if (ECUM_DEV_ERROR_DETECT == STD_ON)
    if (!EcuM_IsInitialized)
    2bb4:	4b0b      	ldr	r3, [pc, #44]	@ (2be4 <EcuM_DisableWakeupSources+0x38>)
    2bb6:	781b      	ldrb	r3, [r3, #0]
    2bb8:	2b00      	cmp	r3, #0
    2bba:	d107      	bne.n	2bcc <EcuM_DisableWakeupSources+0x20>
    {
        Det_ReportError(ECUM_MODULE_ID, ECUM_INSTANCE_ID, ECUM_DISABLEWAKEUPSOURCES_SID, ECUM_E_NOT_INITIALIZED);
    2bbc:	2310      	movs	r3, #16
    2bbe:	2218      	movs	r2, #24
    2bc0:	2100      	movs	r1, #0
    2bc2:	200a      	movs	r0, #10
    2bc4:	f7ff f886 	bl	1cd4 <Det_ReportError>
        return E_NOT_OK;
    2bc8:	2301      	movs	r3, #1
    2bca:	e007      	b.n	2bdc <EcuM_DisableWakeupSources+0x30>
    }
#endif
    
    /* Remove from enabled sources */
    EcuM_EnabledWakeupSources &= ~sources;
    2bcc:	687b      	ldr	r3, [r7, #4]
    2bce:	43da      	mvns	r2, r3
    2bd0:	4b05      	ldr	r3, [pc, #20]	@ (2be8 <EcuM_DisableWakeupSources+0x3c>)
    2bd2:	681b      	ldr	r3, [r3, #0]
    2bd4:	4013      	ands	r3, r2
    2bd6:	4a04      	ldr	r2, [pc, #16]	@ (2be8 <EcuM_DisableWakeupSources+0x3c>)
    2bd8:	6013      	str	r3, [r2, #0]
    
    /* Disable in hardware - call integrator callout */
    /* EcuM_AL_DisableWakeupSources(sources); */
    
    return E_OK;
    2bda:	2300      	movs	r3, #0
}
    2bdc:	4618      	mov	r0, r3
    2bde:	3708      	adds	r7, #8
    2be0:	46bd      	mov	sp, r7
    2be2:	bd80      	pop	{r7, pc}
    2be4:	1fff81c7 	.word	0x1fff81c7
    2be8:	1fff8144 	.word	0x1fff8144

00002bec <EcuM_GetStatusOfWakeupSource>:
 * @brief Get status of wakeup source
 * @param sources Wakeup source (single bit)
 * @return Wakeup status
 */
EcuM_WakeupStatusType EcuM_GetStatusOfWakeupSource(EcuM_WakeupSourceType sources)
{
    2bec:	b580      	push	{r7, lr}
    2bee:	b084      	sub	sp, #16
    2bf0:	af00      	add	r7, sp, #0
    2bf2:	6078      	str	r0, [r7, #4]
#if (ECUM_DEV_ERROR_DETECT == STD_ON)
    if (!EcuM_IsInitialized)
    2bf4:	4b16      	ldr	r3, [pc, #88]	@ (2c50 <EcuM_GetStatusOfWakeupSource+0x64>)
    2bf6:	781b      	ldrb	r3, [r3, #0]
    2bf8:	2b00      	cmp	r3, #0
    2bfa:	d107      	bne.n	2c0c <EcuM_GetStatusOfWakeupSource+0x20>
    {
        Det_ReportError(ECUM_MODULE_ID, ECUM_INSTANCE_ID, ECUM_GETSTATUSOFWAKEUPSOURCE_SID, ECUM_E_NOT_INITIALIZED);
    2bfc:	2310      	movs	r3, #16
    2bfe:	2219      	movs	r2, #25
    2c00:	2100      	movs	r1, #0
    2c02:	200a      	movs	r0, #10
    2c04:	f7ff f866 	bl	1cd4 <Det_ReportError>
        return ECUM_WKSTATUS_NONE;
    2c08:	2300      	movs	r3, #0
    2c0a:	e01d      	b.n	2c48 <EcuM_GetStatusOfWakeupSource+0x5c>
    }
    
    if ((sources == ECUM_WKSOURCE_NONE) || ((sources & (sources - 1u)) != 0u))
    2c0c:	687b      	ldr	r3, [r7, #4]
    2c0e:	2b00      	cmp	r3, #0
    2c10:	d005      	beq.n	2c1e <EcuM_GetStatusOfWakeupSource+0x32>
    2c12:	687b      	ldr	r3, [r7, #4]
    2c14:	1e5a      	subs	r2, r3, #1
    2c16:	687b      	ldr	r3, [r7, #4]
    2c18:	4013      	ands	r3, r2
    2c1a:	2b00      	cmp	r3, #0
    2c1c:	d007      	beq.n	2c2e <EcuM_GetStatusOfWakeupSource+0x42>
    {
        /* Multiple or no sources specified */
        Det_ReportError(ECUM_MODULE_ID, ECUM_INSTANCE_ID, ECUM_GETSTATUSOFWAKEUPSOURCE_SID, ECUM_E_INVALID_PAR);
    2c1e:	2311      	movs	r3, #17
    2c20:	2219      	movs	r2, #25
    2c22:	2100      	movs	r1, #0
    2c24:	200a      	movs	r0, #10
    2c26:	f7ff f855 	bl	1cd4 <Det_ReportError>
        return ECUM_WKSTATUS_NONE;
    2c2a:	2300      	movs	r3, #0
    2c2c:	e00c      	b.n	2c48 <EcuM_GetStatusOfWakeupSource+0x5c>
    }
#endif
    
    uint8 index = EcuM_GetWakeupSourceIndex(sources);
    2c2e:	6878      	ldr	r0, [r7, #4]
    2c30:	f000 f8fe 	bl	2e30 <EcuM_GetWakeupSourceIndex>
    2c34:	4603      	mov	r3, r0
    2c36:	73fb      	strb	r3, [r7, #15]
    
    if (index < ECUM_MAX_WAKEUP_SOURCES)
    2c38:	7bfb      	ldrb	r3, [r7, #15]
    2c3a:	2b1f      	cmp	r3, #31
    2c3c:	d803      	bhi.n	2c46 <EcuM_GetStatusOfWakeupSource+0x5a>
    {
        return EcuM_WakeupStatus[index];
    2c3e:	7bfb      	ldrb	r3, [r7, #15]
    2c40:	4a04      	ldr	r2, [pc, #16]	@ (2c54 <EcuM_GetStatusOfWakeupSource+0x68>)
    2c42:	5cd3      	ldrb	r3, [r2, r3]
    2c44:	e000      	b.n	2c48 <EcuM_GetStatusOfWakeupSource+0x5c>
    }
    
    return ECUM_WKSTATUS_NONE;
    2c46:	2300      	movs	r3, #0
}
    2c48:	4618      	mov	r0, r3
    2c4a:	3710      	adds	r7, #16
    2c4c:	46bd      	mov	sp, r7
    2c4e:	bd80      	pop	{r7, pc}
    2c50:	1fff81c7 	.word	0x1fff81c7
    2c54:	1fff81e4 	.word	0x1fff81e4

00002c58 <EcuM_GetWakeupSources>:
 * @brief Get all pending/validated wakeup sources
 * @param sources Pointer to store sources
 * @return E_OK if successful, E_NOT_OK otherwise
 */
Std_ReturnType EcuM_GetWakeupSources(EcuM_WakeupSourceType* sources)
{
    2c58:	b580      	push	{r7, lr}
    2c5a:	b082      	sub	sp, #8
    2c5c:	af00      	add	r7, sp, #0
    2c5e:	6078      	str	r0, [r7, #4]
#if (ECUM_DEV_ERROR_DETECT == STD_ON)
    if (!EcuM_IsInitialized)
    2c60:	4b11      	ldr	r3, [pc, #68]	@ (2ca8 <EcuM_GetWakeupSources+0x50>)
    2c62:	781b      	ldrb	r3, [r3, #0]
    2c64:	2b00      	cmp	r3, #0
    2c66:	d107      	bne.n	2c78 <EcuM_GetWakeupSources+0x20>
    {
        Det_ReportError(ECUM_MODULE_ID, ECUM_INSTANCE_ID, ECUM_GETWAKEUPSOURCES_SID, ECUM_E_NOT_INITIALIZED);
    2c68:	2310      	movs	r3, #16
    2c6a:	221a      	movs	r2, #26
    2c6c:	2100      	movs	r1, #0
    2c6e:	200a      	movs	r0, #10
    2c70:	f7ff f830 	bl	1cd4 <Det_ReportError>
        return E_NOT_OK;
    2c74:	2301      	movs	r3, #1
    2c76:	e012      	b.n	2c9e <EcuM_GetWakeupSources+0x46>
    }
    
    if (sources == NULL_PTR)
    2c78:	687b      	ldr	r3, [r7, #4]
    2c7a:	2b00      	cmp	r3, #0
    2c7c:	d107      	bne.n	2c8e <EcuM_GetWakeupSources+0x36>
    {
        Det_ReportError(ECUM_MODULE_ID, ECUM_INSTANCE_ID, ECUM_GETWAKEUPSOURCES_SID, ECUM_E_NULL_POINTER);
    2c7e:	2312      	movs	r3, #18
    2c80:	221a      	movs	r2, #26
    2c82:	2100      	movs	r1, #0
    2c84:	200a      	movs	r0, #10
    2c86:	f7ff f825 	bl	1cd4 <Det_ReportError>
        return E_NOT_OK;
    2c8a:	2301      	movs	r3, #1
    2c8c:	e007      	b.n	2c9e <EcuM_GetWakeupSources+0x46>
    }
#endif
    
    *sources = EcuM_PendingWakeupEvents | EcuM_ValidatedWakeupEvents;
    2c8e:	4b07      	ldr	r3, [pc, #28]	@ (2cac <EcuM_GetWakeupSources+0x54>)
    2c90:	681a      	ldr	r2, [r3, #0]
    2c92:	4b07      	ldr	r3, [pc, #28]	@ (2cb0 <EcuM_GetWakeupSources+0x58>)
    2c94:	681b      	ldr	r3, [r3, #0]
    2c96:	431a      	orrs	r2, r3
    2c98:	687b      	ldr	r3, [r7, #4]
    2c9a:	601a      	str	r2, [r3, #0]
    return E_OK;
    2c9c:	2300      	movs	r3, #0
}
    2c9e:	4618      	mov	r0, r3
    2ca0:	3708      	adds	r7, #8
    2ca2:	46bd      	mov	sp, r7
    2ca4:	bd80      	pop	{r7, pc}
    2ca6:	bf00      	nop
    2ca8:	1fff81c7 	.word	0x1fff81c7
    2cac:	1fff81d4 	.word	0x1fff81d4
    2cb0:	1fff81d8 	.word	0x1fff81d8

00002cb4 <EcuM_CheckValidation>:
 * @brief Check validation of wakeup source
 * @param source Single wakeup source
 * @return E_OK if validated, E_NOT_OK otherwise
 */
Std_ReturnType EcuM_CheckValidation(EcuM_WakeupSourceType source)
{
    2cb4:	b580      	push	{r7, lr}
    2cb6:	b084      	sub	sp, #16
    2cb8:	af00      	add	r7, sp, #0
    2cba:	6078      	str	r0, [r7, #4]
#if (ECUM_DEV_ERROR_DETECT == STD_ON)
    if (!EcuM_IsInitialized)
    2cbc:	4b0f      	ldr	r3, [pc, #60]	@ (2cfc <EcuM_CheckValidation+0x48>)
    2cbe:	781b      	ldrb	r3, [r3, #0]
    2cc0:	2b00      	cmp	r3, #0
    2cc2:	d107      	bne.n	2cd4 <EcuM_CheckValidation+0x20>
    {
        Det_ReportError(ECUM_MODULE_ID, ECUM_INSTANCE_ID, ECUM_VALIDATEMCUWAKEUPEVENT_SID, ECUM_E_NOT_INITIALIZED);
    2cc4:	2310      	movs	r3, #16
    2cc6:	2208      	movs	r2, #8
    2cc8:	2100      	movs	r1, #0
    2cca:	200a      	movs	r0, #10
    2ccc:	f7ff f802 	bl	1cd4 <Det_ReportError>
        return E_NOT_OK;
    2cd0:	2301      	movs	r3, #1
    2cd2:	e00f      	b.n	2cf4 <EcuM_CheckValidation+0x40>
    }
#endif
    
    uint8 index = EcuM_GetWakeupSourceIndex(source);
    2cd4:	6878      	ldr	r0, [r7, #4]
    2cd6:	f000 f8ab 	bl	2e30 <EcuM_GetWakeupSourceIndex>
    2cda:	4603      	mov	r3, r0
    2cdc:	73fb      	strb	r3, [r7, #15]
    
    if ((index < ECUM_MAX_WAKEUP_SOURCES) && 
    2cde:	7bfb      	ldrb	r3, [r7, #15]
    2ce0:	2b1f      	cmp	r3, #31
    2ce2:	d806      	bhi.n	2cf2 <EcuM_CheckValidation+0x3e>
        (EcuM_WakeupStatus[index] == ECUM_WKSTATUS_VALIDATED))
    2ce4:	7bfb      	ldrb	r3, [r7, #15]
    2ce6:	4a06      	ldr	r2, [pc, #24]	@ (2d00 <EcuM_CheckValidation+0x4c>)
    2ce8:	5cd3      	ldrb	r3, [r2, r3]
    if ((index < ECUM_MAX_WAKEUP_SOURCES) && 
    2cea:	2b02      	cmp	r3, #2
    2cec:	d101      	bne.n	2cf2 <EcuM_CheckValidation+0x3e>
    {
        return E_OK;
    2cee:	2300      	movs	r3, #0
    2cf0:	e000      	b.n	2cf4 <EcuM_CheckValidation+0x40>
    }
    
    return E_NOT_OK;
    2cf2:	2301      	movs	r3, #1
}
    2cf4:	4618      	mov	r0, r3
    2cf6:	3710      	adds	r7, #16
    2cf8:	46bd      	mov	sp, r7
    2cfa:	bd80      	pop	{r7, pc}
    2cfc:	1fff81c7 	.word	0x1fff81c7
    2d00:	1fff81e4 	.word	0x1fff81e4

00002d04 <EcuM_ValidateWakeupSources>:
/**
 * @brief Validate pending wakeup sources
 * @details Called periodically to validate pending wakeups
 */
static void EcuM_ValidateWakeupSources(void)
{
    2d04:	b580      	push	{r7, lr}
    2d06:	b082      	sub	sp, #8
    2d08:	af00      	add	r7, sp, #0
    uint8 i;
    EcuM_WakeupSourceType validatedSources = 0u;
    2d0a:	2300      	movs	r3, #0
    2d0c:	603b      	str	r3, [r7, #0]
    
    for (i = 0u; i < ECUM_MAX_WAKEUP_SOURCES; i++)
    2d0e:	2300      	movs	r3, #0
    2d10:	71fb      	strb	r3, [r7, #7]
    2d12:	e026      	b.n	2d62 <EcuM_ValidateWakeupSources+0x5e>
    {
        if (EcuM_WakeupStatus[i] == ECUM_WKSTATUS_PENDING)
    2d14:	79fb      	ldrb	r3, [r7, #7]
    2d16:	4a20      	ldr	r2, [pc, #128]	@ (2d98 <EcuM_ValidateWakeupSources+0x94>)
    2d18:	5cd3      	ldrb	r3, [r2, r3]
    2d1a:	2b01      	cmp	r3, #1
    2d1c:	d11e      	bne.n	2d5c <EcuM_ValidateWakeupSources+0x58>
        {
            if (EcuM_WakeupValidationTimer[i] > 0u)
    2d1e:	79fb      	ldrb	r3, [r7, #7]
    2d20:	4a1e      	ldr	r2, [pc, #120]	@ (2d9c <EcuM_ValidateWakeupSources+0x98>)
    2d22:	f852 3023 	ldr.w	r3, [r2, r3, lsl #2]
    2d26:	2b00      	cmp	r3, #0
    2d28:	d018      	beq.n	2d5c <EcuM_ValidateWakeupSources+0x58>
            {
                EcuM_WakeupValidationTimer[i]--;
    2d2a:	79fb      	ldrb	r3, [r7, #7]
    2d2c:	4a1b      	ldr	r2, [pc, #108]	@ (2d9c <EcuM_ValidateWakeupSources+0x98>)
    2d2e:	f852 2023 	ldr.w	r2, [r2, r3, lsl #2]
    2d32:	3a01      	subs	r2, #1
    2d34:	4919      	ldr	r1, [pc, #100]	@ (2d9c <EcuM_ValidateWakeupSources+0x98>)
    2d36:	f841 2023 	str.w	r2, [r1, r3, lsl #2]
                
                /* Check if source is valid */
                /* In real implementation, this would check hardware state */
                if (EcuM_WakeupValidationTimer[i] == 0u)
    2d3a:	79fb      	ldrb	r3, [r7, #7]
    2d3c:	4a17      	ldr	r2, [pc, #92]	@ (2d9c <EcuM_ValidateWakeupSources+0x98>)
    2d3e:	f852 3023 	ldr.w	r3, [r2, r3, lsl #2]
    2d42:	2b00      	cmp	r3, #0
    2d44:	d10a      	bne.n	2d5c <EcuM_ValidateWakeupSources+0x58>
                {
                    /* Validation successful - move to validated */
                    EcuM_WakeupStatus[i] = ECUM_WKSTATUS_VALIDATED;
    2d46:	79fb      	ldrb	r3, [r7, #7]
    2d48:	4a13      	ldr	r2, [pc, #76]	@ (2d98 <EcuM_ValidateWakeupSources+0x94>)
    2d4a:	2102      	movs	r1, #2
    2d4c:	54d1      	strb	r1, [r2, r3]
                    validatedSources |= (1u << i);
    2d4e:	79fb      	ldrb	r3, [r7, #7]
    2d50:	2201      	movs	r2, #1
    2d52:	fa02 f303 	lsl.w	r3, r2, r3
    2d56:	683a      	ldr	r2, [r7, #0]
    2d58:	4313      	orrs	r3, r2
    2d5a:	603b      	str	r3, [r7, #0]
    for (i = 0u; i < ECUM_MAX_WAKEUP_SOURCES; i++)
    2d5c:	79fb      	ldrb	r3, [r7, #7]
    2d5e:	3301      	adds	r3, #1
    2d60:	71fb      	strb	r3, [r7, #7]
    2d62:	79fb      	ldrb	r3, [r7, #7]
    2d64:	2b1f      	cmp	r3, #31
    2d66:	d9d5      	bls.n	2d14 <EcuM_ValidateWakeupSources+0x10>
                }
            }
        }
    }
    
    if (validatedSources != 0u)
    2d68:	683b      	ldr	r3, [r7, #0]
    2d6a:	2b00      	cmp	r3, #0
    2d6c:	d010      	beq.n	2d90 <EcuM_ValidateWakeupSources+0x8c>
    {
        EcuM_PendingWakeupEvents &= ~validatedSources;
    2d6e:	683b      	ldr	r3, [r7, #0]
    2d70:	43da      	mvns	r2, r3
    2d72:	4b0b      	ldr	r3, [pc, #44]	@ (2da0 <EcuM_ValidateWakeupSources+0x9c>)
    2d74:	681b      	ldr	r3, [r3, #0]
    2d76:	4013      	ands	r3, r2
    2d78:	4a09      	ldr	r2, [pc, #36]	@ (2da0 <EcuM_ValidateWakeupSources+0x9c>)
    2d7a:	6013      	str	r3, [r2, #0]
        EcuM_ValidatedWakeupEvents |= validatedSources;
    2d7c:	4b09      	ldr	r3, [pc, #36]	@ (2da4 <EcuM_ValidateWakeupSources+0xa0>)
    2d7e:	681a      	ldr	r2, [r3, #0]
    2d80:	683b      	ldr	r3, [r7, #0]
    2d82:	4313      	orrs	r3, r2
    2d84:	4a07      	ldr	r2, [pc, #28]	@ (2da4 <EcuM_ValidateWakeupSources+0xa0>)
    2d86:	6013      	str	r3, [r2, #0]
        
        /* Notify BswM */
#if (ECUM_BSWM_ENABLED == STD_ON)
        BswM_EcuM_CurrentWakeup(validatedSources, ECUM_WKSTATUS_VALIDATED);
    2d88:	2102      	movs	r1, #2
    2d8a:	6838      	ldr	r0, [r7, #0]
    2d8c:	f7fd fd97 	bl	8be <BswM_EcuM_CurrentWakeup>
#endif
    }
}
    2d90:	bf00      	nop
    2d92:	3708      	adds	r7, #8
    2d94:	46bd      	mov	sp, r7
    2d96:	bd80      	pop	{r7, pc}
    2d98:	1fff81e4 	.word	0x1fff81e4
    2d9c:	1fff8210 	.word	0x1fff8210
    2da0:	1fff81d4 	.word	0x1fff81d4
    2da4:	1fff81d8 	.word	0x1fff81d8

00002da8 <EcuM_ExpireWakeupSources>:

/**
 * @brief Expire wakeup sources that failed validation
 */
static void EcuM_ExpireWakeupSources(void)
{
    2da8:	b580      	push	{r7, lr}
    2daa:	b082      	sub	sp, #8
    2dac:	af00      	add	r7, sp, #0
    uint8 i;
    EcuM_WakeupSourceType expiredSources = 0u;
    2dae:	2300      	movs	r3, #0
    2db0:	603b      	str	r3, [r7, #0]
    
    for (i = 0u; i < ECUM_MAX_WAKEUP_SOURCES; i++)
    2db2:	2300      	movs	r3, #0
    2db4:	71fb      	strb	r3, [r7, #7]
    2db6:	e018      	b.n	2dea <EcuM_ExpireWakeupSources+0x42>
    {
        if (EcuM_WakeupStatus[i] == ECUM_WKSTATUS_PENDING)
    2db8:	79fb      	ldrb	r3, [r7, #7]
    2dba:	4a19      	ldr	r2, [pc, #100]	@ (2e20 <EcuM_ExpireWakeupSources+0x78>)
    2dbc:	5cd3      	ldrb	r3, [r2, r3]
    2dbe:	2b01      	cmp	r3, #1
    2dc0:	d110      	bne.n	2de4 <EcuM_ExpireWakeupSources+0x3c>
        {
            /* If validation timer expired without validation, mark as expired */
            if (EcuM_WakeupValidationTimer[i] == 0u)
    2dc2:	79fb      	ldrb	r3, [r7, #7]
    2dc4:	4a17      	ldr	r2, [pc, #92]	@ (2e24 <EcuM_ExpireWakeupSources+0x7c>)
    2dc6:	f852 3023 	ldr.w	r3, [r2, r3, lsl #2]
    2dca:	2b00      	cmp	r3, #0
    2dcc:	d10a      	bne.n	2de4 <EcuM_ExpireWakeupSources+0x3c>
            {
                EcuM_WakeupStatus[i] = ECUM_WKSTATUS_EXPIRED;
    2dce:	79fb      	ldrb	r3, [r7, #7]
    2dd0:	4a13      	ldr	r2, [pc, #76]	@ (2e20 <EcuM_ExpireWakeupSources+0x78>)
    2dd2:	2103      	movs	r1, #3
    2dd4:	54d1      	strb	r1, [r2, r3]
                expiredSources |= (1u << i);
    2dd6:	79fb      	ldrb	r3, [r7, #7]
    2dd8:	2201      	movs	r2, #1
    2dda:	fa02 f303 	lsl.w	r3, r2, r3
    2dde:	683a      	ldr	r2, [r7, #0]
    2de0:	4313      	orrs	r3, r2
    2de2:	603b      	str	r3, [r7, #0]
    for (i = 0u; i < ECUM_MAX_WAKEUP_SOURCES; i++)
    2de4:	79fb      	ldrb	r3, [r7, #7]
    2de6:	3301      	adds	r3, #1
    2de8:	71fb      	strb	r3, [r7, #7]
    2dea:	79fb      	ldrb	r3, [r7, #7]
    2dec:	2b1f      	cmp	r3, #31
    2dee:	d9e3      	bls.n	2db8 <EcuM_ExpireWakeupSources+0x10>
            }
        }
    }
    
    if (expiredSources != 0u)
    2df0:	683b      	ldr	r3, [r7, #0]
    2df2:	2b00      	cmp	r3, #0
    2df4:	d010      	beq.n	2e18 <EcuM_ExpireWakeupSources+0x70>
    {
        EcuM_PendingWakeupEvents &= ~expiredSources;
    2df6:	683b      	ldr	r3, [r7, #0]
    2df8:	43da      	mvns	r2, r3
    2dfa:	4b0b      	ldr	r3, [pc, #44]	@ (2e28 <EcuM_ExpireWakeupSources+0x80>)
    2dfc:	681b      	ldr	r3, [r3, #0]
    2dfe:	4013      	ands	r3, r2
    2e00:	4a09      	ldr	r2, [pc, #36]	@ (2e28 <EcuM_ExpireWakeupSources+0x80>)
    2e02:	6013      	str	r3, [r2, #0]
        EcuM_ExpiredWakeupEvents |= expiredSources;
    2e04:	4b09      	ldr	r3, [pc, #36]	@ (2e2c <EcuM_ExpireWakeupSources+0x84>)
    2e06:	681a      	ldr	r2, [r3, #0]
    2e08:	683b      	ldr	r3, [r7, #0]
    2e0a:	4313      	orrs	r3, r2
    2e0c:	4a07      	ldr	r2, [pc, #28]	@ (2e2c <EcuM_ExpireWakeupSources+0x84>)
    2e0e:	6013      	str	r3, [r2, #0]
        
        /* Notify BswM */
#if (ECUM_BSWM_ENABLED == STD_ON)
        BswM_EcuM_CurrentWakeup(expiredSources, ECUM_WKSTATUS_EXPIRED);
    2e10:	2103      	movs	r1, #3
    2e12:	6838      	ldr	r0, [r7, #0]
    2e14:	f7fd fd53 	bl	8be <BswM_EcuM_CurrentWakeup>
#endif
    }
}
    2e18:	bf00      	nop
    2e1a:	3708      	adds	r7, #8
    2e1c:	46bd      	mov	sp, r7
    2e1e:	bd80      	pop	{r7, pc}
    2e20:	1fff81e4 	.word	0x1fff81e4
    2e24:	1fff8210 	.word	0x1fff8210
    2e28:	1fff81d4 	.word	0x1fff81d4
    2e2c:	1fff81dc 	.word	0x1fff81dc

00002e30 <EcuM_GetWakeupSourceIndex>:
 * @brief Get index of wakeup source
 * @param source Wakeup source bitmask (single bit)
 * @return Index of source, or 0xFF if invalid
 */
static uint8 EcuM_GetWakeupSourceIndex(EcuM_WakeupSourceType source)
{
    2e30:	b480      	push	{r7}
    2e32:	b085      	sub	sp, #20
    2e34:	af00      	add	r7, sp, #0
    2e36:	6078      	str	r0, [r7, #4]
    uint8 index = 0u;
    2e38:	2300      	movs	r3, #0
    2e3a:	73fb      	strb	r3, [r7, #15]
    
    while ((source > 1u) && (index < ECUM_MAX_WAKEUP_SOURCES))
    2e3c:	e005      	b.n	2e4a <EcuM_GetWakeupSourceIndex+0x1a>
    {
        source >>= 1u;
    2e3e:	687b      	ldr	r3, [r7, #4]
    2e40:	085b      	lsrs	r3, r3, #1
    2e42:	607b      	str	r3, [r7, #4]
        index++;
    2e44:	7bfb      	ldrb	r3, [r7, #15]
    2e46:	3301      	adds	r3, #1
    2e48:	73fb      	strb	r3, [r7, #15]
    while ((source > 1u) && (index < ECUM_MAX_WAKEUP_SOURCES))
    2e4a:	687b      	ldr	r3, [r7, #4]
    2e4c:	2b01      	cmp	r3, #1
    2e4e:	d902      	bls.n	2e56 <EcuM_GetWakeupSourceIndex+0x26>
    2e50:	7bfb      	ldrb	r3, [r7, #15]
    2e52:	2b1f      	cmp	r3, #31
    2e54:	d9f3      	bls.n	2e3e <EcuM_GetWakeupSourceIndex+0xe>
    }
    
    return index;
    2e56:	7bfb      	ldrb	r3, [r7, #15]
}
    2e58:	4618      	mov	r0, r3
    2e5a:	3714      	adds	r7, #20
    2e5c:	46bd      	mov	sp, r7
    2e5e:	bc80      	pop	{r7}
    2e60:	4770      	bx	lr

00002e62 <EcuM_IsValidWakeupSource>:
 * @brief Check if wakeup source is valid
 * @param source Wakeup source to check
 * @return TRUE if valid, FALSE otherwise
 */
static boolean EcuM_IsValidWakeupSource(EcuM_WakeupSourceType source)
{
    2e62:	b480      	push	{r7}
    2e64:	b083      	sub	sp, #12
    2e66:	af00      	add	r7, sp, #0
    2e68:	6078      	str	r0, [r7, #4]
    /* Check if source is configured */
    return ((source & ECUM_CONFIGURED_WAKEUP_SOURCES) != 0u) ? TRUE : FALSE;
    2e6a:	687a      	ldr	r2, [r7, #4]
    2e6c:	4b05      	ldr	r3, [pc, #20]	@ (2e84 <EcuM_IsValidWakeupSource+0x22>)
    2e6e:	4013      	ands	r3, r2
    2e70:	2b00      	cmp	r3, #0
    2e72:	d001      	beq.n	2e78 <EcuM_IsValidWakeupSource+0x16>
    2e74:	2301      	movs	r3, #1
    2e76:	e000      	b.n	2e7a <EcuM_IsValidWakeupSource+0x18>
    2e78:	2300      	movs	r3, #0
}
    2e7a:	4618      	mov	r0, r3
    2e7c:	370c      	adds	r7, #12
    2e7e:	46bd      	mov	sp, r7
    2e80:	bc80      	pop	{r7}
    2e82:	4770      	bx	lr
    2e84:	00200063 	.word	0x00200063

00002e88 <EcuM_SelectBootTarget>:
 * @brief Select boot target
 * @param target Boot target
 * @return E_OK if successful, E_NOT_OK otherwise
 */
Std_ReturnType EcuM_SelectBootTarget(EcuM_BootTargetType target)
{
    2e88:	b580      	push	{r7, lr}
    2e8a:	b082      	sub	sp, #8
    2e8c:	af00      	add	r7, sp, #0
    2e8e:	4603      	mov	r3, r0
    2e90:	71fb      	strb	r3, [r7, #7]
#if (ECUM_DEV_ERROR_DETECT == STD_ON)
    if (!EcuM_IsInitialized)
    2e92:	4b12      	ldr	r3, [pc, #72]	@ (2edc <EcuM_SelectBootTarget+0x54>)
    2e94:	781b      	ldrb	r3, [r3, #0]
    2e96:	2b00      	cmp	r3, #0
    2e98:	d107      	bne.n	2eaa <EcuM_SelectBootTarget+0x22>
    {
        Det_ReportError(ECUM_MODULE_ID, ECUM_INSTANCE_ID, ECUM_SELECTBOOTTARGET_SID, ECUM_E_NOT_INITIALIZED);
    2e9a:	2310      	movs	r3, #16
    2e9c:	220b      	movs	r2, #11
    2e9e:	2100      	movs	r1, #0
    2ea0:	200a      	movs	r0, #10
    2ea2:	f7fe ff17 	bl	1cd4 <Det_ReportError>
        return E_NOT_OK;
    2ea6:	2301      	movs	r3, #1
    2ea8:	e014      	b.n	2ed4 <EcuM_SelectBootTarget+0x4c>
    }
    
    if ((target != ECUM_BOOT_TARGET_OEM_BOOTLOADER) && 
    2eaa:	79fb      	ldrb	r3, [r7, #7]
    2eac:	2b00      	cmp	r3, #0
    2eae:	d00d      	beq.n	2ecc <EcuM_SelectBootTarget+0x44>
    2eb0:	79fb      	ldrb	r3, [r7, #7]
    2eb2:	2b01      	cmp	r3, #1
    2eb4:	d00a      	beq.n	2ecc <EcuM_SelectBootTarget+0x44>
        (target != ECUM_BOOT_TARGET_SYS_BOOTLOADER) && 
    2eb6:	79fb      	ldrb	r3, [r7, #7]
    2eb8:	2b02      	cmp	r3, #2
    2eba:	d007      	beq.n	2ecc <EcuM_SelectBootTarget+0x44>
        (target != ECUM_BOOT_TARGET_APPLICATION))
    {
        Det_ReportError(ECUM_MODULE_ID, ECUM_INSTANCE_ID, ECUM_SELECTBOOTTARGET_SID, ECUM_E_INVALID_PAR);
    2ebc:	2311      	movs	r3, #17
    2ebe:	220b      	movs	r2, #11
    2ec0:	2100      	movs	r1, #0
    2ec2:	200a      	movs	r0, #10
    2ec4:	f7fe ff06 	bl	1cd4 <Det_ReportError>
        return E_NOT_OK;
    2ec8:	2301      	movs	r3, #1
    2eca:	e003      	b.n	2ed4 <EcuM_SelectBootTarget+0x4c>
    }
#endif
    
    EcuM_BootTarget = target;
    2ecc:	4a04      	ldr	r2, [pc, #16]	@ (2ee0 <EcuM_SelectBootTarget+0x58>)
    2ece:	79fb      	ldrb	r3, [r7, #7]
    2ed0:	7013      	strb	r3, [r2, #0]
    return E_OK;
    2ed2:	2300      	movs	r3, #0
}
    2ed4:	4618      	mov	r0, r3
    2ed6:	3708      	adds	r7, #8
    2ed8:	46bd      	mov	sp, r7
    2eda:	bd80      	pop	{r7, pc}
    2edc:	1fff81c7 	.word	0x1fff81c7
    2ee0:	1fff8142 	.word	0x1fff8142

00002ee4 <EcuM_GetBootTarget>:
 * @brief Get boot target
 * @param target Pointer to store target
 * @return E_OK if successful, E_NOT_OK otherwise
 */
Std_ReturnType EcuM_GetBootTarget(EcuM_BootTargetType* target)
{
    2ee4:	b580      	push	{r7, lr}
    2ee6:	b082      	sub	sp, #8
    2ee8:	af00      	add	r7, sp, #0
    2eea:	6078      	str	r0, [r7, #4]
#if (ECUM_DEV_ERROR_DETECT == STD_ON)
    if (!EcuM_IsInitialized)
    2eec:	4b0f      	ldr	r3, [pc, #60]	@ (2f2c <EcuM_GetBootTarget+0x48>)
    2eee:	781b      	ldrb	r3, [r3, #0]
    2ef0:	2b00      	cmp	r3, #0
    2ef2:	d107      	bne.n	2f04 <EcuM_GetBootTarget+0x20>
    {
        Det_ReportError(ECUM_MODULE_ID, ECUM_INSTANCE_ID, ECUM_GETBOOTTARGET_SID, ECUM_E_NOT_INITIALIZED);
    2ef4:	2310      	movs	r3, #16
    2ef6:	220c      	movs	r2, #12
    2ef8:	2100      	movs	r1, #0
    2efa:	200a      	movs	r0, #10
    2efc:	f7fe feea 	bl	1cd4 <Det_ReportError>
        return E_NOT_OK;
    2f00:	2301      	movs	r3, #1
    2f02:	e00f      	b.n	2f24 <EcuM_GetBootTarget+0x40>
    }
    
    if (target == NULL_PTR)
    2f04:	687b      	ldr	r3, [r7, #4]
    2f06:	2b00      	cmp	r3, #0
    2f08:	d107      	bne.n	2f1a <EcuM_GetBootTarget+0x36>
    {
        Det_ReportError(ECUM_MODULE_ID, ECUM_INSTANCE_ID, ECUM_GETBOOTTARGET_SID, ECUM_E_NULL_POINTER);
    2f0a:	2312      	movs	r3, #18
    2f0c:	220c      	movs	r2, #12
    2f0e:	2100      	movs	r1, #0
    2f10:	200a      	movs	r0, #10
    2f12:	f7fe fedf 	bl	1cd4 <Det_ReportError>
        return E_NOT_OK;
    2f16:	2301      	movs	r3, #1
    2f18:	e004      	b.n	2f24 <EcuM_GetBootTarget+0x40>
    }
#endif
    
    *target = EcuM_BootTarget;
    2f1a:	4b05      	ldr	r3, [pc, #20]	@ (2f30 <EcuM_GetBootTarget+0x4c>)
    2f1c:	781a      	ldrb	r2, [r3, #0]
    2f1e:	687b      	ldr	r3, [r7, #4]
    2f20:	701a      	strb	r2, [r3, #0]
    return E_OK;
    2f22:	2300      	movs	r3, #0
}
    2f24:	4618      	mov	r0, r3
    2f26:	3708      	adds	r7, #8
    2f28:	46bd      	mov	sp, r7
    2f2a:	bd80      	pop	{r7, pc}
    2f2c:	1fff81c7 	.word	0x1fff81c7
    2f30:	1fff8142 	.word	0x1fff8142

00002f34 <EcuM_SelectApplicationMode>:
 * @brief Select application mode
 * @param appMode Application mode
 * @return E_OK if successful, E_NOT_OK otherwise
 */
Std_ReturnType EcuM_SelectApplicationMode(EcuM_AppModeType appMode)
{
    2f34:	b580      	push	{r7, lr}
    2f36:	b082      	sub	sp, #8
    2f38:	af00      	add	r7, sp, #0
    2f3a:	4603      	mov	r3, r0
    2f3c:	71fb      	strb	r3, [r7, #7]
#if (ECUM_DEV_ERROR_DETECT == STD_ON)
    if (EcuM_IsInitialized)
    2f3e:	4b0a      	ldr	r3, [pc, #40]	@ (2f68 <EcuM_SelectApplicationMode+0x34>)
    2f40:	781b      	ldrb	r3, [r3, #0]
    2f42:	2b00      	cmp	r3, #0
    2f44:	d007      	beq.n	2f56 <EcuM_SelectApplicationMode+0x22>
    {
        /* Can only change app mode before initialization */
        Det_ReportError(ECUM_MODULE_ID, ECUM_INSTANCE_ID, ECUM_SELECTAPPMODE_SID, ECUM_E_STATE_CHANGE_FAILED);
    2f46:	2313      	movs	r3, #19
    2f48:	220d      	movs	r2, #13
    2f4a:	2100      	movs	r1, #0
    2f4c:	200a      	movs	r0, #10
    2f4e:	f7fe fec1 	bl	1cd4 <Det_ReportError>
        return E_NOT_OK;
    2f52:	2301      	movs	r3, #1
    2f54:	e003      	b.n	2f5e <EcuM_SelectApplicationMode+0x2a>
    }
#endif
    
    EcuM_ApplicationMode = appMode;
    2f56:	4a05      	ldr	r2, [pc, #20]	@ (2f6c <EcuM_SelectApplicationMode+0x38>)
    2f58:	79fb      	ldrb	r3, [r7, #7]
    2f5a:	7013      	strb	r3, [r2, #0]
    return E_OK;
    2f5c:	2300      	movs	r3, #0
}
    2f5e:	4618      	mov	r0, r3
    2f60:	3708      	adds	r7, #8
    2f62:	46bd      	mov	sp, r7
    2f64:	bd80      	pop	{r7, pc}
    2f66:	bf00      	nop
    2f68:	1fff81c7 	.word	0x1fff81c7
    2f6c:	1fff81c6 	.word	0x1fff81c6

00002f70 <EcuM_GetApplicationMode>:
 * @brief Get application mode
 * @param appMode Pointer to store mode
 * @return E_OK if successful, E_NOT_OK otherwise
 */
Std_ReturnType EcuM_GetApplicationMode(EcuM_AppModeType* appMode)
{
    2f70:	b580      	push	{r7, lr}
    2f72:	b082      	sub	sp, #8
    2f74:	af00      	add	r7, sp, #0
    2f76:	6078      	str	r0, [r7, #4]
#if (ECUM_DEV_ERROR_DETECT == STD_ON)
    if (!EcuM_IsInitialized)
    2f78:	4b0f      	ldr	r3, [pc, #60]	@ (2fb8 <EcuM_GetApplicationMode+0x48>)
    2f7a:	781b      	ldrb	r3, [r3, #0]
    2f7c:	2b00      	cmp	r3, #0
    2f7e:	d107      	bne.n	2f90 <EcuM_GetApplicationMode+0x20>
    {
        Det_ReportError(ECUM_MODULE_ID, ECUM_INSTANCE_ID, ECUM_GETAPPMODE_SID, ECUM_E_NOT_INITIALIZED);
    2f80:	2310      	movs	r3, #16
    2f82:	220e      	movs	r2, #14
    2f84:	2100      	movs	r1, #0
    2f86:	200a      	movs	r0, #10
    2f88:	f7fe fea4 	bl	1cd4 <Det_ReportError>
        return E_NOT_OK;
    2f8c:	2301      	movs	r3, #1
    2f8e:	e00f      	b.n	2fb0 <EcuM_GetApplicationMode+0x40>
    }
    
    if (appMode == NULL_PTR)
    2f90:	687b      	ldr	r3, [r7, #4]
    2f92:	2b00      	cmp	r3, #0
    2f94:	d107      	bne.n	2fa6 <EcuM_GetApplicationMode+0x36>
    {
        Det_ReportError(ECUM_MODULE_ID, ECUM_INSTANCE_ID, ECUM_GETAPPMODE_SID, ECUM_E_NULL_POINTER);
    2f96:	2312      	movs	r3, #18
    2f98:	220e      	movs	r2, #14
    2f9a:	2100      	movs	r1, #0
    2f9c:	200a      	movs	r0, #10
    2f9e:	f7fe fe99 	bl	1cd4 <Det_ReportError>
        return E_NOT_OK;
    2fa2:	2301      	movs	r3, #1
    2fa4:	e004      	b.n	2fb0 <EcuM_GetApplicationMode+0x40>
    }
#endif
    
    *appMode = EcuM_ApplicationMode;
    2fa6:	4b05      	ldr	r3, [pc, #20]	@ (2fbc <EcuM_GetApplicationMode+0x4c>)
    2fa8:	781a      	ldrb	r2, [r3, #0]
    2faa:	687b      	ldr	r3, [r7, #4]
    2fac:	701a      	strb	r2, [r3, #0]
    return E_OK;
    2fae:	2300      	movs	r3, #0
}
    2fb0:	4618      	mov	r0, r3
    2fb2:	3708      	adds	r7, #8
    2fb4:	46bd      	mov	sp, r7
    2fb6:	bd80      	pop	{r7, pc}
    2fb8:	1fff81c7 	.word	0x1fff81c7
    2fbc:	1fff81c6 	.word	0x1fff81c6

00002fc0 <EcuM_ComM_RequestComMode>:
 * @param channel Communication channel
 * @param mode Requested mode
 * @return E_OK if successful, E_NOT_OK otherwise
 */
Std_ReturnType EcuM_ComM_RequestComMode(uint8 channel, EcuM_ModeType mode)
{
    2fc0:	b580      	push	{r7, lr}
    2fc2:	b082      	sub	sp, #8
    2fc4:	af00      	add	r7, sp, #0
    2fc6:	4603      	mov	r3, r0
    2fc8:	460a      	mov	r2, r1
    2fca:	71fb      	strb	r3, [r7, #7]
    2fcc:	4613      	mov	r3, r2
    2fce:	71bb      	strb	r3, [r7, #6]
#if (ECUM_DEV_ERROR_DETECT == STD_ON)
    if (!EcuM_IsInitialized)
    2fd0:	4b08      	ldr	r3, [pc, #32]	@ (2ff4 <EcuM_ComM_RequestComMode+0x34>)
    2fd2:	781b      	ldrb	r3, [r3, #0]
    2fd4:	2b00      	cmp	r3, #0
    2fd6:	d107      	bne.n	2fe8 <EcuM_ComM_RequestComMode+0x28>
    {
        Det_ReportError(ECUM_MODULE_ID, ECUM_INSTANCE_ID, ECUM_COMMODEREQUEST_SID, ECUM_E_NOT_INITIALIZED);
    2fd8:	2310      	movs	r3, #16
    2fda:	2206      	movs	r2, #6
    2fdc:	2100      	movs	r1, #0
    2fde:	200a      	movs	r0, #10
    2fe0:	f7fe fe78 	bl	1cd4 <Det_ReportError>
        return E_NOT_OK;
    2fe4:	2301      	movs	r3, #1
    2fe6:	e000      	b.n	2fea <EcuM_ComM_RequestComMode+0x2a>
    /* ComM_EcuM_RequestComMode(channel, mode); */
    (void)channel;
    (void)mode;
#endif
    
    return E_OK;
    2fe8:	2300      	movs	r3, #0
}
    2fea:	4618      	mov	r0, r3
    2fec:	3708      	adds	r7, #8
    2fee:	46bd      	mov	sp, r7
    2ff0:	bd80      	pop	{r7, pc}
    2ff2:	bf00      	nop
    2ff4:	1fff81c7 	.word	0x1fff81c7

00002ff8 <EcuM_ComM_ReleaseComMode>:
 * @brief Release communication mode
 * @param channel Communication channel
 * @return E_OK if successful, E_NOT_OK otherwise
 */
Std_ReturnType EcuM_ComM_ReleaseComMode(uint8 channel)
{
    2ff8:	b580      	push	{r7, lr}
    2ffa:	b082      	sub	sp, #8
    2ffc:	af00      	add	r7, sp, #0
    2ffe:	4603      	mov	r3, r0
    3000:	71fb      	strb	r3, [r7, #7]
#if (ECUM_DEV_ERROR_DETECT == STD_ON)
    if (!EcuM_IsInitialized)
    3002:	4b08      	ldr	r3, [pc, #32]	@ (3024 <EcuM_ComM_ReleaseComMode+0x2c>)
    3004:	781b      	ldrb	r3, [r3, #0]
    3006:	2b00      	cmp	r3, #0
    3008:	d107      	bne.n	301a <EcuM_ComM_ReleaseComMode+0x22>
    {
        Det_ReportError(ECUM_MODULE_ID, ECUM_INSTANCE_ID, ECUM_COMMODERERELEASE_SID, ECUM_E_NOT_INITIALIZED);
    300a:	2310      	movs	r3, #16
    300c:	220a      	movs	r2, #10
    300e:	2100      	movs	r1, #0
    3010:	200a      	movs	r0, #10
    3012:	f7fe fe5f 	bl	1cd4 <Det_ReportError>
        return E_NOT_OK;
    3016:	2301      	movs	r3, #1
    3018:	e000      	b.n	301c <EcuM_ComM_ReleaseComMode+0x24>
    }
#endif
    
    (void)channel;
    return E_OK;
    301a:	2300      	movs	r3, #0
}
    301c:	4618      	mov	r0, r3
    301e:	3708      	adds	r7, #8
    3020:	46bd      	mov	sp, r7
    3022:	bd80      	pop	{r7, pc}
    3024:	1fff81c7 	.word	0x1fff81c7

00003028 <EcuM_StartBswMode>:
/**
 * @brief Start BSW mode
 * @param mode BSW mode to start
 */
void EcuM_StartBswMode(EcuM_BswModeType mode)
{
    3028:	b480      	push	{r7}
    302a:	b083      	sub	sp, #12
    302c:	af00      	add	r7, sp, #0
    302e:	4603      	mov	r3, r0
    3030:	71fb      	strb	r3, [r7, #7]
    (void)mode;
    /* Mode handling implementation */
}
    3032:	bf00      	nop
    3034:	370c      	adds	r7, #12
    3036:	46bd      	mov	sp, r7
    3038:	bc80      	pop	{r7}
    303a:	4770      	bx	lr

0000303c <EcuM_StopBswMode>:
/**
 * @brief Stop BSW mode
 * @param mode BSW mode to stop
 */
void EcuM_StopBswMode(EcuM_BswModeType mode)
{
    303c:	b480      	push	{r7}
    303e:	b083      	sub	sp, #12
    3040:	af00      	add	r7, sp, #0
    3042:	4603      	mov	r3, r0
    3044:	71fb      	strb	r3, [r7, #7]
    (void)mode;
    /* Mode handling implementation */
}
    3046:	bf00      	nop
    3048:	370c      	adds	r7, #12
    304a:	46bd      	mov	sp, r7
    304c:	bc80      	pop	{r7}
    304e:	4770      	bx	lr

00003050 <EcuM_GetVersionInfo>:
/**
 * @brief Get version information
 * @param versionInfo Pointer to version info structure
 */
void EcuM_GetVersionInfo(Std_VersionInfoType* versionInfo)
{
    3050:	b580      	push	{r7, lr}
    3052:	b082      	sub	sp, #8
    3054:	af00      	add	r7, sp, #0
    3056:	6078      	str	r0, [r7, #4]
#if (ECUM_VERSION_INFO_API == STD_ON)
#if (ECUM_DEV_ERROR_DETECT == STD_ON)
    if (versionInfo == NULL_PTR)
    3058:	687b      	ldr	r3, [r7, #4]
    305a:	2b00      	cmp	r3, #0
    305c:	d106      	bne.n	306c <EcuM_GetVersionInfo+0x1c>
    {
        Det_ReportError(ECUM_MODULE_ID, ECUM_INSTANCE_ID, 0x00u, ECUM_E_NULL_POINTER);
    305e:	2312      	movs	r3, #18
    3060:	2200      	movs	r2, #0
    3062:	2100      	movs	r1, #0
    3064:	200a      	movs	r0, #10
    3066:	f7fe fe35 	bl	1cd4 <Det_ReportError>
        return;
    306a:	e00e      	b.n	308a <EcuM_GetVersionInfo+0x3a>
    }
#endif
    
    versionInfo->vendorID = 0x00u;
    306c:	687b      	ldr	r3, [r7, #4]
    306e:	2200      	movs	r2, #0
    3070:	801a      	strh	r2, [r3, #0]
    versionInfo->moduleID = ECUM_MODULE_ID;
    3072:	687b      	ldr	r3, [r7, #4]
    3074:	220a      	movs	r2, #10
    3076:	805a      	strh	r2, [r3, #2]
    versionInfo->sw_major_version = ECUM_SW_MAJOR_VERSION;
    3078:	687b      	ldr	r3, [r7, #4]
    307a:	2202      	movs	r2, #2
    307c:	711a      	strb	r2, [r3, #4]
    versionInfo->sw_minor_version = ECUM_SW_MINOR_VERSION;
    307e:	687b      	ldr	r3, [r7, #4]
    3080:	2200      	movs	r2, #0
    3082:	715a      	strb	r2, [r3, #5]
    versionInfo->sw_patch_version = ECUM_SW_PATCH_VERSION;
    3084:	687b      	ldr	r3, [r7, #4]
    3086:	2200      	movs	r2, #0
    3088:	719a      	strb	r2, [r3, #6]
#endif
}
    308a:	3708      	adds	r7, #8
    308c:	46bd      	mov	sp, r7
    308e:	bd80      	pop	{r7, pc}

00003090 <EcuM_UpdateSubState>:
/**
 * @brief Update sub-state and notify BswM
 * @param newSubState New sub-state
 */
static void EcuM_UpdateSubState(EcuM_SubStateType newSubState)
{
    3090:	b480      	push	{r7}
    3092:	b085      	sub	sp, #20
    3094:	af00      	add	r7, sp, #0
    3096:	4603      	mov	r3, r0
    3098:	71fb      	strb	r3, [r7, #7]
    EcuM_SubStateType oldSubState = EcuM_CurrentSubState;
    309a:	4b09      	ldr	r3, [pc, #36]	@ (30c0 <EcuM_UpdateSubState+0x30>)
    309c:	781b      	ldrb	r3, [r3, #0]
    309e:	73fb      	strb	r3, [r7, #15]
    EcuM_CurrentSubState = newSubState;
    30a0:	4a07      	ldr	r2, [pc, #28]	@ (30c0 <EcuM_UpdateSubState+0x30>)
    30a2:	79fb      	ldrb	r3, [r7, #7]
    30a4:	7013      	strb	r3, [r2, #0]
#if (ECUM_BSWM_ENABLED == STD_ON)
    /* BswM_EcuM_CurrentSubState(newSubState); */
#endif
    
    /* Reset state timer on state change */
    if (oldSubState != newSubState)
    30a6:	7bfa      	ldrb	r2, [r7, #15]
    30a8:	79fb      	ldrb	r3, [r7, #7]
    30aa:	429a      	cmp	r2, r3
    30ac:	d002      	beq.n	30b4 <EcuM_UpdateSubState+0x24>
    {
        EcuM_StateTimer = 0u;
    30ae:	4b05      	ldr	r3, [pc, #20]	@ (30c4 <EcuM_UpdateSubState+0x34>)
    30b0:	2200      	movs	r2, #0
    30b2:	601a      	str	r2, [r3, #0]
    }
}
    30b4:	bf00      	nop
    30b6:	3714      	adds	r7, #20
    30b8:	46bd      	mov	sp, r7
    30ba:	bc80      	pop	{r7}
    30bc:	4770      	bx	lr
    30be:	bf00      	nop
    30c0:	1fff8140 	.word	0x1fff8140
    30c4:	1fff820c 	.word	0x1fff820c

000030c8 <EcuM_DisableInterrupts>:

/**
 * @brief Disable interrupts
 */
static void EcuM_DisableInterrupts(void)
{
    30c8:	b480      	push	{r7}
    30ca:	af00      	add	r7, sp, #0
    /* Disable global interrupts */
    /* This would call OS or Mcu function */
}
    30cc:	bf00      	nop
    30ce:	46bd      	mov	sp, r7
    30d0:	bc80      	pop	{r7}
    30d2:	4770      	bx	lr

000030d4 <EcuM_EnableInterrupts>:

/**
 * @brief Enable interrupts
 */
static void EcuM_EnableInterrupts(void)
{
    30d4:	b480      	push	{r7}
    30d6:	af00      	add	r7, sp, #0
    /* Enable global interrupts */
    /* This would call OS or Mcu function */
}
    30d8:	bf00      	nop
    30da:	46bd      	mov	sp, r7
    30dc:	bc80      	pop	{r7}
    30de:	4770      	bx	lr

/**
 * @brief Default Driver Init One - Pre-OS initialization
 */
__attribute__((weak)) void EcuM_DriverInitOne(const EcuM_ConfigType* config)
{
    30e0:	b480      	push	{r7}
    30e2:	b083      	sub	sp, #12
    30e4:	af00      	add	r7, sp, #0
    30e6:	6078      	str	r0, [r7, #4]
    (void)config;
    /* Default implementation - integrator should override */
}
    30e8:	bf00      	nop
    30ea:	370c      	adds	r7, #12
    30ec:	46bd      	mov	sp, r7
    30ee:	bc80      	pop	{r7}
    30f0:	4770      	bx	lr

/**
 * @brief Default Driver Init Two - Post-OS initialization
 */
__attribute__((weak)) void EcuM_DriverInitTwo(const EcuM_ConfigType* config)
{
    30f2:	b480      	push	{r7}
    30f4:	b083      	sub	sp, #12
    30f6:	af00      	add	r7, sp, #0
    30f8:	6078      	str	r0, [r7, #4]
    (void)config;
    /* Default implementation - integrator should override */
}
    30fa:	bf00      	nop
    30fc:	370c      	adds	r7, #12
    30fe:	46bd      	mov	sp, r7
    3100:	bc80      	pop	{r7}
    3102:	4770      	bx	lr

/**
 * @brief Default Driver Init Three - SW-C initialization
 */
__attribute__((weak)) void EcuM_DriverInitThree(const EcuM_ConfigType* config)
{
    3104:	b480      	push	{r7}
    3106:	b083      	sub	sp, #12
    3108:	af00      	add	r7, sp, #0
    310a:	6078      	str	r0, [r7, #4]
    (void)config;
    /* Default implementation - integrator should override */
}
    310c:	bf00      	nop
    310e:	370c      	adds	r7, #12
    3110:	46bd      	mov	sp, r7
    3112:	bc80      	pop	{r7}
    3114:	4770      	bx	lr

/**
 * @brief Default Driver Restart - Wakeup restart initialization
 */
__attribute__((weak)) void EcuM_DriverRestart(const EcuM_ConfigType* config)
{
    3116:	b480      	push	{r7}
    3118:	b083      	sub	sp, #12
    311a:	af00      	add	r7, sp, #0
    311c:	6078      	str	r0, [r7, #4]
    (void)config;
    /* Default implementation - integrator should override */
}
    311e:	bf00      	nop
    3120:	370c      	adds	r7, #12
    3122:	46bd      	mov	sp, r7
    3124:	bc80      	pop	{r7}
    3126:	4770      	bx	lr

/**
 * @brief Default Abstraction Layer Driver Init One
 */
__attribute__((weak)) void EcuM_AL_DriverInitOne(const EcuM_ConfigType* config)
{
    3128:	b480      	push	{r7}
    312a:	b083      	sub	sp, #12
    312c:	af00      	add	r7, sp, #0
    312e:	6078      	str	r0, [r7, #4]
    (void)config;
    /* Default implementation - integrator should override */
}
    3130:	bf00      	nop
    3132:	370c      	adds	r7, #12
    3134:	46bd      	mov	sp, r7
    3136:	bc80      	pop	{r7}
    3138:	4770      	bx	lr

/**
 * @brief Default Abstraction Layer Driver Init Two
 */
__attribute__((weak)) void EcuM_AL_DriverInitTwo(const EcuM_ConfigType* config)
{
    313a:	b480      	push	{r7}
    313c:	b083      	sub	sp, #12
    313e:	af00      	add	r7, sp, #0
    3140:	6078      	str	r0, [r7, #4]
    (void)config;
    /* Default implementation - integrator should override */
}
    3142:	bf00      	nop
    3144:	370c      	adds	r7, #12
    3146:	46bd      	mov	sp, r7
    3148:	bc80      	pop	{r7}
    314a:	4770      	bx	lr

/**
 * @brief Default Abstraction Layer Driver Init Three
 */
__attribute__((weak)) void EcuM_AL_DriverInitThree(const EcuM_ConfigType* config)
{
    314c:	b480      	push	{r7}
    314e:	b083      	sub	sp, #12
    3150:	af00      	add	r7, sp, #0
    3152:	6078      	str	r0, [r7, #4]
    (void)config;
    /* Default implementation - integrator should override */
}
    3154:	bf00      	nop
    3156:	370c      	adds	r7, #12
    3158:	46bd      	mov	sp, r7
    315a:	bc80      	pop	{r7}
    315c:	4770      	bx	lr

/**
 * @brief Default Abstraction Layer Driver Restart
 */
__attribute__((weak)) void EcuM_AL_DriverRestart(const EcuM_ConfigType* config)
{
    315e:	b480      	push	{r7}
    3160:	b083      	sub	sp, #12
    3162:	af00      	add	r7, sp, #0
    3164:	6078      	str	r0, [r7, #4]
    (void)config;
    /* Default implementation - integrator should override */
}
    3166:	bf00      	nop
    3168:	370c      	adds	r7, #12
    316a:	46bd      	mov	sp, r7
    316c:	bc80      	pop	{r7}
    316e:	4770      	bx	lr

/**
 * @brief Default Switch Off - Power down
 */
__attribute__((weak)) void EcuM_AL_SwitchOff(void)
{
    3170:	b480      	push	{r7}
    3172:	af00      	add	r7, sp, #0
    /* Default implementation - integrator should override */
}
    3174:	bf00      	nop
    3176:	46bd      	mov	sp, r7
    3178:	bc80      	pop	{r7}
    317a:	4770      	bx	lr

/**
 * @brief Default Reset
 */
__attribute__((weak)) void EcuM_AL_Reset(EcuM_ResetType resetType)
{
    317c:	b480      	push	{r7}
    317e:	b083      	sub	sp, #12
    3180:	af00      	add	r7, sp, #0
    3182:	4603      	mov	r3, r0
    3184:	71fb      	strb	r3, [r7, #7]
    (void)resetType;
    /* Default implementation - integrator should override */
}
    3186:	bf00      	nop
    3188:	370c      	adds	r7, #12
    318a:	46bd      	mov	sp, r7
    318c:	bc80      	pop	{r7}
    318e:	4770      	bx	lr

/**
 * @brief Default Enter Sleep
 */
__attribute__((weak)) void EcuM_AL_EnterSleep(void)
{
    3190:	b480      	push	{r7}
    3192:	af00      	add	r7, sp, #0
    /* Default implementation - integrator should override */
}
    3194:	bf00      	nop
    3196:	46bd      	mov	sp, r7
    3198:	bc80      	pop	{r7}
    319a:	4770      	bx	lr

/**
 * @brief Default Wakeup Check
 */
__attribute__((weak)) void EcuM_AL_WakeupCheck(void)
{
    319c:	b480      	push	{r7}
    319e:	af00      	add	r7, sp, #0
    /* Default implementation - integrator should override */
}
    31a0:	bf00      	nop
    31a2:	46bd      	mov	sp, r7
    31a4:	bc80      	pop	{r7}
    31a6:	4770      	bx	lr

/**
 * @brief Default Wakeup Validation
 */
__attribute__((weak)) void EcuM_AL_WakeupValidation(void)
{
    31a8:	b480      	push	{r7}
    31aa:	af00      	add	r7, sp, #0
    /* Default implementation - integrator should override */
}
    31ac:	bf00      	nop
    31ae:	46bd      	mov	sp, r7
    31b0:	bc80      	pop	{r7}
    31b2:	4770      	bx	lr

/**
 * @brief Default Wakeup Reaction
 */
__attribute__((weak)) void EcuM_AL_WakeupReaction(void)
{
    31b4:	b480      	push	{r7}
    31b6:	af00      	add	r7, sp, #0
    /* Default implementation - integrator should override */
}
    31b8:	bf00      	nop
    31ba:	46bd      	mov	sp, r7
    31bc:	bc80      	pop	{r7}
    31be:	4770      	bx	lr

000031c0 <Wdgm_IsValidSEID>:

/**
 * @brief Validate SEID
 */
static inline boolean Wdgm_IsValidSEID(Wdgm_SupervisedEntityIdType SEID)
{
    31c0:	b480      	push	{r7}
    31c2:	b083      	sub	sp, #12
    31c4:	af00      	add	r7, sp, #0
    31c6:	4603      	mov	r3, r0
    31c8:	80fb      	strh	r3, [r7, #6]
    return (SEID < WDGM_MAX_SUPERVISED_ENTITIES);
    31ca:	88fb      	ldrh	r3, [r7, #6]
    31cc:	2b03      	cmp	r3, #3
    31ce:	bf94      	ite	ls
    31d0:	2301      	movls	r3, #1
    31d2:	2300      	movhi	r3, #0
    31d4:	b2db      	uxtb	r3, r3
}
    31d6:	4618      	mov	r0, r3
    31d8:	370c      	adds	r7, #12
    31da:	46bd      	mov	sp, r7
    31dc:	bc80      	pop	{r7}
    31de:	4770      	bx	lr

000031e0 <Wdgm_UpdateGlobalStatus>:

/**
 * @brief Update global status based on local statuses
 */
static void Wdgm_UpdateGlobalStatus(void)
{
    31e0:	b480      	push	{r7}
    31e2:	b083      	sub	sp, #12
    31e4:	af00      	add	r7, sp, #0
    uint8 i;
    uint8 expiredCount = 0;
    31e6:	2300      	movs	r3, #0
    31e8:	71bb      	strb	r3, [r7, #6]
    uint8 failedCount = 0;
    31ea:	2300      	movs	r3, #0
    31ec:	717b      	strb	r3, [r7, #5]
    uint8 okCount = 0;
    31ee:	2300      	movs	r3, #0
    31f0:	713b      	strb	r3, [r7, #4]

    for (i = 0; i < WDGM_MAX_SUPERVISED_ENTITIES; i++)
    31f2:	2300      	movs	r3, #0
    31f4:	71fb      	strb	r3, [r7, #7]
    31f6:	e026      	b.n	3246 <Wdgm_UpdateGlobalStatus+0x66>
    {
        if (Wdgm_Entities[i].IsInitialized)
    31f8:	79fb      	ldrb	r3, [r7, #7]
    31fa:	4a23      	ldr	r2, [pc, #140]	@ (3288 <Wdgm_UpdateGlobalStatus+0xa8>)
    31fc:	011b      	lsls	r3, r3, #4
    31fe:	4413      	add	r3, r2
    3200:	330c      	adds	r3, #12
    3202:	781b      	ldrb	r3, [r3, #0]
    3204:	2b00      	cmp	r3, #0
    3206:	d01b      	beq.n	3240 <Wdgm_UpdateGlobalStatus+0x60>
        {
            switch (Wdgm_Entities[i].LocalStatus)
    3208:	79fb      	ldrb	r3, [r7, #7]
    320a:	4a1f      	ldr	r2, [pc, #124]	@ (3288 <Wdgm_UpdateGlobalStatus+0xa8>)
    320c:	011b      	lsls	r3, r3, #4
    320e:	4413      	add	r3, r2
    3210:	3302      	adds	r3, #2
    3212:	781b      	ldrb	r3, [r3, #0]
    3214:	2b03      	cmp	r3, #3
    3216:	d006      	beq.n	3226 <Wdgm_UpdateGlobalStatus+0x46>
    3218:	2b03      	cmp	r3, #3
    321a:	dc10      	bgt.n	323e <Wdgm_UpdateGlobalStatus+0x5e>
    321c:	2b01      	cmp	r3, #1
    321e:	d00a      	beq.n	3236 <Wdgm_UpdateGlobalStatus+0x56>
    3220:	2b02      	cmp	r3, #2
    3222:	d004      	beq.n	322e <Wdgm_UpdateGlobalStatus+0x4e>
                    break;
                case WDGM_LOCAL_STATUS_OK:
                    okCount++;
                    break;
                default:
                    break;
    3224:	e00b      	b.n	323e <Wdgm_UpdateGlobalStatus+0x5e>
                    expiredCount++;
    3226:	79bb      	ldrb	r3, [r7, #6]
    3228:	3301      	adds	r3, #1
    322a:	71bb      	strb	r3, [r7, #6]
                    break;
    322c:	e008      	b.n	3240 <Wdgm_UpdateGlobalStatus+0x60>
                    failedCount++;
    322e:	797b      	ldrb	r3, [r7, #5]
    3230:	3301      	adds	r3, #1
    3232:	717b      	strb	r3, [r7, #5]
                    break;
    3234:	e004      	b.n	3240 <Wdgm_UpdateGlobalStatus+0x60>
                    okCount++;
    3236:	793b      	ldrb	r3, [r7, #4]
    3238:	3301      	adds	r3, #1
    323a:	713b      	strb	r3, [r7, #4]
                    break;
    323c:	e000      	b.n	3240 <Wdgm_UpdateGlobalStatus+0x60>
                    break;
    323e:	bf00      	nop
    for (i = 0; i < WDGM_MAX_SUPERVISED_ENTITIES; i++)
    3240:	79fb      	ldrb	r3, [r7, #7]
    3242:	3301      	adds	r3, #1
    3244:	71fb      	strb	r3, [r7, #7]
    3246:	79fb      	ldrb	r3, [r7, #7]
    3248:	2b03      	cmp	r3, #3
    324a:	d9d5      	bls.n	31f8 <Wdgm_UpdateGlobalStatus+0x18>
            }
        }
    }

    /* Determine global status */
    if (expiredCount > 0)
    324c:	79bb      	ldrb	r3, [r7, #6]
    324e:	2b00      	cmp	r3, #0
    3250:	d003      	beq.n	325a <Wdgm_UpdateGlobalStatus+0x7a>
    {
        Wdgm_GlobalStatus = WDGM_GLOBAL_STATUS_EXPIRED;
    3252:	4b0e      	ldr	r3, [pc, #56]	@ (328c <Wdgm_UpdateGlobalStatus+0xac>)
    3254:	2203      	movs	r2, #3
    3256:	701a      	strb	r2, [r3, #0]
    }
    else
    {
        Wdgm_GlobalStatus = WDGM_GLOBAL_STATUS_DEACTIVATED;
    }
}
    3258:	e010      	b.n	327c <Wdgm_UpdateGlobalStatus+0x9c>
    else if (failedCount > 0)
    325a:	797b      	ldrb	r3, [r7, #5]
    325c:	2b00      	cmp	r3, #0
    325e:	d003      	beq.n	3268 <Wdgm_UpdateGlobalStatus+0x88>
        Wdgm_GlobalStatus = WDGM_GLOBAL_STATUS_FAILED;
    3260:	4b0a      	ldr	r3, [pc, #40]	@ (328c <Wdgm_UpdateGlobalStatus+0xac>)
    3262:	2202      	movs	r2, #2
    3264:	701a      	strb	r2, [r3, #0]
}
    3266:	e009      	b.n	327c <Wdgm_UpdateGlobalStatus+0x9c>
    else if (okCount > 0)
    3268:	793b      	ldrb	r3, [r7, #4]
    326a:	2b00      	cmp	r3, #0
    326c:	d003      	beq.n	3276 <Wdgm_UpdateGlobalStatus+0x96>
        Wdgm_GlobalStatus = WDGM_GLOBAL_STATUS_OK;
    326e:	4b07      	ldr	r3, [pc, #28]	@ (328c <Wdgm_UpdateGlobalStatus+0xac>)
    3270:	2201      	movs	r2, #1
    3272:	701a      	strb	r2, [r3, #0]
}
    3274:	e002      	b.n	327c <Wdgm_UpdateGlobalStatus+0x9c>
        Wdgm_GlobalStatus = WDGM_GLOBAL_STATUS_DEACTIVATED;
    3276:	4b05      	ldr	r3, [pc, #20]	@ (328c <Wdgm_UpdateGlobalStatus+0xac>)
    3278:	2200      	movs	r2, #0
    327a:	701a      	strb	r2, [r3, #0]
}
    327c:	bf00      	nop
    327e:	370c      	adds	r7, #12
    3280:	46bd      	mov	sp, r7
    3282:	bc80      	pop	{r7}
    3284:	4770      	bx	lr
    3286:	bf00      	nop
    3288:	1fff829c 	.word	0x1fff829c
    328c:	1fff8295 	.word	0x1fff8295

00003290 <Wdgm_CheckAliveSupervision>:

/**
 * @brief Check alive supervision for an entity
 */
static void Wdgm_CheckAliveSupervision(Wdgm_SupervisedEntityIdType SEID)
{
    3290:	b480      	push	{r7}
    3292:	b083      	sub	sp, #12
    3294:	af00      	add	r7, sp, #0
    3296:	4603      	mov	r3, r0
    3298:	80fb      	strh	r3, [r7, #6]
    if (Wdgm_Entities[SEID].IsInitialized &&
    329a:	88fb      	ldrh	r3, [r7, #6]
    329c:	4a27      	ldr	r2, [pc, #156]	@ (333c <Wdgm_CheckAliveSupervision+0xac>)
    329e:	011b      	lsls	r3, r3, #4
    32a0:	4413      	add	r3, r2
    32a2:	330c      	adds	r3, #12
    32a4:	781b      	ldrb	r3, [r3, #0]
    32a6:	2b00      	cmp	r3, #0
    32a8:	d042      	beq.n	3330 <Wdgm_CheckAliveSupervision+0xa0>
        (Wdgm_Entities[SEID].LocalStatus != WDGM_LOCAL_STATUS_DEACTIVATED))
    32aa:	88fb      	ldrh	r3, [r7, #6]
    32ac:	4a23      	ldr	r2, [pc, #140]	@ (333c <Wdgm_CheckAliveSupervision+0xac>)
    32ae:	011b      	lsls	r3, r3, #4
    32b0:	4413      	add	r3, r2
    32b2:	3302      	adds	r3, #2
    32b4:	781b      	ldrb	r3, [r3, #0]
    if (Wdgm_Entities[SEID].IsInitialized &&
    32b6:	2b00      	cmp	r3, #0
    32b8:	d03a      	beq.n	3330 <Wdgm_CheckAliveSupervision+0xa0>
    {
        /* Check if alive counter is within expected range */
        if (Wdgm_AliveCounters[SEID] < WDGM_ALIVE_THRESHOLD)
    32ba:	88fb      	ldrh	r3, [r7, #6]
    32bc:	4a20      	ldr	r2, [pc, #128]	@ (3340 <Wdgm_CheckAliveSupervision+0xb0>)
    32be:	f832 3013 	ldrh.w	r3, [r2, r3, lsl #1]
    32c2:	2b04      	cmp	r3, #4
    32c4:	d824      	bhi.n	3310 <Wdgm_CheckAliveSupervision+0x80>
        {
            Wdgm_FailureCounters[SEID]++;
    32c6:	88fb      	ldrh	r3, [r7, #6]
    32c8:	4a1e      	ldr	r2, [pc, #120]	@ (3344 <Wdgm_CheckAliveSupervision+0xb4>)
    32ca:	5cd2      	ldrb	r2, [r2, r3]
    32cc:	3201      	adds	r2, #1
    32ce:	b2d1      	uxtb	r1, r2
    32d0:	4a1c      	ldr	r2, [pc, #112]	@ (3344 <Wdgm_CheckAliveSupervision+0xb4>)
    32d2:	54d1      	strb	r1, [r2, r3]

            if (Wdgm_FailureCounters[SEID] >= WDGM_EXPIRATION_TOLERANCE)
    32d4:	88fb      	ldrh	r3, [r7, #6]
    32d6:	4a1b      	ldr	r2, [pc, #108]	@ (3344 <Wdgm_CheckAliveSupervision+0xb4>)
    32d8:	5cd3      	ldrb	r3, [r2, r3]
    32da:	2b02      	cmp	r3, #2
    32dc:	d910      	bls.n	3300 <Wdgm_CheckAliveSupervision+0x70>
            {
                /* Too many consecutive failures */
                Wdgm_Entities[SEID].LocalStatus = WDGM_LOCAL_STATUS_EXPIRED;
    32de:	88fb      	ldrh	r3, [r7, #6]
    32e0:	4a16      	ldr	r2, [pc, #88]	@ (333c <Wdgm_CheckAliveSupervision+0xac>)
    32e2:	011b      	lsls	r3, r3, #4
    32e4:	4413      	add	r3, r2
    32e6:	3302      	adds	r3, #2
    32e8:	2203      	movs	r2, #3
    32ea:	701a      	strb	r2, [r3, #0]

                /* Record first expired SEID */
                if (Wdgm_FirstExpiredSEID == 0xFFFF)
    32ec:	4b16      	ldr	r3, [pc, #88]	@ (3348 <Wdgm_CheckAliveSupervision+0xb8>)
    32ee:	881b      	ldrh	r3, [r3, #0]
    32f0:	f64f 72ff 	movw	r2, #65535	@ 0xffff
    32f4:	4293      	cmp	r3, r2
    32f6:	d116      	bne.n	3326 <Wdgm_CheckAliveSupervision+0x96>
                {
                    Wdgm_FirstExpiredSEID = SEID;
    32f8:	4a13      	ldr	r2, [pc, #76]	@ (3348 <Wdgm_CheckAliveSupervision+0xb8>)
    32fa:	88fb      	ldrh	r3, [r7, #6]
    32fc:	8013      	strh	r3, [r2, #0]
    32fe:	e012      	b.n	3326 <Wdgm_CheckAliveSupervision+0x96>
                }
            }
            else
            {
                Wdgm_Entities[SEID].LocalStatus = WDGM_LOCAL_STATUS_FAILED;
    3300:	88fb      	ldrh	r3, [r7, #6]
    3302:	4a0e      	ldr	r2, [pc, #56]	@ (333c <Wdgm_CheckAliveSupervision+0xac>)
    3304:	011b      	lsls	r3, r3, #4
    3306:	4413      	add	r3, r2
    3308:	3302      	adds	r3, #2
    330a:	2202      	movs	r2, #2
    330c:	701a      	strb	r2, [r3, #0]
    330e:	e00a      	b.n	3326 <Wdgm_CheckAliveSupervision+0x96>
            }
        }
        else
        {
            /* Reset failure counter on success */
            Wdgm_FailureCounters[SEID] = 0;
    3310:	88fb      	ldrh	r3, [r7, #6]
    3312:	4a0c      	ldr	r2, [pc, #48]	@ (3344 <Wdgm_CheckAliveSupervision+0xb4>)
    3314:	2100      	movs	r1, #0
    3316:	54d1      	strb	r1, [r2, r3]
            Wdgm_Entities[SEID].LocalStatus = WDGM_LOCAL_STATUS_OK;
    3318:	88fb      	ldrh	r3, [r7, #6]
    331a:	4a08      	ldr	r2, [pc, #32]	@ (333c <Wdgm_CheckAliveSupervision+0xac>)
    331c:	011b      	lsls	r3, r3, #4
    331e:	4413      	add	r3, r2
    3320:	3302      	adds	r3, #2
    3322:	2201      	movs	r2, #1
    3324:	701a      	strb	r2, [r3, #0]
        }

        /* Reset alive counter for next supervision cycle */
        Wdgm_AliveCounters[SEID] = 0;
    3326:	88fb      	ldrh	r3, [r7, #6]
    3328:	4a05      	ldr	r2, [pc, #20]	@ (3340 <Wdgm_CheckAliveSupervision+0xb0>)
    332a:	2100      	movs	r1, #0
    332c:	f822 1013 	strh.w	r1, [r2, r3, lsl #1]
    }
}
    3330:	bf00      	nop
    3332:	370c      	adds	r7, #12
    3334:	46bd      	mov	sp, r7
    3336:	bc80      	pop	{r7}
    3338:	4770      	bx	lr
    333a:	bf00      	nop
    333c:	1fff829c 	.word	0x1fff829c
    3340:	1fff82dc 	.word	0x1fff82dc
    3344:	1fff82ec 	.word	0x1fff82ec
    3348:	1fff8148 	.word	0x1fff8148

0000334c <Wdgm_TriggerWatchdog>:

/**
 * @brief Trigger watchdog if global status is OK
 */
static void Wdgm_TriggerWatchdog(void)
{
    334c:	b580      	push	{r7, lr}
    334e:	af00      	add	r7, sp, #0
    if ((Wdgm_GlobalStatus == WDGM_GLOBAL_STATUS_OK) ||
    3350:	4b06      	ldr	r3, [pc, #24]	@ (336c <Wdgm_TriggerWatchdog+0x20>)
    3352:	781b      	ldrb	r3, [r3, #0]
    3354:	2b01      	cmp	r3, #1
    3356:	d003      	beq.n	3360 <Wdgm_TriggerWatchdog+0x14>
        (Wdgm_GlobalStatus == WDGM_GLOBAL_STATUS_DEACTIVATED))
    3358:	4b04      	ldr	r3, [pc, #16]	@ (336c <Wdgm_TriggerWatchdog+0x20>)
    335a:	781b      	ldrb	r3, [r3, #0]
    if ((Wdgm_GlobalStatus == WDGM_GLOBAL_STATUS_OK) ||
    335c:	2b00      	cmp	r3, #0
    335e:	d102      	bne.n	3366 <Wdgm_TriggerWatchdog+0x1a>
    {
        /* Trigger watchdog via WdgIf */
        (void)WdgIf_Trigger(0);
    3360:	2000      	movs	r0, #0
    3362:	f7fd fcbb 	bl	cdc <WdgIf_Trigger>
    }
    /* If FAILED or EXPIRED, don't trigger - let watchdog timeout occur */
}
    3366:	bf00      	nop
    3368:	bd80      	pop	{r7, pc}
    336a:	bf00      	nop
    336c:	1fff8295 	.word	0x1fff8295

00003370 <Wdgm_Init>:
/**
 * @brief Initialize Watchdog Manager
 * SWS_Wdgm_00001
 */
void Wdgm_Init(const Wdgm_ConfigType* ConfigPtr)
{
    3370:	b580      	push	{r7, lr}
    3372:	b084      	sub	sp, #16
    3374:	af00      	add	r7, sp, #0
    3376:	6078      	str	r0, [r7, #4]
    uint8 i;

    #if (WDGM_DEV_ERROR_DETECT == STD_ON)
    if (ConfigPtr == NULL)
    3378:	687b      	ldr	r3, [r7, #4]
    337a:	2b00      	cmp	r3, #0
    337c:	d106      	bne.n	338c <Wdgm_Init+0x1c>
    {
        (void)Det_ReportError(WDGM_MODULE_ID, 0, WDGM_SID_INIT, WDGM_E_PARAM_CONFIG);
    337e:	2311      	movs	r3, #17
    3380:	2200      	movs	r2, #0
    3382:	2100      	movs	r1, #0
    3384:	200d      	movs	r0, #13
    3386:	f7fe fca5 	bl	1cd4 <Det_ReportError>
        return;
    338a:	e052      	b.n	3432 <Wdgm_Init+0xc2>
    }
    #endif

    /* Store configuration */
    Wdgm_ConfigPtr = ConfigPtr;
    338c:	4a2a      	ldr	r2, [pc, #168]	@ (3438 <Wdgm_Init+0xc8>)
    338e:	687b      	ldr	r3, [r7, #4]
    3390:	6013      	str	r3, [r2, #0]

    /* Initialize supervision entities */
    for (i = 0; i < WDGM_MAX_SUPERVISED_ENTITIES; i++)
    3392:	2300      	movs	r3, #0
    3394:	73fb      	strb	r3, [r7, #15]
    3396:	e02d      	b.n	33f4 <Wdgm_Init+0x84>
    {
        Wdgm_Entities[i].SEId = i;
    3398:	7bfb      	ldrb	r3, [r7, #15]
    339a:	7bfa      	ldrb	r2, [r7, #15]
    339c:	b291      	uxth	r1, r2
    339e:	4a27      	ldr	r2, [pc, #156]	@ (343c <Wdgm_Init+0xcc>)
    33a0:	011b      	lsls	r3, r3, #4
    33a2:	4413      	add	r3, r2
    33a4:	460a      	mov	r2, r1
    33a6:	801a      	strh	r2, [r3, #0]
        Wdgm_Entities[i].LocalStatus = WDGM_LOCAL_STATUS_DEACTIVATED;
    33a8:	7bfb      	ldrb	r3, [r7, #15]
    33aa:	4a24      	ldr	r2, [pc, #144]	@ (343c <Wdgm_Init+0xcc>)
    33ac:	011b      	lsls	r3, r3, #4
    33ae:	4413      	add	r3, r2
    33b0:	3302      	adds	r3, #2
    33b2:	2200      	movs	r2, #0
    33b4:	701a      	strb	r2, [r3, #0]
        Wdgm_Entities[i].AliveCounter = 0;
    33b6:	7bfb      	ldrb	r3, [r7, #15]
    33b8:	4a20      	ldr	r2, [pc, #128]	@ (343c <Wdgm_Init+0xcc>)
    33ba:	011b      	lsls	r3, r3, #4
    33bc:	4413      	add	r3, r2
    33be:	3304      	adds	r3, #4
    33c0:	2200      	movs	r2, #0
    33c2:	801a      	strh	r2, [r3, #0]
        Wdgm_Entities[i].IsInitialized = TRUE;
    33c4:	7bfb      	ldrb	r3, [r7, #15]
    33c6:	4a1d      	ldr	r2, [pc, #116]	@ (343c <Wdgm_Init+0xcc>)
    33c8:	011b      	lsls	r3, r3, #4
    33ca:	4413      	add	r3, r2
    33cc:	330c      	adds	r3, #12
    33ce:	2201      	movs	r2, #1
    33d0:	701a      	strb	r2, [r3, #0]

        Wdgm_AliveCounters[i] = 0;
    33d2:	7bfb      	ldrb	r3, [r7, #15]
    33d4:	4a1a      	ldr	r2, [pc, #104]	@ (3440 <Wdgm_Init+0xd0>)
    33d6:	2100      	movs	r1, #0
    33d8:	f822 1013 	strh.w	r1, [r2, r3, lsl #1]
        Wdgm_ExpectedAliveCounters[i] = WDGM_ALIVE_THRESHOLD;
    33dc:	7bfb      	ldrb	r3, [r7, #15]
    33de:	4a19      	ldr	r2, [pc, #100]	@ (3444 <Wdgm_Init+0xd4>)
    33e0:	2105      	movs	r1, #5
    33e2:	f822 1013 	strh.w	r1, [r2, r3, lsl #1]
        Wdgm_FailureCounters[i] = 0;
    33e6:	7bfb      	ldrb	r3, [r7, #15]
    33e8:	4a17      	ldr	r2, [pc, #92]	@ (3448 <Wdgm_Init+0xd8>)
    33ea:	2100      	movs	r1, #0
    33ec:	54d1      	strb	r1, [r2, r3]
    for (i = 0; i < WDGM_MAX_SUPERVISED_ENTITIES; i++)
    33ee:	7bfb      	ldrb	r3, [r7, #15]
    33f0:	3301      	adds	r3, #1
    33f2:	73fb      	strb	r3, [r7, #15]
    33f4:	7bfb      	ldrb	r3, [r7, #15]
    33f6:	2b03      	cmp	r3, #3
    33f8:	d9ce      	bls.n	3398 <Wdgm_Init+0x28>
    }

    Wdgm_FirstExpiredSEID = 0xFFFF;
    33fa:	4b14      	ldr	r3, [pc, #80]	@ (344c <Wdgm_Init+0xdc>)
    33fc:	f64f 72ff 	movw	r2, #65535	@ 0xffff
    3400:	801a      	strh	r2, [r3, #0]
    Wdgm_CycleCounter = 0;
    3402:	4b13      	ldr	r3, [pc, #76]	@ (3450 <Wdgm_Init+0xe0>)
    3404:	2200      	movs	r2, #0
    3406:	601a      	str	r2, [r3, #0]

    /* Set initial mode */
    if (ConfigPtr->InitialMode != NULL)
    3408:	687b      	ldr	r3, [r7, #4]
    340a:	685b      	ldr	r3, [r3, #4]
    340c:	2b00      	cmp	r3, #0
    340e:	d00a      	beq.n	3426 <Wdgm_Init+0xb6>
    {
        Wdgm_CurrentMode = *ConfigPtr->InitialMode;
    3410:	687b      	ldr	r3, [r7, #4]
    3412:	685b      	ldr	r3, [r3, #4]
    3414:	781a      	ldrb	r2, [r3, #0]
    3416:	4b0f      	ldr	r3, [pc, #60]	@ (3454 <Wdgm_Init+0xe4>)
    3418:	701a      	strb	r2, [r3, #0]
        (void)WdgIf_SetMode(0, Wdgm_CurrentMode);
    341a:	4b0e      	ldr	r3, [pc, #56]	@ (3454 <Wdgm_Init+0xe4>)
    341c:	781b      	ldrb	r3, [r3, #0]
    341e:	4619      	mov	r1, r3
    3420:	2000      	movs	r0, #0
    3422:	f000 fac1 	bl	39a8 <WdgIf_SetMode>
    }

    Wdgm_GlobalStatus = WDGM_GLOBAL_STATUS_OK;
    3426:	4b0c      	ldr	r3, [pc, #48]	@ (3458 <Wdgm_Init+0xe8>)
    3428:	2201      	movs	r2, #1
    342a:	701a      	strb	r2, [r3, #0]
    Wdgm_Initialized = TRUE;
    342c:	4b0b      	ldr	r3, [pc, #44]	@ (345c <Wdgm_Init+0xec>)
    342e:	2201      	movs	r2, #1
    3430:	701a      	strb	r2, [r3, #0]
}
    3432:	3710      	adds	r7, #16
    3434:	46bd      	mov	sp, r7
    3436:	bd80      	pop	{r7, pc}
    3438:	1fff8298 	.word	0x1fff8298
    343c:	1fff829c 	.word	0x1fff829c
    3440:	1fff82dc 	.word	0x1fff82dc
    3444:	1fff82e4 	.word	0x1fff82e4
    3448:	1fff82ec 	.word	0x1fff82ec
    344c:	1fff8148 	.word	0x1fff8148
    3450:	1fff82f0 	.word	0x1fff82f0
    3454:	1fff8296 	.word	0x1fff8296
    3458:	1fff8295 	.word	0x1fff8295
    345c:	1fff8294 	.word	0x1fff8294

00003460 <Wdgm_DeInit>:
/**
 * @brief Deinitialize Watchdog Manager
 * SWS_Wdgm_00002
 */
void Wdgm_DeInit(void)
{
    3460:	b580      	push	{r7, lr}
    3462:	af00      	add	r7, sp, #0
    uint8 i;

    #if (WDGM_DEV_ERROR_DETECT == STD_ON)
    if (!Wdgm_Initialized)
    3464:	4b09      	ldr	r3, [pc, #36]	@ (348c <Wdgm_DeInit+0x2c>)
    3466:	781b      	ldrb	r3, [r3, #0]
    3468:	2b00      	cmp	r3, #0
    346a:	d106      	bne.n	347a <Wdgm_DeInit+0x1a>
    {
        (void)Det_ReportError(WDGM_MODULE_ID, 0, WDGM_SID_DEINIT, WDGM_E_NOT_INITIALIZED);
    346c:	2310      	movs	r3, #16
    346e:	2201      	movs	r2, #1
    3470:	2100      	movs	r1, #0
    3472:	200d      	movs	r0, #13
    3474:	f7fe fc2e 	bl	1cd4 <Det_ReportError>
        return;
    3478:	e006      	b.n	3488 <Wdgm_DeInit+0x28>
    }

    #if (WDGM_DEINIT_API == STD_OFF)
    (void)Det_ReportError(WDGM_MODULE_ID, 0, WDGM_SID_DEINIT, WDGM_E_NO_DEINIT);
    347a:	2315      	movs	r3, #21
    347c:	2201      	movs	r2, #1
    347e:	2100      	movs	r1, #0
    3480:	200d      	movs	r0, #13
    3482:	f7fe fc27 	bl	1cd4 <Det_ReportError>
    return;
    3486:	bf00      	nop
    }

    Wdgm_Initialized = FALSE;
    Wdgm_GlobalStatus = WDGM_GLOBAL_STATUS_DEACTIVATED;
    Wdgm_ConfigPtr = NULL;
}
    3488:	bd80      	pop	{r7, pc}
    348a:	bf00      	nop
    348c:	1fff8294 	.word	0x1fff8294

00003490 <Wdgm_GetVersionInfo>:
 * @brief Get version information
 * SWS_Wdgm_00003
 */
#if (WDGM_VERSION_INFO_API == STD_ON)
void Wdgm_GetVersionInfo(Std_VersionInfoType* VersionInfo)
{
    3490:	b580      	push	{r7, lr}
    3492:	b082      	sub	sp, #8
    3494:	af00      	add	r7, sp, #0
    3496:	6078      	str	r0, [r7, #4]
    #if (WDGM_DEV_ERROR_DETECT == STD_ON)
    if (VersionInfo == NULL)
    3498:	687b      	ldr	r3, [r7, #4]
    349a:	2b00      	cmp	r3, #0
    349c:	d106      	bne.n	34ac <Wdgm_GetVersionInfo+0x1c>
    {
        (void)Det_ReportError(WDGM_MODULE_ID, 0, WDGM_SID_GETVERSIONINFO, WDGM_E_PARAM_POINTER);
    349e:	2312      	movs	r3, #18
    34a0:	2202      	movs	r2, #2
    34a2:	2100      	movs	r1, #0
    34a4:	200d      	movs	r0, #13
    34a6:	f7fe fc15 	bl	1cd4 <Det_ReportError>
        return;
    34aa:	e00e      	b.n	34ca <Wdgm_GetVersionInfo+0x3a>
    }
    #endif

    VersionInfo->vendorID = WDGM_VENDOR_ID;
    34ac:	687b      	ldr	r3, [r7, #4]
    34ae:	225c      	movs	r2, #92	@ 0x5c
    34b0:	801a      	strh	r2, [r3, #0]
    VersionInfo->moduleID = WDGM_MODULE_ID;
    34b2:	687b      	ldr	r3, [r7, #4]
    34b4:	220d      	movs	r2, #13
    34b6:	805a      	strh	r2, [r3, #2]
    VersionInfo->sw_major_version = WDGM_SW_MAJOR_VERSION;
    34b8:	687b      	ldr	r3, [r7, #4]
    34ba:	2201      	movs	r2, #1
    34bc:	711a      	strb	r2, [r3, #4]
    VersionInfo->sw_minor_version = WDGM_SW_MINOR_VERSION;
    34be:	687b      	ldr	r3, [r7, #4]
    34c0:	2200      	movs	r2, #0
    34c2:	715a      	strb	r2, [r3, #5]
    VersionInfo->sw_patch_version = WDGM_SW_PATCH_VERSION;
    34c4:	687b      	ldr	r3, [r7, #4]
    34c6:	2200      	movs	r2, #0
    34c8:	719a      	strb	r2, [r3, #6]
}
    34ca:	3708      	adds	r7, #8
    34cc:	46bd      	mov	sp, r7
    34ce:	bd80      	pop	{r7, pc}

000034d0 <Wdgm_SetMode>:
/**
 * @brief Set Watchdog Manager mode
 * SWS_Wdgm_00004
 */
Std_ReturnType Wdgm_SetMode(WdgIf_ModeType Mode)
{
    34d0:	b580      	push	{r7, lr}
    34d2:	b084      	sub	sp, #16
    34d4:	af00      	add	r7, sp, #0
    34d6:	4603      	mov	r3, r0
    34d8:	71fb      	strb	r3, [r7, #7]
    Std_ReturnType result = E_NOT_OK;
    34da:	2301      	movs	r3, #1
    34dc:	73fb      	strb	r3, [r7, #15]

    #if (WDGM_DEV_ERROR_DETECT == STD_ON)
    if (!Wdgm_Initialized)
    34de:	4b15      	ldr	r3, [pc, #84]	@ (3534 <Wdgm_SetMode+0x64>)
    34e0:	781b      	ldrb	r3, [r3, #0]
    34e2:	2b00      	cmp	r3, #0
    34e4:	d107      	bne.n	34f6 <Wdgm_SetMode+0x26>
    {
        (void)Det_ReportError(WDGM_MODULE_ID, 0, WDGM_SID_SETMODE, WDGM_E_NOT_INITIALIZED);
    34e6:	2310      	movs	r3, #16
    34e8:	2203      	movs	r2, #3
    34ea:	2100      	movs	r1, #0
    34ec:	200d      	movs	r0, #13
    34ee:	f7fe fbf1 	bl	1cd4 <Det_ReportError>
        return E_NOT_OK;
    34f2:	2301      	movs	r3, #1
    34f4:	e019      	b.n	352a <Wdgm_SetMode+0x5a>
    }

    #if (WDGM_OFF_MODE_ENABLED == STD_OFF)
    if (Mode == WDGIF_OFF_MODE)
    34f6:	79fb      	ldrb	r3, [r7, #7]
    34f8:	2b00      	cmp	r3, #0
    34fa:	d101      	bne.n	3500 <Wdgm_SetMode+0x30>
    {
        return E_NOT_OK;
    34fc:	2301      	movs	r3, #1
    34fe:	e014      	b.n	352a <Wdgm_SetMode+0x5a>
    }
    #endif
    #endif

    result = WdgIf_SetMode(0, Mode);
    3500:	79fb      	ldrb	r3, [r7, #7]
    3502:	4619      	mov	r1, r3
    3504:	2000      	movs	r0, #0
    3506:	f000 fa4f 	bl	39a8 <WdgIf_SetMode>
    350a:	4603      	mov	r3, r0
    350c:	73fb      	strb	r3, [r7, #15]

    if (result == E_OK)
    350e:	7bfb      	ldrb	r3, [r7, #15]
    3510:	2b00      	cmp	r3, #0
    3512:	d103      	bne.n	351c <Wdgm_SetMode+0x4c>
    {
        Wdgm_CurrentMode = Mode;
    3514:	4a08      	ldr	r2, [pc, #32]	@ (3538 <Wdgm_SetMode+0x68>)
    3516:	79fb      	ldrb	r3, [r7, #7]
    3518:	7013      	strb	r3, [r2, #0]
    351a:	e005      	b.n	3528 <Wdgm_SetMode+0x58>
    }
    else
    {
        #if (WDGM_DEV_ERROR_DETECT == STD_ON)
        (void)Det_ReportRuntimeError(WDGM_MODULE_ID, 0, WDGM_SID_SETMODE, WDGM_E_SET_MODE);
    351c:	2320      	movs	r3, #32
    351e:	2203      	movs	r2, #3
    3520:	2100      	movs	r1, #0
    3522:	200d      	movs	r0, #13
    3524:	f7fe fc08 	bl	1d38 <Det_ReportRuntimeError>
        #endif
    }

    return result;
    3528:	7bfb      	ldrb	r3, [r7, #15]
}
    352a:	4618      	mov	r0, r3
    352c:	3710      	adds	r7, #16
    352e:	46bd      	mov	sp, r7
    3530:	bd80      	pop	{r7, pc}
    3532:	bf00      	nop
    3534:	1fff8294 	.word	0x1fff8294
    3538:	1fff8296 	.word	0x1fff8296

0000353c <Wdgm_GetMode>:
/**
 * @brief Get current Watchdog Manager mode
 * SWS_Wdgm_00020
 */
WdgIf_ModeType Wdgm_GetMode(void)
{
    353c:	b580      	push	{r7, lr}
    353e:	af00      	add	r7, sp, #0
    #if (WDGM_DEV_ERROR_DETECT == STD_ON)
    if (!Wdgm_Initialized)
    3540:	4b07      	ldr	r3, [pc, #28]	@ (3560 <Wdgm_GetMode+0x24>)
    3542:	781b      	ldrb	r3, [r3, #0]
    3544:	2b00      	cmp	r3, #0
    3546:	d107      	bne.n	3558 <Wdgm_GetMode+0x1c>
    {
        (void)Det_ReportError(WDGM_MODULE_ID, 0, WDGM_SID_GETMODE, WDGM_E_NOT_INITIALIZED);
    3548:	2310      	movs	r3, #16
    354a:	220b      	movs	r2, #11
    354c:	2100      	movs	r1, #0
    354e:	200d      	movs	r0, #13
    3550:	f7fe fbc0 	bl	1cd4 <Det_ReportError>
        return WDGIF_OFF_MODE;
    3554:	2300      	movs	r3, #0
    3556:	e001      	b.n	355c <Wdgm_GetMode+0x20>
    }
    #endif

    return Wdgm_CurrentMode;
    3558:	4b02      	ldr	r3, [pc, #8]	@ (3564 <Wdgm_GetMode+0x28>)
    355a:	781b      	ldrb	r3, [r3, #0]
}
    355c:	4618      	mov	r0, r3
    355e:	bd80      	pop	{r7, pc}
    3560:	1fff8294 	.word	0x1fff8294
    3564:	1fff8296 	.word	0x1fff8296

00003568 <Wdgm_CheckpointReached>:
 * @brief Report checkpoint reached
 * SWS_Wdgm_00010
 */
Std_ReturnType Wdgm_CheckpointReached(Wdgm_SupervisedEntityIdType SEID,
                                       Wdgm_CheckpointIdType CheckpointID)
{
    3568:	b580      	push	{r7, lr}
    356a:	b082      	sub	sp, #8
    356c:	af00      	add	r7, sp, #0
    356e:	4603      	mov	r3, r0
    3570:	460a      	mov	r2, r1
    3572:	80fb      	strh	r3, [r7, #6]
    3574:	4613      	mov	r3, r2
    3576:	80bb      	strh	r3, [r7, #4]
    #if (WDGM_DEV_ERROR_DETECT == STD_ON)
    if (!Wdgm_Initialized)
    3578:	4b21      	ldr	r3, [pc, #132]	@ (3600 <Wdgm_CheckpointReached+0x98>)
    357a:	781b      	ldrb	r3, [r3, #0]
    357c:	2b00      	cmp	r3, #0
    357e:	d108      	bne.n	3592 <Wdgm_CheckpointReached+0x2a>
    {
        (void)Det_ReportError(WDGM_MODULE_ID, SEID, WDGM_SID_CHECKPOINTREACHED, WDGM_E_NOT_INITIALIZED);
    3580:	88fb      	ldrh	r3, [r7, #6]
    3582:	b2d9      	uxtb	r1, r3
    3584:	2310      	movs	r3, #16
    3586:	220e      	movs	r2, #14
    3588:	200d      	movs	r0, #13
    358a:	f7fe fba3 	bl	1cd4 <Det_ReportError>
        return E_NOT_OK;
    358e:	2301      	movs	r3, #1
    3590:	e032      	b.n	35f8 <Wdgm_CheckpointReached+0x90>
    }

    if (!Wdgm_IsValidSEID(SEID))
    3592:	88fb      	ldrh	r3, [r7, #6]
    3594:	4618      	mov	r0, r3
    3596:	f7ff fe13 	bl	31c0 <Wdgm_IsValidSEID>
    359a:	4603      	mov	r3, r0
    359c:	2b00      	cmp	r3, #0
    359e:	d108      	bne.n	35b2 <Wdgm_CheckpointReached+0x4a>
    {
        (void)Det_ReportError(WDGM_MODULE_ID, SEID, WDGM_SID_CHECKPOINTREACHED, WDGM_E_PARAM_SEID);
    35a0:	88fb      	ldrh	r3, [r7, #6]
    35a2:	b2d9      	uxtb	r1, r3
    35a4:	2314      	movs	r3, #20
    35a6:	220e      	movs	r2, #14
    35a8:	200d      	movs	r0, #13
    35aa:	f7fe fb93 	bl	1cd4 <Det_ReportError>
        return E_NOT_OK;
    35ae:	2301      	movs	r3, #1
    35b0:	e022      	b.n	35f8 <Wdgm_CheckpointReached+0x90>
    }
    #endif

    if (Wdgm_Entities[SEID].IsInitialized)
    35b2:	88fb      	ldrh	r3, [r7, #6]
    35b4:	4a13      	ldr	r2, [pc, #76]	@ (3604 <Wdgm_CheckpointReached+0x9c>)
    35b6:	011b      	lsls	r3, r3, #4
    35b8:	4413      	add	r3, r2
    35ba:	330c      	adds	r3, #12
    35bc:	781b      	ldrb	r3, [r3, #0]
    35be:	2b00      	cmp	r3, #0
    35c0:	d019      	beq.n	35f6 <Wdgm_CheckpointReached+0x8e>
    {
        #if (WDGM_ALIVE_MONITORING == STD_ON)
        /* Increment alive counter */
        Wdgm_AliveCounters[SEID]++;
    35c2:	88fb      	ldrh	r3, [r7, #6]
    35c4:	4a10      	ldr	r2, [pc, #64]	@ (3608 <Wdgm_CheckpointReached+0xa0>)
    35c6:	f832 2013 	ldrh.w	r2, [r2, r3, lsl #1]
    35ca:	3201      	adds	r2, #1
    35cc:	b291      	uxth	r1, r2
    35ce:	4a0e      	ldr	r2, [pc, #56]	@ (3608 <Wdgm_CheckpointReached+0xa0>)
    35d0:	f822 1013 	strh.w	r1, [r2, r3, lsl #1]
        #endif

        /* If entity was deactivated, activate it */
        if (Wdgm_Entities[SEID].LocalStatus == WDGM_LOCAL_STATUS_DEACTIVATED)
    35d4:	88fb      	ldrh	r3, [r7, #6]
    35d6:	4a0b      	ldr	r2, [pc, #44]	@ (3604 <Wdgm_CheckpointReached+0x9c>)
    35d8:	011b      	lsls	r3, r3, #4
    35da:	4413      	add	r3, r2
    35dc:	3302      	adds	r3, #2
    35de:	781b      	ldrb	r3, [r3, #0]
    35e0:	2b00      	cmp	r3, #0
    35e2:	d106      	bne.n	35f2 <Wdgm_CheckpointReached+0x8a>
        {
            Wdgm_Entities[SEID].LocalStatus = WDGM_LOCAL_STATUS_OK;
    35e4:	88fb      	ldrh	r3, [r7, #6]
    35e6:	4a07      	ldr	r2, [pc, #28]	@ (3604 <Wdgm_CheckpointReached+0x9c>)
    35e8:	011b      	lsls	r3, r3, #4
    35ea:	4413      	add	r3, r2
    35ec:	3302      	adds	r3, #2
    35ee:	2201      	movs	r2, #1
    35f0:	701a      	strb	r2, [r3, #0]
        }

        return E_OK;
    35f2:	2300      	movs	r3, #0
    35f4:	e000      	b.n	35f8 <Wdgm_CheckpointReached+0x90>
    }

    return E_NOT_OK;
    35f6:	2301      	movs	r3, #1
}
    35f8:	4618      	mov	r0, r3
    35fa:	3708      	adds	r7, #8
    35fc:	46bd      	mov	sp, r7
    35fe:	bd80      	pop	{r7, pc}
    3600:	1fff8294 	.word	0x1fff8294
    3604:	1fff829c 	.word	0x1fff829c
    3608:	1fff82dc 	.word	0x1fff82dc

0000360c <Wdgm_GetLocalStatus>:
/**
 * @brief Get local supervision status
 * SWS_Wdgm_00013
 */
Wdgm_LocalStatusType Wdgm_GetLocalStatus(Wdgm_SupervisedEntityIdType SEID)
{
    360c:	b580      	push	{r7, lr}
    360e:	b082      	sub	sp, #8
    3610:	af00      	add	r7, sp, #0
    3612:	4603      	mov	r3, r0
    3614:	80fb      	strh	r3, [r7, #6]
    #if (WDGM_DEV_ERROR_DETECT == STD_ON)
    if (!Wdgm_Initialized)
    3616:	4b13      	ldr	r3, [pc, #76]	@ (3664 <Wdgm_GetLocalStatus+0x58>)
    3618:	781b      	ldrb	r3, [r3, #0]
    361a:	2b00      	cmp	r3, #0
    361c:	d108      	bne.n	3630 <Wdgm_GetLocalStatus+0x24>
    {
        (void)Det_ReportError(WDGM_MODULE_ID, SEID, WDGM_SID_GETLOCALSTATUS, WDGM_E_NOT_INITIALIZED);
    361e:	88fb      	ldrh	r3, [r7, #6]
    3620:	b2d9      	uxtb	r1, r3
    3622:	2310      	movs	r3, #16
    3624:	220c      	movs	r2, #12
    3626:	200d      	movs	r0, #13
    3628:	f7fe fb54 	bl	1cd4 <Det_ReportError>
        return WDGM_LOCAL_STATUS_DEACTIVATED;
    362c:	2300      	movs	r3, #0
    362e:	e015      	b.n	365c <Wdgm_GetLocalStatus+0x50>
    }

    if (!Wdgm_IsValidSEID(SEID))
    3630:	88fb      	ldrh	r3, [r7, #6]
    3632:	4618      	mov	r0, r3
    3634:	f7ff fdc4 	bl	31c0 <Wdgm_IsValidSEID>
    3638:	4603      	mov	r3, r0
    363a:	2b00      	cmp	r3, #0
    363c:	d108      	bne.n	3650 <Wdgm_GetLocalStatus+0x44>
    {
        (void)Det_ReportError(WDGM_MODULE_ID, SEID, WDGM_SID_GETLOCALSTATUS, WDGM_E_PARAM_SEID);
    363e:	88fb      	ldrh	r3, [r7, #6]
    3640:	b2d9      	uxtb	r1, r3
    3642:	2314      	movs	r3, #20
    3644:	220c      	movs	r2, #12
    3646:	200d      	movs	r0, #13
    3648:	f7fe fb44 	bl	1cd4 <Det_ReportError>
        return WDGM_LOCAL_STATUS_DEACTIVATED;
    364c:	2300      	movs	r3, #0
    364e:	e005      	b.n	365c <Wdgm_GetLocalStatus+0x50>
    }
    #endif

    return Wdgm_Entities[SEID].LocalStatus;
    3650:	88fb      	ldrh	r3, [r7, #6]
    3652:	4a05      	ldr	r2, [pc, #20]	@ (3668 <Wdgm_GetLocalStatus+0x5c>)
    3654:	011b      	lsls	r3, r3, #4
    3656:	4413      	add	r3, r2
    3658:	3302      	adds	r3, #2
    365a:	781b      	ldrb	r3, [r3, #0]
}
    365c:	4618      	mov	r0, r3
    365e:	3708      	adds	r7, #8
    3660:	46bd      	mov	sp, r7
    3662:	bd80      	pop	{r7, pc}
    3664:	1fff8294 	.word	0x1fff8294
    3668:	1fff829c 	.word	0x1fff829c

0000366c <Wdgm_GetGlobalStatus>:
/**
 * @brief Get global supervision status
 * SWS_Wdgm_00014
 */
Wdgm_GlobalStatusType Wdgm_GetGlobalStatus(void)
{
    366c:	b580      	push	{r7, lr}
    366e:	af00      	add	r7, sp, #0
    #if (WDGM_DEV_ERROR_DETECT == STD_ON)
    if (!Wdgm_Initialized)
    3670:	4b07      	ldr	r3, [pc, #28]	@ (3690 <Wdgm_GetGlobalStatus+0x24>)
    3672:	781b      	ldrb	r3, [r3, #0]
    3674:	2b00      	cmp	r3, #0
    3676:	d107      	bne.n	3688 <Wdgm_GetGlobalStatus+0x1c>
    {
        (void)Det_ReportError(WDGM_MODULE_ID, 0, WDGM_SID_GETGLOBALSTATUS, WDGM_E_NOT_INITIALIZED);
    3678:	2310      	movs	r3, #16
    367a:	220d      	movs	r2, #13
    367c:	2100      	movs	r1, #0
    367e:	200d      	movs	r0, #13
    3680:	f7fe fb28 	bl	1cd4 <Det_ReportError>
        return WDGM_GLOBAL_STATUS_DEACTIVATED;
    3684:	2300      	movs	r3, #0
    3686:	e001      	b.n	368c <Wdgm_GetGlobalStatus+0x20>
    }
    #endif

    return Wdgm_GlobalStatus;
    3688:	4b02      	ldr	r3, [pc, #8]	@ (3694 <Wdgm_GetGlobalStatus+0x28>)
    368a:	781b      	ldrb	r3, [r3, #0]
}
    368c:	4618      	mov	r0, r3
    368e:	bd80      	pop	{r7, pc}
    3690:	1fff8294 	.word	0x1fff8294
    3694:	1fff8295 	.word	0x1fff8295

00003698 <Wdgm_PerformReset>:
/**
 * @brief Perform reset
 * SWS_Wdgm_00015
 */
void Wdgm_PerformReset(void)
{
    3698:	b580      	push	{r7, lr}
    369a:	af00      	add	r7, sp, #0
    /* Trigger watchdog timeout to reset system */
    Wdgm_GlobalStatus = WDGM_GLOBAL_STATUS_EXPIRED;
    369c:	4b05      	ldr	r3, [pc, #20]	@ (36b4 <Wdgm_PerformReset+0x1c>)
    369e:	2203      	movs	r2, #3
    36a0:	701a      	strb	r2, [r3, #0]

    #if (WDGM_DEV_ERROR_DETECT == STD_ON)
    /* Report runtime error */
    (void)Det_ReportRuntimeError(WDGM_MODULE_ID, 0, WDGM_SID_PERFORMRESET, WDGM_E_DATA_CORRUPT);
    36a2:	2321      	movs	r3, #33	@ 0x21
    36a4:	220f      	movs	r2, #15
    36a6:	2100      	movs	r1, #0
    36a8:	200d      	movs	r0, #13
    36aa:	f7fe fb45 	bl	1d38 <Det_ReportRuntimeError>
    #endif

    /* Stop triggering watchdog - reset will occur on next timeout */
}
    36ae:	bf00      	nop
    36b0:	bd80      	pop	{r7, pc}
    36b2:	bf00      	nop
    36b4:	1fff8295 	.word	0x1fff8295

000036b8 <Wdgm_GetFirstExpiredSEID>:
/**
 * @brief Get first expired SEID
 * SWS_Wdgm_00016
 */
Wdgm_SupervisedEntityIdType Wdgm_GetFirstExpiredSEID(void)
{
    36b8:	b580      	push	{r7, lr}
    36ba:	af00      	add	r7, sp, #0
    #if (WDGM_DEV_ERROR_DETECT == STD_ON)
    if (!Wdgm_Initialized)
    36bc:	4b08      	ldr	r3, [pc, #32]	@ (36e0 <Wdgm_GetFirstExpiredSEID+0x28>)
    36be:	781b      	ldrb	r3, [r3, #0]
    36c0:	2b00      	cmp	r3, #0
    36c2:	d108      	bne.n	36d6 <Wdgm_GetFirstExpiredSEID+0x1e>
    {
        (void)Det_ReportError(WDGM_MODULE_ID, 0, WDGM_SID_GETFIRSTEXPIREDSEID, WDGM_E_NOT_INITIALIZED);
    36c4:	2310      	movs	r3, #16
    36c6:	2210      	movs	r2, #16
    36c8:	2100      	movs	r1, #0
    36ca:	200d      	movs	r0, #13
    36cc:	f7fe fb02 	bl	1cd4 <Det_ReportError>
        return 0xFFFF;
    36d0:	f64f 73ff 	movw	r3, #65535	@ 0xffff
    36d4:	e001      	b.n	36da <Wdgm_GetFirstExpiredSEID+0x22>
    }
    #endif

    return Wdgm_FirstExpiredSEID;
    36d6:	4b03      	ldr	r3, [pc, #12]	@ (36e4 <Wdgm_GetFirstExpiredSEID+0x2c>)
    36d8:	881b      	ldrh	r3, [r3, #0]
}
    36da:	4618      	mov	r0, r3
    36dc:	bd80      	pop	{r7, pc}
    36de:	bf00      	nop
    36e0:	1fff8294 	.word	0x1fff8294
    36e4:	1fff8148 	.word	0x1fff8148

000036e8 <Wdgm_MainFunction>:
/**
 * @brief Main function - cyclic supervision
 * SWS_Wdgm_00017
 */
void Wdgm_MainFunction(void)
{
    36e8:	b580      	push	{r7, lr}
    36ea:	b082      	sub	sp, #8
    36ec:	af00      	add	r7, sp, #0
    uint8 i;

    if (!Wdgm_Initialized)
    36ee:	4b10      	ldr	r3, [pc, #64]	@ (3730 <Wdgm_MainFunction+0x48>)
    36f0:	781b      	ldrb	r3, [r3, #0]
    36f2:	2b00      	cmp	r3, #0
    36f4:	d017      	beq.n	3726 <Wdgm_MainFunction+0x3e>
    {
        return;
    }

    Wdgm_CycleCounter++;
    36f6:	4b0f      	ldr	r3, [pc, #60]	@ (3734 <Wdgm_MainFunction+0x4c>)
    36f8:	681b      	ldr	r3, [r3, #0]
    36fa:	3301      	adds	r3, #1
    36fc:	4a0d      	ldr	r2, [pc, #52]	@ (3734 <Wdgm_MainFunction+0x4c>)
    36fe:	6013      	str	r3, [r2, #0]

    /* Perform alive supervision for all entities */
    #if (WDGM_ALIVE_MONITORING == STD_ON)
    for (i = 0; i < WDGM_MAX_SUPERVISED_ENTITIES; i++)
    3700:	2300      	movs	r3, #0
    3702:	71fb      	strb	r3, [r7, #7]
    3704:	e007      	b.n	3716 <Wdgm_MainFunction+0x2e>
    {
        Wdgm_CheckAliveSupervision(i);
    3706:	79fb      	ldrb	r3, [r7, #7]
    3708:	b29b      	uxth	r3, r3
    370a:	4618      	mov	r0, r3
    370c:	f7ff fdc0 	bl	3290 <Wdgm_CheckAliveSupervision>
    for (i = 0; i < WDGM_MAX_SUPERVISED_ENTITIES; i++)
    3710:	79fb      	ldrb	r3, [r7, #7]
    3712:	3301      	adds	r3, #1
    3714:	71fb      	strb	r3, [r7, #7]
    3716:	79fb      	ldrb	r3, [r7, #7]
    3718:	2b03      	cmp	r3, #3
    371a:	d9f4      	bls.n	3706 <Wdgm_MainFunction+0x1e>
    }
    #endif

    /* Update global status */
    Wdgm_UpdateGlobalStatus();
    371c:	f7ff fd60 	bl	31e0 <Wdgm_UpdateGlobalStatus>

    /* Trigger watchdog based on global status */
    Wdgm_TriggerWatchdog();
    3720:	f7ff fe14 	bl	334c <Wdgm_TriggerWatchdog>
    3724:	e000      	b.n	3728 <Wdgm_MainFunction+0x40>
        return;
    3726:	bf00      	nop
}
    3728:	3708      	adds	r7, #8
    372a:	46bd      	mov	sp, r7
    372c:	bd80      	pop	{r7, pc}
    372e:	bf00      	nop
    3730:	1fff8294 	.word	0x1fff8294
    3734:	1fff82f0 	.word	0x1fff82f0

00003738 <pxPortInitialiseStack>:

    /* Offset to make stack aligned to 8 bytes */
    pxTopOfStack--;

    /* Auto-saved registers (from hardware) */
    *pxTopOfStack = portINITIAL_XPSR;           /* xPSR — Thumb bit */
    3738:	f04f 7380 	mov.w	r3, #16777216	@ 0x1000000
    373c:	f840 3c04 	str.w	r3, [r0, #-4]
    pxTopOfStack--;
    *pxTopOfStack = ((StackType_t) pxCode);     /* PC — entry point */
    3740:	f840 1c08 	str.w	r1, [r0, #-8]
    pxTopOfStack--;
    *pxTopOfStack = 0xFFFFFFFDUL;               /* LR — return to thread mode (main stack) */
    3744:	f06f 0302 	mvn.w	r3, #2
    3748:	f840 3c0c 	str.w	r3, [r0, #-12]
    pxTopOfStack--;
    *pxTopOfStack = 0x12121212UL;               /* R12 */
    374c:	f04f 3312 	mov.w	r3, #303174162	@ 0x12121212
    3750:	f840 3c10 	str.w	r3, [r0, #-16]
    pxTopOfStack--;
    *pxTopOfStack = 0x03030303UL;               /* R3 */
    3754:	f04f 3303 	mov.w	r3, #50529027	@ 0x3030303
    3758:	f840 3c14 	str.w	r3, [r0, #-20]
    pxTopOfStack--;
    *pxTopOfStack = 0x02020202UL;               /* R2 */
    375c:	f04f 3302 	mov.w	r3, #33686018	@ 0x2020202
    3760:	f840 3c18 	str.w	r3, [r0, #-24]
    pxTopOfStack--;
    *pxTopOfStack = 0x01010101UL;               /* R1 */
    3764:	f04f 3301 	mov.w	r3, #16843009	@ 0x1010101
    3768:	f840 3c1c 	str.w	r3, [r0, #-28]
    pxTopOfStack--;
    *pxTopOfStack = ((StackType_t) pvParameters);   /* R0 — task param */
    376c:	f840 2c20 	str.w	r2, [r0, #-32]
    pxTopOfStack--;

    /* Callee-saved registers (manually saved) R4-R11 */
    *pxTopOfStack = 0x04040404UL;               /* R4 */
    3770:	f04f 3304 	mov.w	r3, #67372036	@ 0x4040404
    3774:	f840 3c24 	str.w	r3, [r0, #-36]
    pxTopOfStack--;
    *pxTopOfStack = 0x05050505UL;               /* R5 */
    3778:	f04f 3305 	mov.w	r3, #84215045	@ 0x5050505
    377c:	f840 3c28 	str.w	r3, [r0, #-40]
    pxTopOfStack--;
    *pxTopOfStack = 0x06060606UL;               /* R6 */
    3780:	f04f 3306 	mov.w	r3, #101058054	@ 0x6060606
    3784:	f840 3c2c 	str.w	r3, [r0, #-44]
    pxTopOfStack--;
    *pxTopOfStack = 0x07070707UL;               /* R7 */
    3788:	f04f 3307 	mov.w	r3, #117901063	@ 0x7070707
    378c:	f840 3c30 	str.w	r3, [r0, #-48]
    pxTopOfStack--;
    *pxTopOfStack = 0x08080808UL;               /* R8 */
    3790:	f04f 3308 	mov.w	r3, #134744072	@ 0x8080808
    3794:	f840 3c34 	str.w	r3, [r0, #-52]
    pxTopOfStack--;
    *pxTopOfStack = 0x09090909UL;               /* R9 */
    3798:	f04f 3309 	mov.w	r3, #151587081	@ 0x9090909
    379c:	f840 3c38 	str.w	r3, [r0, #-56]
    pxTopOfStack--;
    *pxTopOfStack = 0x10101010UL;               /* R10 */
    37a0:	f04f 3310 	mov.w	r3, #269488144	@ 0x10101010
    37a4:	f840 3c3c 	str.w	r3, [r0, #-60]
    pxTopOfStack--;
    *pxTopOfStack = 0x11111111UL;               /* R11 */
    37a8:	f04f 3311 	mov.w	r3, #286331153	@ 0x11111111
    37ac:	f840 3c40 	str.w	r3, [r0, #-64]
    pxTopOfStack--;
    37b0:	f1a0 0344 	sub.w	r3, r0, #68	@ 0x44

    /* FPU registers S16-S31 + FPSCR — if FPU enabled */
    #if (portFPU_ENABLED == 1)
    {
        uint32 i;
        for (i = 0; i < 16; i++) {
    37b4:	f1a0 0184 	sub.w	r1, r0, #132	@ 0x84
            *pxTopOfStack = 0x00000000UL;       /* S16..S31 = 0 */
    37b8:	2200      	movs	r2, #0
    37ba:	f843 2904 	str.w	r2, [r3], #-4
        for (i = 0; i < 16; i++) {
    37be:	4299      	cmp	r1, r3
    37c0:	d1fb      	bne.n	37ba <pxPortInitialiseStack+0x82>
            pxTopOfStack--;
        }
        *pxTopOfStack = 0x00000000UL;           /* FPSCR = 0 (default rounding, no exceptions) */
    37c2:	2300      	movs	r3, #0
    37c4:	f840 3c84 	str.w	r3, [r0, #-132]
    /* Store a marker for the initial FPU state in the top of the EXC_RETURN */
    /* This will be used by xPortPendSVHandler */

    /* Return the adjusted stack pointer */
    return pxTopOfStack;
}
    37c8:	3888      	subs	r0, #136	@ 0x88
    37ca:	4770      	bx	lr

000037cc <xPortStartScheduler>:
 * Start Scheduler
 * ========================================================================= */
BaseType_t xPortStartScheduler(void)
{
    /* Configure PendSV and SysTick priorities */
    portNVIC_SYSPRI2_REG |= portNVIC_SVC_PRI;
    37cc:	f04f 23e0 	mov.w	r3, #3758153728	@ 0xe000e000
    37d0:	f8d3 2d20 	ldr.w	r2, [r3, #3360]	@ 0xd20
    37d4:	f042 02f0 	orr.w	r2, r2, #240	@ 0xf0
    37d8:	f8c3 2d20 	str.w	r2, [r3, #3360]	@ 0xd20
    portNVIC_SHPR3_REG |= (portNVIC_PENDSV_PRI << 16UL);
    37dc:	f8d3 2d24 	ldr.w	r2, [r3, #3364]	@ 0xd24
    37e0:	f442 0270 	orr.w	r2, r2, #15728640	@ 0xf00000
    37e4:	f8c3 2d24 	str.w	r2, [r3, #3364]	@ 0xd24
    portNVIC_SHPR3_REG |= (portNVIC_SYSTICK_PRI_VAL << 24UL);
    37e8:	f8d3 2d24 	ldr.w	r2, [r3, #3364]	@ 0xd24
    37ec:	f042 42a0 	orr.w	r2, r2, #1342177280	@ 0x50000000
    37f0:	f8c3 2d24 	str.w	r2, [r3, #3364]	@ 0xd24

    /* Reset critical nesting counter */
    uxCriticalNesting = 0;
    37f4:	2000      	movs	r0, #0
    37f6:	4a0e      	ldr	r2, [pc, #56]	@ (3830 <xPortStartScheduler+0x64>)
    37f8:	6010      	str	r0, [r2, #0]

    /* Mark scheduler as running */
    xSchedulerRunning = pdTRUE;
    37fa:	4a0e      	ldr	r2, [pc, #56]	@ (3834 <xPortStartScheduler+0x68>)
    37fc:	2101      	movs	r1, #1
    37fe:	6011      	str	r1, [r2, #0]
 * Setup Timer (SysTick)
 * ========================================================================= */
void vPortSetupTimerInterrupt(void)
{
    /* Stop and clear timer */
    portNVIC_SYSTICK_CTRL_REG = 0;
    3800:	6118      	str	r0, [r3, #16]
    portNVIC_SYSTICK_CURRENT_VALUE_REG = 0;
    3802:	6198      	str	r0, [r3, #24]

    /* Set reload value for 1ms tick */
    portNVIC_SYSTICK_LOAD_REG = (configCPU_CLOCK_HZ / configTICK_RATE_HZ) - 1UL;
    3804:	4a0c      	ldr	r2, [pc, #48]	@ (3838 <xPortStartScheduler+0x6c>)
    3806:	615a      	str	r2, [r3, #20]

    /* Enable: SysTick, interrupt, use processor clock */
    portNVIC_SYSTICK_CTRL_REG = portNVIC_SYSTICK_CLK_BIT |
    3808:	2207      	movs	r2, #7
    380a:	611a      	str	r2, [r3, #16]
        ulCPACR = *((volatile uint32*) 0xE000ED88);
    380c:	f8d3 2d88 	ldr.w	r2, [r3, #3464]	@ 0xd88
    3810:	9201      	str	r2, [sp, #4]
        ulCPACR |= (0xFUL << 20UL);
    3812:	9a01      	ldr	r2, [sp, #4]
    3814:	f442 0270 	orr.w	r2, r2, #15728640	@ 0xf00000
    3818:	9201      	str	r2, [sp, #4]
        *((volatile uint32*) 0xE000ED88) = ulCPACR;
    381a:	9a01      	ldr	r2, [sp, #4]
    381c:	f8c3 2d88 	str.w	r2, [r3, #3464]	@ 0xd88
    __asm volatile(
    3820:	b662      	cpsie	i
    3822:	f3bf 8f4f 	dsb	sy
    3826:	f3bf 8f6f 	isb	sy
    382a:	df00      	svc	0
    382c:	bf00      	nop
}
    382e:	bf00      	nop
    3830:	1fff814c 	.word	0x1fff814c
    3834:	1fff82f4 	.word	0x1fff82f4
    3838:	0004e1ff 	.word	0x0004e1ff

0000383c <vPortEndScheduler>:
    xSchedulerRunning = pdFALSE;
    383c:	2300      	movs	r3, #0
    383e:	4a04      	ldr	r2, [pc, #16]	@ (3850 <vPortEndScheduler+0x14>)
    3840:	6013      	str	r3, [r2, #0]
    portNVIC_SYSTICK_CTRL_REG = 0;
    3842:	f04f 22e0 	mov.w	r2, #3758153728	@ 0xe000e000
    3846:	6113      	str	r3, [r2, #16]
    uxCriticalNesting = portNO_CRITICAL_NESTING;
    3848:	4a02      	ldr	r2, [pc, #8]	@ (3854 <vPortEndScheduler+0x18>)
    384a:	6013      	str	r3, [r2, #0]
}
    384c:	4770      	bx	lr
    384e:	bf00      	nop
    3850:	1fff82f4 	.word	0x1fff82f4
    3854:	1fff814c 	.word	0x1fff814c

00003858 <SVC_Handler>:
/* =========================================================================
 * SVC Handler — Start first task
 * ========================================================================= */
void vPortSVCHandler(void)
{
    __asm volatile(
    3858:	4b42      	ldr	r3, [pc, #264]	@ (3964 <vPortClearInterruptMask+0x8>)
    385a:	6819      	ldr	r1, [r3, #0]
    385c:	6808      	ldr	r0, [r1, #0]
    385e:	e8b0 0ff0 	ldmia.w	r0!, {r4, r5, r6, r7, r8, r9, sl, fp}
    3862:	ecb0 8a10 	vldmia	r0!, {s16-s31}
    3866:	ecb0 0a10 	vldmia	r0!, {s0-s15}
    386a:	f380 8809 	msr	PSP, r0
    386e:	f04f 0000 	mov.w	r0, #0
    3872:	f380 8811 	msr	BASEPRI, r0
    3876:	f04e 0e0d 	orr.w	lr, lr, #13
    387a:	4770      	bx	lr

0000387c <PendSV_Handler>:
/* =========================================================================
 * PendSV Handler — Context switch
 * ========================================================================= */
void xPortPendSVHandler(void)
{
    __asm volatile(
    387c:	f3ef 8009 	mrs	r0, PSP
    3880:	f3bf 8f6f 	isb	sy
    3884:	e920 0ff0 	stmdb	r0!, {r4, r5, r6, r7, r8, r9, sl, fp}
    3888:	f01e 0f10 	tst.w	lr, #16
    388c:	bf08      	it	eq
    388e:	ed20 8a10 	vstmdbeq	r0!, {s16-s31}
    3892:	4b34      	ldr	r3, [pc, #208]	@ (3964 <vPortClearInterruptMask+0x8>)
    3894:	681a      	ldr	r2, [r3, #0]
    3896:	6010      	str	r0, [r2, #0]
    3898:	b508      	push	{r3, lr}
    389a:	f04f 0050 	mov.w	r0, #80	@ 0x50
    389e:	f380 8811 	msr	BASEPRI, r0
    38a2:	f3bf 8f4f 	dsb	sy
    38a6:	f3bf 8f6f 	isb	sy
    38aa:	f7fd f87e 	bl	9aa <vTaskSwitchContext>
    38ae:	f04f 0000 	mov.w	r0, #0
    38b2:	f380 8811 	msr	BASEPRI, r0
    38b6:	e8bd 4008 	ldmia.w	sp!, {r3, lr}
    38ba:	6819      	ldr	r1, [r3, #0]
    38bc:	6808      	ldr	r0, [r1, #0]
    38be:	f01e 0f10 	tst.w	lr, #16
    38c2:	bf08      	it	eq
    38c4:	ecb0 8a10 	vldmiaeq	r0!, {s16-s31}
    38c8:	e8b0 0ff0 	ldmia.w	r0!, {r4, r5, r6, r7, r8, r9, sl, fp}
    38cc:	f380 8809 	msr	PSP, r0
    38d0:	f3bf 8f6f 	isb	sy
    38d4:	4770      	bx	lr

000038d6 <SysTick_Handler>:

/* =========================================================================
 * SysTick Handler — Increment tick count
 * ========================================================================= */
void xPortSysTickHandler(void)
{
    38d6:	b508      	push	{r3, lr}
    /* Only process if scheduler is running */
    if (xSchedulerRunning != pdTRUE) {
    38d8:	4b03      	ldr	r3, [pc, #12]	@ (38e8 <SysTick_Handler+0x12>)
    38da:	681b      	ldr	r3, [r3, #0]
    38dc:	2b01      	cmp	r3, #1
    38de:	d000      	beq.n	38e2 <SysTick_Handler+0xc>
    /* Increment the tick count */
    vTaskIncrementTick();

    /* Check for context switch — tasks.c handles xYieldPending */
    /* PendSV will fire if a task yields */
}
    38e0:	bd08      	pop	{r3, pc}
    vTaskIncrementTick();
    38e2:	f7fd f868 	bl	9b6 <vTaskIncrementTick>
    38e6:	e7fb      	b.n	38e0 <SysTick_Handler+0xa>
    38e8:	1fff82f4 	.word	0x1fff82f4

000038ec <vPortEnterCritical>:
/* =========================================================================
 * Enter Critical Section
 * ========================================================================= */
void vPortEnterCritical(void)
{
    portDISABLE_INTERRUPTS();
    38ec:	b672      	cpsid	i
    uxCriticalNesting++;
    38ee:	4a07      	ldr	r2, [pc, #28]	@ (390c <vPortEnterCritical+0x20>)
    38f0:	6813      	ldr	r3, [r2, #0]
    38f2:	3301      	adds	r3, #1
    38f4:	6013      	str	r3, [r2, #0]

    /* Must be called after scheduler has started */
    if (xSchedulerRunning == pdTRUE) {
    38f6:	4b06      	ldr	r3, [pc, #24]	@ (3910 <vPortEnterCritical+0x24>)
    38f8:	681b      	ldr	r3, [r3, #0]
    38fa:	2b01      	cmp	r3, #1
    38fc:	d000      	beq.n	3900 <vPortEnterCritical+0x14>
        __asm volatile(" dsb \n isb \n" ::: "memory");
    }
}
    38fe:	4770      	bx	lr
        __asm volatile(" dsb \n isb \n" ::: "memory");
    3900:	f3bf 8f4f 	dsb	sy
    3904:	f3bf 8f6f 	isb	sy
}
    3908:	e7f9      	b.n	38fe <vPortEnterCritical+0x12>
    390a:	bf00      	nop
    390c:	1fff814c 	.word	0x1fff814c
    3910:	1fff82f4 	.word	0x1fff82f4

00003914 <vPortExitCritical>:
/* =========================================================================
 * Exit Critical Section
 * ========================================================================= */
void vPortExitCritical(void)
{
    if (uxCriticalNesting > 0) {
    3914:	4b05      	ldr	r3, [pc, #20]	@ (392c <vPortExitCritical+0x18>)
    3916:	681b      	ldr	r3, [r3, #0]
    3918:	b11b      	cbz	r3, 3922 <vPortExitCritical+0xe>
        uxCriticalNesting--;
    391a:	4a04      	ldr	r2, [pc, #16]	@ (392c <vPortExitCritical+0x18>)
    391c:	6813      	ldr	r3, [r2, #0]
    391e:	3b01      	subs	r3, #1
    3920:	6013      	str	r3, [r2, #0]
    }

    if (uxCriticalNesting == 0) {
    3922:	4b02      	ldr	r3, [pc, #8]	@ (392c <vPortExitCritical+0x18>)
    3924:	681b      	ldr	r3, [r3, #0]
    3926:	b903      	cbnz	r3, 392a <vPortExitCritical+0x16>
        portENABLE_INTERRUPTS();
    3928:	b662      	cpsie	i
    }
}
    392a:	4770      	bx	lr
    392c:	1fff814c 	.word	0x1fff814c

00003930 <xPortIsInsideInterrupt>:
 * Check if inside interrupt
 * ========================================================================= */
BaseType_t xPortIsInsideInterrupt(void)
{
    BaseType_t xReturn;
    __asm volatile(
    3930:	f3ef 8005 	mrs	r0, IPSR
    3934:	2800      	cmp	r0, #0
    3936:	bf18      	it	ne
    3938:	2301      	movne	r3, #1
    393a:	bf08      	it	eq
    393c:	2300      	moveq	r3, #0
        : "=r" (xReturn)
        :
        : "r0"
    );
    return xReturn;
}
    393e:	4618      	mov	r0, r3
    3940:	4770      	bx	lr

00003942 <uxPortSetInterruptMask>:
 * Set/clear interrupt mask
 * ========================================================================= */
UBaseType_t uxPortSetInterruptMask(void)
{
    uint32 ulReturn;
    __asm volatile(
    3942:	f3ef 8011 	mrs	r0, BASEPRI
    3946:	f04f 0150 	mov.w	r1, #80	@ 0x50
    394a:	f381 8811 	msr	BASEPRI, r1
    394e:	f3bf 8f4f 	dsb	sy
    3952:	f3bf 8f6f 	isb	sy
    3956:	4603      	mov	r3, r0
        : "=r" (ulReturn)
        :
        : "r0", "r1"
    );
    return ulReturn;
}
    3958:	4618      	mov	r0, r3
    395a:	4770      	bx	lr

0000395c <vPortClearInterruptMask>:

void vPortClearInterruptMask(UBaseType_t ulMask)
{
    __asm volatile(
    395c:	f380 8811 	msr	BASEPRI, r0
        "   msr basepri, %0                 \n"
        :
        : "r" (ulMask)
    );
}
    3960:	4770      	bx	lr
    3962:	0000      	.short	0x0000
    3964:	1fff8154 	.word	0x1fff8154

00003968 <Mcu_Init>:
#include "Adc.h"
#include "Pwm.h"
#include "Gpt.h"
#include "Wdg.h"

Std_ReturnType Mcu_Init(const Mcu_ConfigType *ConfigPtr) { (void)ConfigPtr; return E_OK; }
    3968:	2000      	movs	r0, #0
    396a:	4770      	bx	lr

0000396c <Mcu_SetMode>:
void Mcu_SetMode(Mcu_ModeType Mode) { (void)Mode; }
    396c:	4770      	bx	lr

0000396e <Mcu_GetMode>:
Mcu_ModeType Mcu_GetMode(void) { return 0; }
    396e:	2000      	movs	r0, #0
    3970:	4770      	bx	lr

00003972 <Mcu_PerformReset>:
void Mcu_PerformReset(void) { for(;;); }
    3972:	e7fe      	b.n	3972 <Mcu_PerformReset>

00003974 <Dio_ReadChannel>:

Dio_LevelType Dio_ReadChannel(Dio_ChannelType ChannelId) { (void)ChannelId; return 0; }
    3974:	2000      	movs	r0, #0
    3976:	4770      	bx	lr

00003978 <Dio_WriteChannel>:
void Dio_WriteChannel(Dio_ChannelType ChannelId, Dio_LevelType Level) { (void)ChannelId; (void)Level; }
    3978:	4770      	bx	lr

0000397a <Dio_ReadPort>:
Dio_PortLevelType Dio_ReadPort(Dio_PortType PortId) { (void)PortId; return 0; }
    397a:	2000      	movs	r0, #0
    397c:	4770      	bx	lr

0000397e <Dio_WritePort>:
void Dio_WritePort(Dio_PortType PortId, Dio_PortLevelType Level) { (void)PortId; (void)Level; }
    397e:	4770      	bx	lr

00003980 <Port_Init>:

void Port_Init(const Port_ConfigType *ConfigPtr) { (void)ConfigPtr; }
    3980:	4770      	bx	lr

00003982 <Port_SetPinMode>:
void Port_SetPinMode(Port_PinType Pin, Port_PinModeType Mode) { (void)Pin; (void)Mode; }
    3982:	4770      	bx	lr

00003984 <Adc_Init>:

void Adc_Init(const Adc_ConfigType *ConfigPtr) { (void)ConfigPtr; }
    3984:	4770      	bx	lr

00003986 <Adc_StartGroupConversion>:
void Adc_StartGroupConversion(Adc_GroupType Group) { (void)Group; }
    3986:	4770      	bx	lr

00003988 <Adc_StopGroupConversion>:
void Adc_StopGroupConversion(Adc_GroupType Group) { (void)Group; }
    3988:	4770      	bx	lr

0000398a <Adc_ReadGroup>:
Std_ReturnType Adc_ReadGroup(Adc_GroupType Group, Adc_ValueGroupType *DataBufferPtr) { (void)Group; (void)DataBufferPtr; return E_OK; }
    398a:	2000      	movs	r0, #0
    398c:	4770      	bx	lr

0000398e <Pwm_Init>:

void Pwm_Init(const Pwm_ConfigType *ConfigPtr) { (void)ConfigPtr; }
    398e:	4770      	bx	lr

00003990 <Pwm_SetDutyCycle>:
void Pwm_SetDutyCycle(Pwm_ChannelType Channel, Pwm_DutyCycleType Duty) { (void)Channel; (void)Duty; }
    3990:	4770      	bx	lr

00003992 <Pwm_SetPeriodAndDuty>:
void Pwm_SetPeriodAndDuty(Pwm_ChannelType Channel, Pwm_PeriodType Period, Pwm_DutyCycleType Duty) { (void)Channel; (void)Period; (void)Duty; }
    3992:	4770      	bx	lr

00003994 <Pwm_StartChannel>:
void Pwm_StartChannel(Pwm_ChannelType Channel) { (void)Channel; }
    3994:	4770      	bx	lr

00003996 <Pwm_StopChannel>:
void Pwm_StopChannel(Pwm_ChannelType Channel) { (void)Channel; }
    3996:	4770      	bx	lr

00003998 <Gpt_Init>:

void Gpt_Init(const Gpt_ConfigType *ConfigPtr) { (void)ConfigPtr; }
    3998:	4770      	bx	lr

0000399a <Gpt_StartTimer>:
void Gpt_StartTimer(Gpt_ChannelType Channel, Gpt_ValueType Value) { (void)Channel; (void)Value; }
    399a:	4770      	bx	lr

0000399c <Gpt_StopTimer>:
void Gpt_StopTimer(Gpt_ChannelType Channel) { (void)Channel; }
    399c:	4770      	bx	lr

0000399e <Gpt_GetTimeElapsed>:
Gpt_ValueType Gpt_GetTimeElapsed(Gpt_ChannelType Channel) { (void)Channel; return 0; }
    399e:	2000      	movs	r0, #0
    39a0:	4770      	bx	lr

000039a2 <Gpt_EnableNotification>:
void Gpt_EnableNotification(Gpt_ChannelType Channel) { (void)Channel; }
    39a2:	4770      	bx	lr

000039a4 <Gpt_DisableNotification>:
void Gpt_DisableNotification(Gpt_ChannelType Channel) { (void)Channel; }
    39a4:	4770      	bx	lr

000039a6 <Wdg_Init>:

/* Wdg stubs (no real WdgIf_ModeType needed) */
void Wdg_Init(const Wdg_ConfigType *ConfigPtr) { (void)ConfigPtr; }
    39a6:	4770      	bx	lr

000039a8 <WdgIf_SetMode>:
Std_ReturnType WdgIf_SetMode(uint8 Device, uint8 Mode) { (void)Device; (void)Mode; return E_OK; }
    39a8:	2000      	movs	r0, #0
    39aa:	4770      	bx	lr

000039ac <WdgIf_GetVersionInfo>:
void WdgIf_GetVersionInfo(Std_VersionInfoType* VerInfo) { (void)VerInfo; }
    39ac:	4770      	bx	lr
	...

000039b0 <Reset_Handler>:
 * Reset Handler
 */
void Reset_Handler(void) __attribute__((section(".text.startup"), naked, used));
void Reset_Handler(void) {
    uint32 cpacr;
    __asm volatile("mrc p15, 0, %0, c1, c0, 2" : "=r"(cpacr));
    39b0:	ee11 3f50 			@ <UNDEFINED> instruction: 0xee113f50
    39b4:	461c      	mov	r4, r3
    cpacr |= (0xF << 20);
    39b6:	f444 0470 	orr.w	r4, r4, #15728640	@ 0xf00000
    __asm volatile("mcr p15, 0, %0, c1, c0, 2" :: "r"(cpacr));
    39ba:	ee01 4f50 			@ <UNDEFINED> instruction: 0xee014f50
    __asm volatile("dsb; isb");
    39be:	f3bf 8f4f 	dsb	sy
    39c2:	f3bf 8f6f 	isb	sy

    extern uint32 __data_load, __data_start, __data_end;
    extern uint32 __bss_start, __bss_end;
    for (uint32 *s = &__data_load, *d = &__data_start; d < &__data_end; ) *d++ = *s++;
    39c6:	4d0c      	ldr	r5, [pc, #48]	@ (39f8 <Reset_Handler+0x48>)
    39c8:	4c0c      	ldr	r4, [pc, #48]	@ (39fc <Reset_Handler+0x4c>)
    39ca:	e005      	b.n	39d8 <Reset_Handler+0x28>
    39cc:	462a      	mov	r2, r5
    39ce:	1d15      	adds	r5, r2, #4
    39d0:	4623      	mov	r3, r4
    39d2:	1d1c      	adds	r4, r3, #4
    39d4:	6812      	ldr	r2, [r2, #0]
    39d6:	601a      	str	r2, [r3, #0]
    39d8:	4b09      	ldr	r3, [pc, #36]	@ (3a00 <Reset_Handler+0x50>)
    39da:	429c      	cmp	r4, r3
    39dc:	d3f6      	bcc.n	39cc <Reset_Handler+0x1c>
    for (uint32 *d = &__bss_start; d < &__bss_end; ) *d++ = 0;
    39de:	4c09      	ldr	r4, [pc, #36]	@ (3a04 <Reset_Handler+0x54>)
    39e0:	e003      	b.n	39ea <Reset_Handler+0x3a>
    39e2:	4623      	mov	r3, r4
    39e4:	1d1c      	adds	r4, r3, #4
    39e6:	2200      	movs	r2, #0
    39e8:	601a      	str	r2, [r3, #0]
    39ea:	4b07      	ldr	r3, [pc, #28]	@ (3a08 <Reset_Handler+0x58>)
    39ec:	429c      	cmp	r4, r3
    39ee:	d3f8      	bcc.n	39e2 <Reset_Handler+0x32>

    __asm volatile("bl main" ::: "lr");
    39f0:	f7fc fe07 	bl	602 <main>
    while(1);
    39f4:	e7fe      	b.n	39f4 <Reset_Handler+0x44>
    39f6:	bf00      	nop
    39f8:	00003b04 	.word	0x00003b04
    39fc:	1fff8000 	.word	0x1fff8000
    3a00:	1fff8150 	.word	0x1fff8150
    3a04:	1fff8150 	.word	0x1fff8150
    3a08:	1fff82fc 	.word	0x1fff82fc

00003a0c <Dk_WakeupSourceConfigs>:
    3a0c:	00000001 00000064 00000001 00000032     ....d.......2...
    3a1c:	00000002 00000064 00000001 00000032     ....d.......2...
    3a2c:	00000020 00000064 00000001 00000032      ...d.......2...
    3a3c:	00000040 00000064 00000001 00000032     @...d.......2...
    3a4c:	00200000 00000064 00000001 00000032     .. .d.......2...
    3a5c:	00008000 000000c8 00000001 00000064     ............d...
    3a6c:	00010000 000000c8 00000001 00000064     ............d...

00003a7c <EcuM_Config>:
    3a7c:	00003a0c 01010107                       .:......

00003a84 <WdgM_EntityConfigs>:
    3a84:	00010000 00010005 00020001 00010002     ................
    3a94:	00000001 00000000 00000000 00000000     ................

00003aa4 <WdgM_CheckpointConfigs>:
    3aa4:	00000000 00010001 00010000 00000002     ................
    3ab4:	00030001 00010000 00000004 00000001     ................
    3ac4:	00010001 00010001 00000001 00010002     ................

00003ad4 <Wdgm_Config>:
    3ad4:	00003a84 00000000 0001000a 6154734f     .:..........OsTa
    3ae4:	00006b73 6c41734f 006d7261              sk..OsAlarm.
